_step,_timestamp,val-aux/alfworld/reward/std@2,val-aux/alfworld/reward/best@16/mean,training/epoch,response_length/mean,actor/kl_loss,prompt_length/min,timing_s/dump_rollout_generations,critic/rewards_teacher/min,diag/group_teacher_minus_on_reward_mean,val-aux/alfworld/reward/mean@1,timing_per_token_ms/gen,val-aux/alfworld/reward/worst@8/mean,global_seqlen/min,val-aux/alfworld/reward/best@16/std,actor/off_pg_loss,perf/throughput,response_length/max,val-core/alfworld/reward/best@94/std,val-aux/alfworld/reward/best@3/std,diag/exp_token_ratio,critic/rewards_sum/max,val-aux/alfworld/reward/worst@3/std,critic/rewards/max,exp_mask_ratio,val-aux/alfworld/reward/best@64/std,diag/entropy_onpolicy_token_std,val-aux/alfworld/reward/worst@94/mean,diag/teacher_adv_pos_ratio,diag/reward_teacher_mean,actor/on_pg_clipfrac_lower,val-core/alfworld/reward/mean@94,actor/on_pg_loss,response_length/clip_ratio,global_seqlen/balanced_max,prompt_length/mean,critic/rewards_teacher/mean,critic/advantages/min,val-aux/alfworld/reward/best@8/mean,critic/rewards_sum/mean,actor/grad_norm,val-aux/alfworld/reward/worst@2/mean,critic/returns/max,global_seqlen/max,actor/entropy_loss,val-aux/alfworld/reward/best@3/mean,diag/reward_onpolicy_mean,val-aux/alfworld/reward/worst@8/std,val-aux/alfworld/reward/best@32/std,diag/group_gap_count,diag/adv_onpolicy_sample_mean,luffy/tasks_with_partial_teacher,diag/adv_teacher_token_mean,actor/on_pg_clipfrac,luffy/total_onpolicy_kept,timing_s/adv,critic/returns/min,perf/mfu/actor,diag/group_teacher_minus_on_reward_std,diag/entropy_offpolicy_token_mean,actor/pg_loss,val-aux/alfworld/reward/worst@2/std,global_seqlen/mean,val-core/alfworld/reward/best@94/mean,val-aux/alfworld/reward/best@2/std,prompt_length/max,training/global_step,critic/advantages/mean,critic/score/max,diag/entropy_teacher_token_mean,timing_per_token_ms/update_actor,critic/rewards_last/mean,val-aux/alfworld/reward/best@32/mean,prompt_length/clip_ratio,perf/cpu_memory_used_gb,val-aux/alfworld/reward/worst@4/std,global_seqlen/minmax_diff,diag/entropy_onpolicy_token_mean,timing_s/reward,critic/rewards_onpolicy/max,perf/total_num_tokens,perf/time_per_step,response_length/min,diag/adv_onpolicy_token_mean,luffy/tasks_with_full_teacher,critic/rewards_last/min,timing_s/testing,critic/rewards_onpolicy/count,critic/rewards_onpolicy/mean,diag/teacher_token_ratio,critic/returns/mean,timing_per_token_ms/adv,timing_s/old_log_prob,actor/ppo_kl,val-aux/alfworld/reward/worst@94/std,val-aux/alfworld/reward/worst@32/std,timing_s/update_actor,diag/onpolicy_adv_pos_ratio,val-aux/alfworld/reward/worst@64/mean,_runtime,timing_s/ref,critic/advantages/max,perf/max_memory_reserved_gb,critic/rewards/mean,critic/rewards_last/max,critic/rewards_onpolicy/min,val-aux/alfworld/reward/std@94,val-aux/alfworld/reward/best@2/mean,luffy/onpolicy_replaced_by_teacher,val-aux/alfworld/reward/best@8/std,val-aux/alfworld/reward/mean@3,training/num_term_traj,critic/rewards_teacher/count,actor/kl_coef,timing_s/step,perf/max_memory_allocated_gb,timing_s/gen,val-aux/alfworld/reward/std@3,timing_per_token_ms/ref,val-aux/alfworld/reward/best@4/mean,critic/score/min,val-aux/alfworld/reward/worst@16/std,critic/rewards_sum/min,luffy/tasks_without_teacher,actor/lr,critic/rewards/min,val-aux/alfworld/reward/best@4/std,training/num_not_none_traj,val-aux/alfworld/reward/best@64/mean,critic/rewards_teacher/max,val-aux/alfworld/reward/mean@2,val-aux/alfworld/reward/worst@16/mean,val-aux/alfworld/reward/worst@3/mean,luffy/total_teacher_rollouts,diag/adv_teacher_sample_mean,val-aux/alfworld/reward/worst@4/mean,global_seqlen/balanced_min,val-aux/alfworld/reward/worst@64/std,critic/score/mean,val-aux/alfworld/reward/worst@32/mean,run_id,label,teacher_use_log_prob,teacher_sampling
1,1767929501.160301,,,0,4877.234375,0.01799057424068451,275,0.14936591684818268,1.0,0.6607142857142857,,0.7699341378191833,,54068,,-0.21385406330227852,305.2470903696105,10426,,,0.006900683511048555,1,,1,0.00306411599740386,,0.4128992259502411,,1.0,1.0,0,,0.30563072487711906,0.015625,83764,351.453125,1.0,-2.4748666286468506,,0.421875,2.5094375610351562,,2.4748666286468506,138242,0.12495400011539459,,0.3392857015132904,,,8.0,-0.03930147364735603,0.0,1.5434175729751587,0,56.0,0.09363780170679092,-2.4748666286468506,0.20513782005458153,0.29396567202061297,0.27703943848609924,0.09177666157484055,,83659.0,,,558,1,-0.05077376961708069,1,0.27703943848609924,0.049189792256420034,0.421875,,0.109375,218.6781997680664,,84174,0.12389721721410751,0.002721678465604782,1.0,334636,274.069770488888,540,-0.061851225793361664,8.0,0,,56.0,0.3392857015132904,0.006900683511048555,-0.05077376961708069,0.00027981986907203927,10.814730379730463,0,,,16.460675321519375,0.3392857015132904,,425.048094925,6.198365937918425,2.4748666286468506,73.001953125,0.421875,1,0.0,,,8.0,,,23,8.0,0.001,274.069770488888,55.54640340805054,240.32955158129334,,0.01852271105893695,,0,,0,0.0,1e-06,0,,64,,1.0,,,,8.0,0.2023937851190567,,83390,,0.421875,,uk74oszd,LUFFY / no_logprob / sampling=confidence,False,confidence
2,1767929646.4376876,,,0,4390.140625,0.002508756937459111,275,0.1361476071178913,1.0,0.8392857142857143,,0.47179802620998845,,70904,,-0.349849171936512,515.8509674552467,6337,,,0.012439094483852386,1,,1,0.008232982829213142,,0.4801475405693054,,1.0,1.0,0,,0.20365317538380623,0.015625,74961,293.375,1.0,-0.935412585735321,,0.265625,1.9711451530456543,,2.4748666286468506,77995,0.16957756876945496,,0.1607142835855484,,,8.0,-0.04970910772681236,0.0,1.7630982398986816,0,56.0,0.07823328301310539,-0.935412585735321,0.23694789330977045,0.15046696023529213,0.32291144132614136,-0.14619599655270576,,74936.25,,,296,2,-0.04253483563661575,1,0.32291144132614136,0.027749433724002768,0.265625,,0.875,219.97283554077148,,7091,0.16764619946479797,0.0011338964104652405,1.0,299745,145.26724718511105,681,-0.06527817994356155,8.0,0,,56.0,0.1607142835855484,0.012439094483852386,-0.04253483563661575,0.0002609994595843313,2.2305290922522545,0,,,8.31775401160121,0.1607142835855484,,731.122785647,1.932955827564001,2.4748666286468506,83.9140625,0.265625,1,0.0,,,8.0,,,11,8.0,0.001,145.26724718511105,55.54640340805054,132.56061962619424,,0.0064486674592203405,,0,,0,0.0,1e-06,0,,64,,1.0,,,,8.0,0.2951088845729828,,74927,,0.265625,,uk74oszd,LUFFY / no_logprob / sampling=confidence,False,confidence
3,1767929952.5124216,,,0,5491.1875,0.02413112483918667,275,0.16836900636553764,1.0,0.7678571428571428,,0.8230939520671079,,70025,,-0.2858216241002083,305.19851322378116,10139,,,0.012446078471839428,1,,1,0.006421474274247885,,0.42714378237724304,,1.0,1.0,0,,0.1725118812173605,0.015625,93421,346.859375,1.0,-1.20761239528656,,0.328125,1.8542338609695435,,2.4748666286468506,108325,0.1312652826309204,,0.2321428507566452,,,8.0,-0.037988077849149704,0.0,1.8505631685256958,0,56.0,0.09477301314473152,-1.20761239528656,0.23092507095821319,0.21354037041252497,0.3690771758556366,-0.11330974288284779,,93408.75,,,504,3,-0.026310916990041733,1,0.3690771758556366,0.029735894210731632,0.328125,,0.109375,220.50061416625977,,38300,0.12826815247535706,0.0018161162734031677,1.0,373635,306.05899423733354,574,-0.049965038895606995,8.0,0,,56.0,0.2321428507566452,0.012446078471839428,-0.026310916990041733,0.00025365132587881626,2.8378867097198963,0,,,11.110370833426714,0.2321428507566452,,1021.915683941,2.5653571039438248,2.4748666286468506,90.16796875,0.328125,1,0.0,,,8.0,,,15,8.0,0.001,306.05899423733354,59.5944390296936,289.26484613865614,,0.00686594431448827,,0,,0,0.0,1e-06,0,,64,,1.0,,,,8.0,0.2290792018175125,,93394,,0.328125,,uk74oszd,LUFFY / no_logprob / sampling=confidence,False,confidence
4,1767930243.3053904,,,0,6017.8125,0.019461600109934807,275,0.18046068772673607,1.0,0.8035714285714286,,0.705724456497208,,84570,,-0.190377127379179,350.93082234123193,10524,,,0.008173651061952114,1,,1,0.004475252702832222,,0.4026956856250763,,1.0,1.0,0,,0.10801305621862411,0.015625,102049,359.875,1.0,-0.935412585735321,,0.296875,1.8812907934188843,,2.4748666286468506,125721,0.1180192083120346,,0.1964285671710968,,,8.0,-0.03578701615333557,0.0,1.419340968132019,0,56.0,0.09557513147592545,-0.935412585735321,0.22647947817106032,0.1417366773784602,0.28460875153541565,-0.08236407116055489,,102043.0,,,467,4,-0.034126464277505875,1,0.28460875153541565,0.030577773892150398,0.296875,,0.21875,220.9854393005371,,41151,0.11664634943008423,0.001987095922231674,1.0,408172,290.77810640633106,1743,-0.04610450193285942,8.0,0,,56.0,0.1964285671710968,0.008173651061952114,-0.034126464277505875,0.00023415406121910727,3.2322325594723225,0,,,12.480991125106812,0.1964285671710968,,1243.27101079,2.9700520895421505,2.4748666286468506,92.568359375,0.296875,1,0.0,,,8.0,,,15,8.0,0.001,290.77810640633106,59.78001642227173,271.8027171753347,,0.007276471902879547,,0,,0,0.0,1e-06,0,,64,,1.0,,,,8.0,0.18923601508140564,,102038,,0.296875,,uk74oszd,LUFFY / no_logprob / sampling=confidence,False,confidence
5,1767930464.6605768,,,0,4942.609375,0.003940522205084562,275,0.14775176718831062,1.0,0.8214285714285714,,0.6550846980860464,,70068,,-0.02008819952607155,378.78317214418274,7015,,,0.009945404715836048,1,,1,0.006700688507407904,,0.4736996293067932,,1.0,1.0,0,,0.12448884546756744,0.015625,83841,297.421875,1.0,-2.4748666286468506,,0.28125,1.9462236166000366,,2.4748666286468506,93425,0.15810322761535645,,0.1785714328289032,,,8.0,-0.04865025356411934,0.0,2.1938507556915283,0,56.0,0.08149756863713264,-2.4748666286468506,0.24357648220440117,0.2743266338524503,0.333535760641098,0.1044006459414959,,83840.5,,,321,5,-0.03684462979435921,1,0.333535760641098,0.02745197849553546,0.28125,,0.109375,220.98268508911133,,23357,0.15634097158908844,0.0013044998049736023,1.0,335362,221.34167028963566,695,-0.059252653270959854,8.0,0,,56.0,0.1785714328289032,0.009945404715836048,-0.03684462979435921,0.0002430137243847921,2.443323891609907,0,,,9.206350412219763,0.1785714328289032,,1538.800826802,2.2270413115620613,2.4748666286468506,92.568359375,0.28125,1,0.0,,,8.0,,,13,8.0,0.001,221.34167028963566,59.78001642227173,207.2209772914648,,0.006640708582254583,,0,,0,0.0,1e-06,0,,64,,1.0,,,,8.0,0.25582751631736755,,83840,,0.28125,,uk74oszd,LUFFY / no_logprob / sampling=confidence,False,confidence
6,1767930760.1904685,,,0,5593.890625,0.00800858810544014,275,0.17956160008907318,1.0,0.5102040816326531,,0.7612387746562256,,66393,,-0.05314844474196434,324.5956249512786,12749,,,0.0044579883106052876,1,,1,0.0018532625399529934,,0.38224732875823975,,0.8571428656578064,1.0,0,,0.23976927436888218,0.015625,95940,401.296875,1.0,-2.4748666286468506,,0.484375,2.7963707447052,,2.4748666286468506,117856,0.103431835770607,,0.42105263471603394,,,7.0,-0.022280622273683548,0.0,1.0763674974441528,0,57.0,0.10297584533691406,-2.4748666286468506,0.18433165454145317,0.34873484674765437,0.24541473388671875,0.18662082962691784,,95923.0,,,707,6,-0.032539814710617065,1,0.24541473388671875,0.039578759746563046,0.484375,,0.125,221.65240478515625,,51463,0.1027960553765297,0.003000885248184204,1.0,383692,295.51538168266416,557,-0.03750544786453247,7.0,0,,57.0,0.42105263471603394,0.0044579883106052876,-0.032539814710617065,0.00026838152824899673,3.850120175629854,0,,,15.186053484678268,0.2982456088066101,,1924.776122919,3.6471191719174385,2.4748666286468506,98.5,0.484375,1,0.0,,,7.0,,,27,7.0,0.001,295.51538168266416,64.70026397705078,272.53033247590065,,0.009505330243834738,,0,,0,1.0,1e-06,0,,64,,1.0,,,,7.0,0.10553491860628128,,95914,,0.484375,,uk74oszd,LUFFY / no_logprob / sampling=confidence,False,confidence
7,1767931146.165787,,,0,6485.453125,0.004535498563200235,275,0.18374158069491386,1.0,0.7678571428571429,,0.8799984693658474,,72799,,-0.09205576777458191,285.92427836810725,10357,,,0.004905208479613066,1,,1,0.0029177749529480934,,0.3641585409641266,,1.0,1.0,0,,0.21749276481568813,0.015625,110360,411.71875,1.0,-1.6201815605163574,,0.328125,3.378964424133301,,2.4748666286468506,149102,0.09424624592065811,,0.2321428507566452,,,8.0,-0.02676488272845745,0.0,1.6111695766448975,0,56.0,0.11011988669633865,-1.6201815605163574,0.23613203389470952,0.20123977981401156,0.24224093556404114,0.12543699704110622,,110354.75,,,546,7,-0.038630612194538116,1,0.24224093556404114,0.031180093246286986,0.328125,,0.109375,221.73492813110352,,76303,0.09351672232151031,0.0019132420420646667,1.0,441419,385.9579558260739,790,-0.04676311835646629,8.0,0,,56.0,0.2321428507566452,0.004905208479613066,-0.038630612194538116,0.0002494679356718643,3.4246390648186207,0,,,13.763485580682755,0.2321428507566452,,2239.511513096,3.199330147355795,2.4748666286468506,98.5,0.328125,1,0.0,,,8.0,,,15,8.0,0.001,385.9579558260739,64.70026397705078,365.2600846812129,,0.007247830626583348,,0,,0,0.0,1e-06,0,,64,,1.0,,,,8.0,0.137359619140625,,110352,,0.328125,,uk74oszd,LUFFY / no_logprob / sampling=confidence,False,confidence
8,1767931460.9011574,,,0,6183.25,0.0065134381875395775,275,0.19238996878266335,1.0,0.7142857142857143,,0.7467648883109615,,88784,,0.0,333.67745673999093,11545,,,0.00721202464774251,1,,1,0.003687567077577114,,0.39803946018218994,,1.0,1.0,0,,0.01787177287042141,0.015625,105021,380.21875,1.0,-1.6201815605163574,,0.375,2.409961462020874,,2.4748666286468506,122386,0.1088784858584404,,0.2857142984867096,,,8.0,-0.02507743425667286,0.0,1.7209444046020508,0,56.0,0.1006515622138977,-1.6201815605163574,0.23661064355994998,0.28571428571428575,0.2333497256040573,0.01787177287042141,,105015.5,,,548,8,-0.029370542615652084,1,0.2333497256040573,0.030011550264528886,0.375,,0.109375,222.24715423583984,,33602,0.10797426104545593,0.001544307917356491,1.0,420062,314.7215908020735,1079,-0.04208555445075035,8.0,0,,56.0,0.2857142984867096,0.00721202464774251,-0.029370542615652084,0.00023961120552179845,3.2493287287652493,0,,,12.606711827218533,0.2857142984867096,,2553.795377646,3.0382147654891014,2.4748666286468506,98.5,0.375,1,0.0,,,8.0,,,18,8.0,0.001,314.7215908020735,64.70026397705078,295.5157757215202,,0.007232776984085924,,0,,0,0.0,1e-06,0,,64,,1.0,,,,8.0,0.14904403686523438,,105009,,0.375,,uk74oszd,LUFFY / no_logprob / sampling=confidence,False,confidence
9,1767931775.185056,,,0,4653.578125,0.051001641899347305,275,0.16473844274878502,1.0,0.5535714285714286,,1.0020766052882915,,27947,,-0.20923176407814026,254.2657883205229,9791,,,0.010391869582235813,1,,1,0.004713389556854963,,0.4159308075904846,,0.75,1.0,0,,0.14794278517365456,0.015625,79924,340.625,1.0,-1.20761239528656,,0.515625,1.9944822788238525,,2.4748666286468506,107440,0.12302378565073013,,0.4464285671710968,,,8.0,-0.02567058801651001,0.0,1.369859218597412,0,56.0,0.09679067134857178,-1.20761239528656,0.21210414046055506,0.36726721073577023,0.26895129680633545,-0.0612889789044857,,79907.25,,,469,9,-0.03021428920328617,1,0.26895129680633545,0.03218110805848187,0.515625,,0.109375,222.49235153198242,,79493,0.12149141728878021,0.0019502192735671997,1.0,319629,314.2666204832494,529,-0.04491645470261574,8.0,0,,56.0,0.4464285671710968,0.010391869582235813,-0.03021428920328617,0.0003028219321418638,2.7705120518803596,0,,,10.286015387624502,0.1964285671710968,,2827.010893146,2.484832961112261,2.4748666286468506,98.5,0.515625,1,0.0,,,8.0,,,27,8.0,0.001,314.2666204832494,64.70026397705078,298.4474732764065,,0.0077741161193516884,,0,,0,0.0,1e-06,0,,64,,1.0,,,,8.0,0.15543343126773834,,79888,,0.515625,,uk74oszd,LUFFY / no_logprob / sampling=confidence,False,confidence
10,1767932048.4005702,,,0,4714.3125,0.015154440887272358,275,0.18967226520180702,1.0,0.48214285714285715,,0.8482948486467883,,38934,,-0.020088201388716698,298.0848418891074,14829,,,0.007072876673191786,1,,1,0.002147607272490859,,0.39938977360725403,,0.875,1.0,0,,-0.021146023645997047,0.015625,81443,375.515625,1.0,-2.4748666286468506,,0.578125,3.1690127849578857,,2.4748666286468506,148050,0.11280558258295059,,0.5178571343421936,,,8.0,-0.023579953238368034,0.0,1.1210678815841675,0,56.0,0.10163953900337219,-2.4748666286468506,0.20517259544567015,0.3345534641999142,0.3212556540966034,-0.041234225034713745,,81437.25,,,697,10,-0.04011821374297142,1,0.3212556540966034,0.03434031362541971,0.578125,,0.109375,222.95965576171875,,109116,0.11132073402404785,0.0027299262583255768,1.0,325749,273.2015807442367,584,-0.04838964715600014,8.0,0,,56.0,0.5178571343421936,0.007072876673191786,-0.04011821374297142,0.00031201796169250617,3.0535101369023323,0,,,11.186322823166847,0.3928571343421936,,3081.630633935,2.699936930090189,2.4748666286468506,98.5,0.578125,1,0.0,,,8.0,,,34,8.0,0.001,273.2015807442367,64.70026397705078,255.94412855431437,,0.008288396679928992,,0,,0,0.0,1e-06,0,,64,,1.0,,,,8.0,0.11025997996330261,,81431,,0.578125,,uk74oszd,LUFFY / no_logprob / sampling=confidence,False,confidence
11,1767932303.0201302,,,0,5143.53125,0.024656526744365692,275,0.1578361913561821,1.0,0.7321428571428572,,0.7234880241918198,,73204,,-0.13722868263721466,344.11657391602944,8877,,,0.010896575637161732,1,,1,0.005996242165565491,,0.4310702085494995,,1.0,1.0,0,,0.15190253034234047,0.015625,87617,332.3125,1.0,-0.935412585735321,,0.359375,1.8778733015060425,,2.4748666286468506,103850,0.1340118944644928,,0.2678571343421936,,,8.0,-0.02970445528626442,0.0,1.2733176946640015,0,56.0,0.08907265961170197,-0.935412585735321,0.2164839923705265,0.13243211584099399,0.35594335198402405,0.014673847705125809,,87613.5,,,470,11,-0.02995220571756363,1,0.35594335198402405,0.03116493981041582,0.359375,,0.109375,223.0666160583496,,30646,0.13156697154045105,0.0014340542256832123,1.0,350454,254.6041273251176,1349,-0.0443098284304142,8.0,0,,56.0,0.2678571343421936,0.010896575637161732,-0.02995220571756363,0.00025416362664344526,2.7381987906992435,0,,,10.921877816319466,0.2678571343421936,,3383.217111897,2.5195997022092342,2.4748666286468506,98.5,0.359375,1,0.0,,,8.0,,,17,8.0,0.001,254.6041273251176,64.70026397705078,238.1621287316084,,0.007189530443964784,,0,,0,0.0,1e-06,0,,64,,1.0,,,,8.0,0.1904289275407791,,87610,,0.359375,,uk74oszd,LUFFY / no_logprob / sampling=confidence,False,confidence
12,1767932604.606814,,,0,5541.46875,0.04615471139550209,275,0.1692088469862938,1.0,0.7142857142857143,,0.7993571337644197,,86262,,-0.2504003569483757,313.5480939447897,9331,,,0.009271007962524891,1,,1,0.005241812206804752,,0.4066808819770813,,0.875,1.0,0,,0.18168123438954353,0.015625,94568,368.1875,1.0,-1.20761239528656,,0.375,1.822190523147583,,2.4748666286468506,99750,0.11460277438163757,,0.2857142984867096,,,8.0,-0.030661050230264664,0.0,1.6541301012039185,0,56.0,0.0957372710108757,-1.20761239528656,0.22375125369895243,0.31943828249996997,0.30449721217155457,-0.06871912255883217,,94554.5,,,470,12,-0.02705429308116436,1,0.30449721217155457,0.031082428248466114,0.375,,0.21875,223.24965286254883,,13488,0.11282578110694885,0.0013740956783294678,1.0,378218,301.5629877075553,725,-0.04278641939163208,8.0,0,,56.0,0.2857142984867096,0.009271007962524891,-0.02705429308116436,0.0002531272203091225,3.1318447962403297,0,,,11.755933847278357,0.1607142835855484,,3667.4094131,2.898533023893833,2.4748666286468506,98.5,0.375,1,0.0,,,8.0,,,17,8.0,0.001,301.5629877075553,64.70026397705078,283.49520491808653,,0.007663657001765736,,0,,0,0.0,1e-06,0,,64,,1.0,,,,8.0,0.16407111287117004,,94543,,0.375,,uk74oszd,LUFFY / no_logprob / sampling=confidence,False,confidence
13,1767932888.7990935,,,0,5184.09375,0.0750919058918953,275,0.19366101175546646,1.0,0.5,,0.7850597058311396,,41357,,-0.16070562973618507,313.61781773559176,15010,,,0.008089649491012096,1,,1,0.002668119268491864,,0.39798733592033386,,0.875,1.0,0,,0.212158078327775,0.015625,89127,386.125,1.0,-2.4748666286468506,,0.5625,2.094836950302124,,2.4748666286468506,150924,0.11040300875902176,,0.5,,,8.0,-0.01874813251197338,0.0,1.172106385231018,0,56.0,0.09898081794381142,-2.4748666286468506,0.16571975400602773,0.3030457633656632,0.2901502251625061,0.05145244859158993,,89123.5,,,708,13,-0.030116861686110497,1,0.2901502251625061,0.04323562598130076,0.5625,,0.109375,223.84176635742188,,109567,0.10893704742193222,0.0020664744079113007,1.0,356494,284.17868807166815,802,-0.03992174193263054,8.0,0,,56.0,0.5,0.008089649491012096,-0.030116861686110497,0.0002776507260818174,4.341176565736532,0,,,15.413241248577833,0.375,,4004.844165912,3.6400556676089764,2.4748666286468506,98.5,0.5625,1,0.0,,,8.0,,,31,8.0,0.001,284.17868807166815,64.73850679397583,260.46867932006717,,0.010210706681203545,,0,,0,0.0,1e-06,0,,64,,1.0,,,,8.0,0.09461431205272675,,89120,,0.5625,,uk74oszd,LUFFY / no_logprob / sampling=confidence,False,confidence
14,1767933226.2334435,,,0,5324.953125,0.02550855465233326,275,0.18592436239123344,1.0,0.625,,0.934186614136326,,28777,,0.0,270.3308253544889,12699,,,0.00695722084492445,1,,1,0.0027572845574468374,,0.40425777435302734,,0.875,1.0,0,,0.25208780169487,0.015625,91219,375.953125,1.0,-2.4748666286468506,,0.453125,2.154425621032715,,2.4748666286468506,149351,0.11153925210237503,,0.375,,,8.0,-0.02345365844666958,0.0,1.2757030725479126,0,56.0,0.10476896911859512,-2.4748666286468506,0.2121231790944213,0.3345534641999142,0.2659373879432678,0.25208780169487,,91214.5,,,737,14,-0.03213028237223625,1,0.2659373879432678,0.0341905530782219,0.453125,,0.109375,224.0318145751953,,120574,0.11045754700899124,0.0020465441048145294,1.0,364858,337.4180501997471,532,-0.04129291698336601,8.0,0,,56.0,0.375,0.00695722084492445,-0.03213028237223625,0.00028714998470252845,3.2828749120235443,0,,,12.474696815013885,0.25,,4278.849570298,2.982315517961979,2.4748666286468506,98.5,0.453125,1,0.0,,,8.0,,,25,8.0,0.001,337.4180501997471,64.73850679397583,318.3679955378175,,0.008173907432376374,,0,,0,0.0,1e-06,0,,64,,1.0,,,,8.0,0.11650165170431137,,91211,,0.453125,,uk74oszd,LUFFY / no_logprob / sampling=confidence,False,confidence
15,1767933500.239245,,,0,5354.546875,0.015729870647192,275,0.17568863183259964,1.0,0.6607142857142857,,0.7492602474270671,,64129,,-0.30128752440214157,333.2946405493186,10469,,,0.007391498424112797,1,,1,0.0035918073263019323,,0.40779200196266174,,1.0,1.0,0,,-0.0035634730011224747,0.015625,91328,352.875,1.0,-2.4748666286468506,,0.421875,2.4743635654449463,,2.4748666286468506,136151,0.11558722704648972,,0.3392857015132904,,,8.0,-0.029135635122656822,0.0,1.3662649393081665,0,56.0,0.10046172142028809,-2.4748666286468506,0.22891424603797267,0.27606472917393404,0.25061142444610596,-0.30485099740326405,,91318.75,,,550,15,-0.037130262702703476,1,0.25061142444610596,0.030951012660489257,0.421875,,0.109375,224.44858169555664,,72022,0.11458176374435425,0.002291850745677948,1.0,365275,273.9880540817976,649,-0.047580696642398834,8.0,0,,56.0,0.3392857015132904,0.007391498424112797,-0.037130262702703476,0.00027503037826374124,3.0225577652454376,0,,,11.305631149560213,0.3392857015132904,,4560.46757579,2.600742846727371,2.4748666286468506,98.5,0.421875,1,0.0,,,8.0,,,23,8.0,0.001,273.9880540817976,64.73850679397583,256.76474345102906,,0.007119958515440069,,0,,0,0.0,1e-06,0,,64,,1.0,,,,8.0,0.11781659722328186,,91308,,0.421875,,uk74oszd,LUFFY / no_logprob / sampling=confidence,False,confidence
16,1767933781.857242,,,0,4747.96875,0.034931279718875885,275,0.19946474954485893,1.0,0.5178571428571429,,0.8647721869469583,,23664,,-0.020088201388716698,291.2193597861775,12595,,,0.006999703589826822,1,,1,0.0024980739690363407,,0.4110410511493683,,0.75,1.0,0,,0.2267165519297123,0.015625,82016,377.59375,1.0,-2.4748666286468506,,0.546875,2.886312961578369,,1.6201815605163574,121503,0.11136551946401596,,0.4821428656578064,,,8.0,-0.016213970258831978,0.0,1.168177843093872,0,56.0,0.09584738314151764,-2.4748666286468506,0.1881703786149901,0.3707239195004767,0.2824297249317169,0.2066283505409956,,82009.0,,,709,16,-0.030410172417759895,1,0.2824297249317169,0.03790768401070385,0.546875,,0.109375,224.81746292114258,,97839,0.11015967279672623,0.0016762688755989075,1.0,328036,281.60559126362205,318,-0.03885907679796219,8.0,0,,56.0,0.4821428656578064,0.006999703589826822,-0.030410172417759895,0.0002921855623819265,3.159916240721941,0,,,12.435085032135248,0.2321428507566452,,4804.085142093,2.918259058147669,1.6201815605163574,98.5,0.546875,1,0.0,,,8.0,,,33,8.0,0.001,281.60559126362205,64.73850679397583,262.77832444757223,,0.008896154867598888,,0,,0,0.0,1e-06,0,,64,,1.0,,,,8.0,0.09664783626794815,,82006,,0.546875,,uk74oszd,LUFFY / no_logprob / sampling=confidence,False,confidence
17,1767934025.4747334,,,0,4703.03125,0.06117910519242287,275,0.16871190071105957,1.0,0.5892857142857143,,0.756737715671757,,69268,,-0.020088201388716698,332.409888744622,11741,,,0.01147531159222126,1,,1,0.00439270306378603,,0.4511222243309021,,1.0,1.0,0,,-0.03527483902871609,0.015625,80980,357.796875,1.0,-2.4748666286468506,,0.484375,2.098555088043213,,2.4748666286468506,91205,0.1393369436264038,,0.4107142984867096,,,8.0,-0.029033320024609566,0.0,1.471192717552185,0,56.0,0.09551218524575233,-2.4748666286468506,0.2110581373161062,0.31491414443836424,0.3582852780818939,-0.055363040417432785,,80973.25,,,545,17,-0.03306586667895317,1,0.3582852780818939,0.03189259840139699,0.484375,,0.109375,225.0461311340332,,21937,0.1367952823638916,0.0018473044037818909,1.0,323893,243.59458831325173,999,-0.05052808299660683,8.0,0,,56.0,0.4107142984867096,0.01147531159222126,-0.03306586667895317,0.0002948880810815681,2.6817289106547832,0,,,10.329789374023676,0.4107142984867096,,5168.884329768,2.5258690677583218,2.4748666286468506,98.5,0.484375,1,0.0,,,8.0,,,28,8.0,0.001,243.59458831325173,64.73850679397583,227.7735119909048,,0.007798467604296239,,0,,0,0.0,1e-06,0,,64,,1.0,,,,8.0,0.18006956577301025,,80968,,0.484375,,uk74oszd,LUFFY / no_logprob / sampling=confidence,False,confidence
18,1767934390.273871,,,0,5527.09375,0.0604650042951107,275,0.21612557023763657,1.0,0.4489795918367347,,0.9762078324677934,,70533,,-0.12274101562798023,261.11939928084354,12729,,,0.006001684814691544,1,,1,0.0024705352261662483,,0.3731998801231384,,0.8571428656578064,1.0,0,,0.03923459351062775,0.015625,95263,426.171875,1.0,-1.6201815605163574,,0.5625,2.072347402572632,,1.6201815605163574,119309,0.09638123959302902,,0.5087719559669495,,,7.0,-0.006431700196117163,0.0,0.9664682149887085,0,57.0,0.11249479278922081,-1.6201815605163574,0.21575763279914967,0.26920216241373307,0.3167143762111664,-0.08350642211735249,,95252.25,,,698,18,-0.02690785564482212,1,0.3167143762111664,0.03341115722063121,0.5625,,0.109375,225.43955993652344,,48776,0.0950508862733841,0.0019237138330936432,1.0,381009,364.784272108227,483,-0.032905783504247665,7.0,0,,57.0,0.5087719559669495,0.006001684814691544,-0.02690785564482212,0.0002952549488049385,3.310514707118273,0,,,12.729951601475477,0.38596490025520325,,5382.675059882,3.0786935202777386,1.6201815605163574,98.5703125,0.5625,1,0.0,,,7.0,,,32,7.0,0.001,364.784272108227,64.73850679397583,345.31790141016245,,0.008080369545805318,,0,,0,1.0,1e-06,0,,64,,1.0,,,,7.0,0.07578198611736298,,95243,,0.5625,,uk74oszd,LUFFY / no_logprob / sampling=confidence,False,confidence
19,1767934604.0645356,,,0,3826.375,0.02361208386719227,275,0.1535845510661602,1.0,0.5892857142857143,,0.819660484970793,,43134,,-0.05314844101667404,309.74510673355724,9003,,,0.010506844148039818,1,,1,0.004245314281433821,,0.48409321904182434,,1.0,1.0,0,,0.20023012161254883,0.015625,66220,312.078125,1.0,-2.4748666286468506,,0.484375,2.2207443714141846,,2.4748666286468506,119775,0.15660372376441956,,0.4107142984867096,,,8.0,-0.028518464416265488,0.0,1.6486881971359253,0,56.0,0.08574937656521797,-2.4748666286468506,0.2111680068600011,0.28959419178976525,0.24943341314792633,0.1470816805958748,,66215.25,,,467,19,-0.043985139578580856,1,0.24943341314792633,0.03213499617122196,0.484375,,0.109375,225.5159568786621,,76641,0.15561802685260773,0.001247301697731018,1.0,264861,213.7733528651297,557,-0.06195864453911781,8.0,0,,56.0,0.4107142984867096,0.010506844148039818,-0.043985139578580856,0.0003237523703573496,2.276610866189003,0,,,8.51130722090602,0.4107142984867096,,5624.618919124,2.0023502334952354,2.4748666286468506,98.5703125,0.484375,1,0.0,,,8.0,,,26,8.0,0.001,213.7733528651297,64.73850679397583,200.72501684352756,,0.007560004053051357,,0,,0,0.0,1e-06,0,,64,,1.0,,,,8.0,0.15131986141204834,,66205,,0.484375,,uk74oszd,LUFFY / no_logprob / sampling=confidence,False,confidence
20,1767934846.0085554,,,0,4114.0,0.06852392852306366,275,0.16965624317526817,1.0,0.4107142857142857,,0.8573920320444204,,57376,,-0.14520420506596565,296.20981176677884,11694,,,0.007295971270650625,1,,1,0.0024522568564862013,,0.45294198393821716,,0.875,1.0,0,,0.15850813314318657,0.015625,71661,364.6875,1.0,-2.4748666286468506,,0.640625,1.6174272298812866,,1.6201815605163574,96535,0.13916173577308655,,0.5892857313156128,,,8.0,-0.01415659673511982,0.0,0.8269239664077759,0,56.0,0.08881671726703644,-2.4748666286468506,0.1830474229216437,0.3229132378575915,0.2641804814338684,0.013303928077220917,,71659.0,,,546,20,-0.03621269762516022,1,0.2641804814338684,0.036824066817567495,0.640625,,0.109375,226.1510887145996,,39159,0.13824288547039032,0.0014664456248283386,1.0,286636,241.91973781213164,553,-0.04255639389157295,8.0,0,,56.0,0.5892857313156128,0.007295971270650625,-0.03621269762516022,0.00030985890560514533,2.7412822134792805,0,,,10.555103216320276,0.4642857015132904,,5935.9562296,2.5996086969971657,1.6201815605163574,98.5703125,0.640625,1,0.0,,,8.0,,,38,8.0,0.001,241.91973781213164,64.73850679397583,225.7478924691677,,0.009069372643342656,,0,,0,0.0,1e-06,0,,64,,1.0,,,,8.0,0.0857904702425003,,71657,,0.640625,,uk74oszd,LUFFY / no_logprob / sampling=confidence,False,confidence
21,1767935157.3458765,,,0,4964.71875,0.14415155351161957,275,0.17430491000413895,1.0,0.5714285714285714,,0.9172052420782352,,74258,,-0.09205576777458191,275.8203554592145,12395,,,0.007093805819749832,1,,1,0.002687428379431367,,0.4350036680698395,,1.0,1.0,0,,0.040310658514499664,0.015625,85876,402.09375,1.0,-1.6201815605163574,,0.5,1.9094617366790771,,1.6201815605163574,99215,0.12767696380615234,,0.4285714328289032,,,8.0,-0.0183597169816494,0.0,1.0308603048324585,0,56.0,0.1043437086045742,-1.6201815605163574,0.18129306110020488,0.20203050891044216,0.3539591431617737,-0.051745109260082245,,85869.0,,,710,21,-0.04209619387984276,1,0.3539591431617737,0.038067696681323926,0.5,,0.109375,226.37884140014648,,24957,0.12606029212474823,0.003002893179655075,1.0,343476,311.32220048457384,1519,-0.04976191371679306,8.0,0,,56.0,0.4285714328289032,0.007093805819749832,-0.04209619387984276,0.0003037874803612893,3.4257553704082966,0,,,13.075340185314417,0.4285714328289032,,6246.808912274,3.086801216006279,1.6201815605163574,98.5703125,0.5,1,0.0,,,8.0,,,26,8.0,0.001,311.32220048457384,64.73850679397583,291.4346280284226,,0.008986948770820317,,0,,0,0.0,1e-06,0,,64,,1.0,,,,8.0,0.1333235800266266,,85856,,0.5,,uk74oszd,LUFFY / no_logprob / sampling=confidence,False,confidence
22,1767935468.1984737,,,0,4712.875,0.11153999716043472,275,0.16197669506072998,1.0,0.5510204081632654,,0.9729734735099849,,43316,,-0.16067010909318924,261.76782194946145,10417,,,0.008205580525100231,1,,1,0.003527811961248517,,0.45035409927368164,,0.8571428656578064,1.0,0,,0.23011587373912334,0.015625,81375,372.546875,1.0,-2.4748666286468506,,0.484375,1.6355024576187134,,1.6201815605163574,136578,0.1378243863582611,,0.42105263471603394,,,7.0,-0.020189326256513596,0.0,1.1705583333969116,0,57.0,0.08890926837921143,-2.4748666286468506,0.19404718204401217,0.3187857010574145,0.347243994474411,0.0694457646459341,,81366.75,,,545,22,-0.03704116493463516,1,0.347243994474411,0.03537117376198206,0.484375,,0.109375,226.51690292358398,,93262,0.13609176874160767,0.0014539919793605804,1.0,325467,310.8355694524944,478,-0.0470321960747242,7.0,0,,57.0,0.42105263471603394,0.008205580525100231,-0.03704116493463516,0.00027317444895860846,3.017054308205843,0,,,11.512149810791016,0.2982456088066101,,6553.474755001,2.5636698119342327,1.6201815605163574,98.791015625,0.484375,1,0.0,,,7.0,,,26,7.0,0.001,310.8355694524944,64.73850679397583,293.47215097397566,,0.007876896311866433,,0,,0,1.0,1e-06,0,,64,,1.0,,,,7.0,0.13066096603870392,,81360,,0.484375,,uk74oszd,LUFFY / no_logprob / sampling=confidence,False,confidence
23,1767935774.8643994,,,0,5381.21875,0.06837980449199677,275,0.17335016280412674,1.0,0.5535714285714286,,0.8353820161085396,,59085,,-0.03068525530397892,301.6567984560197,10343,,,0.006213740911334753,1,,1,0.003067097859457135,,0.40814414620399475,,0.875,1.0,0,,0.053238335996866226,0.015625,92505,400.234375,1.0,-1.6201815605163574,,0.515625,1.4851784706115723,,2.4748666286468506,119440,0.11343857645988464,,0.4464285671710968,,,8.0,-0.019681062549352646,0.0,1.2535291910171509,0,56.0,0.09160755574703217,-1.6201815605163574,0.20944273856601017,0.29827309086589404,0.26756858825683594,0.022553080692887306,,92503.25,,,559,23,-0.03300066664814949,1,0.26756858825683594,0.033806914577724785,0.515625,,0.109375,226.65961456298828,,60355,0.11247488856315613,0.0021602027118206024,1.0,370013,306.6506389826536,509,-0.04104481264948845,8.0,0,,56.0,0.4464285671710968,0.006213740911334753,-0.03300066664814949,0.00024757928977368947,3.2636865116655827,0,,,12.50899788364768,0.3214285671710968,,6773.327473291,2.8904274702072144,2.4748666286468506,98.791015625,0.515625,1,0.0,,,8.0,,,27,8.0,0.001,306.6506389826536,64.73850679397583,287.7038955837488,,0.007811691670852684,,0,,0,0.0,1e-06,0,,64,,1.0,,,,8.0,0.09580535441637039,,92501,,0.515625,,uk74oszd,LUFFY / no_logprob / sampling=confidence,False,confidence
24,1767935994.717029,,,0,3748.90625,0.06566674262285233,275,0.1621631644666195,1.0,0.375,,0.8545333538908562,,51758,,-0.07185385748744011,295.2827483678063,8132,,,0.010811486281454563,1,,1,0.004779628477990627,,0.5060579776763916,,1.0,1.0,0,,0.28995981253683567,0.015625,64921,308.140625,1.0,-2.4748666286468506,,0.671875,1.7157537937164307,,1.20761239528656,81973,0.16787375509738922,,0.625,,,8.0,-0.015229130163788795,0.0,0.7174142003059387,0,56.0,0.07993092760443687,-2.4748666286468506,0.17822537275588665,0.18813667415808463,0.3456389009952545,0.21810595504939556,,64912.75,,,348,24,-0.05461456626653671,1,0.3456389009952545,0.03652107095298387,0.671875,,0.109375,226.88359451293945,,30215,0.16593080759048462,0.0030604414641857147,1.0,259651,219.83251767605543,697,-0.06305257230997086,8.0,0,,56.0,0.625,0.010811486281454563,-0.05461456626653671,0.0003078398604451239,2.745915215462446,0,,,9.482732594013214,0.625,,7064.07242341,2.312662411481142,1.20761239528656,98.791015625,0.671875,1,0.0,,,8.0,,,37,8.0,0.001,219.83251767605543,64.73850679397583,205.02818759903312,,0.008906811109840294,,0,,0,0.0,1e-06,0,,64,,1.0,,,,8.0,0.08695165812969208,,64903,,0.671875,,uk74oszd,LUFFY / no_logprob / sampling=confidence,False,confidence
25,1767936285.4619946,,,0,4906.140625,0.12540142238140106,275,0.16769533976912498,1.0,0.48979591836734687,,0.87045953934625,,73417,,0.0,289.8051295012001,9643,,,0.007353667169809341,1,,1,0.003567852545529604,,0.454447478055954,,1.0,1.0,0,,-0.13723134621977806,0.015625,84257,359.65625,1.0,-1.6201815605163574,,0.5,1.679614782333374,,0.935412585735321,94760,0.13798603415489197,,0.4385964870452881,,,7.0,-0.010888312011957169,0.0,0.7837013006210327,0,57.0,0.08595700934529305,-1.6201815605163574,0.19738230553290909,0.10406162272638333,0.2895268499851227,-0.13723134621977806,,84252.75,,,469,25,-0.03816341236233711,1,0.2895268499851227,0.03407430375471392,0.5,,0.109375,227.29687881469727,,21343,0.13686339557170868,0.001377936452627182,1.0,337011,290.7220798507333,958,-0.04425190016627312,7.0,0,,57.0,0.4385964870452881,0.007353667169809341,-0.03816341236233711,0.00025505698432779064,2.9183855913579464,0,,,11.483415182679892,0.4385964870452881,,7371.861635181,2.7304995208978653,0.935412585735321,98.791015625,0.5,1,0.0,,,7.0,,,28,7.0,0.001,290.7220798507333,64.73850679397583,273.3182021379471,,0.008102108005073619,,0,,0,1.0,1e-06,0,,64,,1.0,,,,7.0,0.07665710896253586,,84247,,0.5,,uk74oszd,LUFFY / no_logprob / sampling=confidence,False,confidence
26,1767936593.2513132,,,0,5011.171875,0.09830279648303986,275,0.1883854642510414,1.0,0.5918367346938777,,0.9017082536666403,,59992,,-0.14061741530895233,278.86094004786037,12728,,,0.007938512600958347,1,,1,0.0029632216319441795,,0.46391761302948,,0.7142857313156128,1.0,0,,0.03953915648162365,0.015625,85849,352.984375,1.0,-1.20761239528656,,0.421875,0.8654156923294067,,2.4748666286468506,120759,0.143454447388649,,0.35087719559669495,,,7.0,-0.021517448127269745,0.0,1.7242326736450195,0,57.0,0.0956103503704071,-1.20761239528656,0.19730361255664516,0.41424047204458037,0.2980067729949951,-0.10107825882732868,,85826.5,,,697,26,-0.016104381531476974,1,0.2980067729949951,0.03523798871856565,0.421875,,0.109375,227.6788101196289,,60767,0.1422177255153656,0.001806359738111496,1.0,343306,307.77526599913836,545,-0.030030623078346252,7.0,0,,57.0,0.35087719559669495,0.007938512600958347,-0.016104381531476974,0.00027849892041038345,3.308810256421566,0,,,12.097412955015898,0.10526315867900848,,7634.438725368,2.870486505329609,2.4748666286468506,98.791015625,0.421875,1,0.0,,,7.0,,,22,7.0,0.001,307.77526599913836,64.73850679397583,289.19136257469654,,0.008361305964153288,,0,,0,1.0,1e-06,0,,64,,1.0,,,,7.0,0.1594163030385971,,85809,,0.421875,,uk74oszd,LUFFY / no_logprob / sampling=confidence,False,confidence
27,1767936855.828366,,,0,4627.234375,0.1392367035150528,275,0.20061776041984558,1.0,0.4464285714285714,,0.8260745013734067,,46792,,0.0,304.52563380125804,11373,,,0.00984659418463707,1,,1,0.003813399700447917,,0.46307626366615295,,0.875,1.0,0,,-0.02661149948835373,0.015625,79960,370.046875,1.0,-2.4748666286468506,,0.609375,1.3496112823486328,,1.20761239528656,106272,0.1412586122751236,,0.5535714030265808,,,8.0,-0.01613771542906761,0.0,0.8648436069488525,0,56.0,0.11246458441019058,-2.4748666286468506,0.1887469781993361,0.2519059996368908,0.38302871584892273,-0.02661149948835373,,79956.5,,,575,27,-0.03744335472583771,1,0.38302871584892273,0.037069426898859746,0.609375,,0.109375,227.87616348266602,,59480,0.13885433971881866,0.001471925526857376,1.0,319826,262.56081959977746,436,-0.046416155993938446,8.0,0,,56.0,0.5535714030265808,0.00984659418463707,-0.03744335472583771,0.00035164303218059376,2.9743870347738266,0,,,11.855766527354717,0.4285714328289032,,8062.455577335,2.7629869244992733,1.20761239528656,98.791015625,0.609375,1,0.0,,,8.0,,,36,8.0,0.001,262.56081959977746,64.73850679397583,244.63618106022477,,0.008639031612499525,,0,,0,0.0,1e-06,0,,64,,1.0,,,,8.0,0.09226053953170776,,79952,,0.609375,,uk74oszd,LUFFY / no_logprob / sampling=confidence,False,confidence
28,1767937283.8452685,,,0,6762.828125,0.083235003054142,275,0.21508531644940376,1.0,0.4821428571428571,,0.9330028640585365,,84146,,-0.06861434131860733,271.0726363303265,14511,,,0.004946617875248194,1,,1,0.002194511005654931,,0.4200475513935089,,1.0,1.0,0,,-0.18346778489649296,0.015625,116036,488.28125,1.0,-2.4748666286468506,,0.578125,1.5761128664016724,,1.20761239528656,154962,0.11257359385490417,,0.5178571343421936,,,8.0,-0.016349783167243004,0.0,0.8916729092597961,0,56.0,0.11318261921405792,-2.4748666286468506,0.21810803826221878,0.21354037041252497,0.2982103228569031,-0.2520821262151003,,116017.75,,,733,28,-0.03924053907394409,1,0.2982103228569031,0.03371937726443462,0.578125,,0.109375,228.57161331176758,,70816,0.11165076494216919,0.001849047839641571,1.0,464071,427.99506276473403,1013,-0.043868303298950195,8.0,0,,56.0,0.5178571343421936,0.004946617875248194,-0.03924053907394409,0.00024389073916288224,4.321144334971905,0,,,15.64818512648344,0.5178571343421936,,8274.079031304,3.8519915901124477,1.20761239528656,98.791015625,0.578125,1,0.0,,,8.0,,,34,8.0,0.001,427.99506276473403,66.96482181549072,403.8232326246798,,0.008300435903369199,,0,,0,0.0,1e-06,0,,64,,1.0,,,,8.0,0.05608515813946724,,115971,,0.578125,,uk74oszd,LUFFY / no_logprob / sampling=confidence,False,confidence
29,1767937495.468601,,,0,3115.59375,0.287204772233963,275,0.16488125175237656,1.0,0.2857142857142857,,0.9878819124409449,,20805,,-0.08145871199667454,261.30948451776413,9930,,,0.010235809721052647,1,,1,0.0030596398282796144,,0.4945739209651947,,0.625,1.0,0,,0.12444978766143322,0.015625,55295,340.296875,1.0,-2.4748666286468506,,0.75,1.0990629196166992,,1.6201815605163574,99951,0.16303317248821259,,0.7142857313156128,,,8.0,-0.016572147607803345,0.0,0.7164269685745239,0,56.0,0.08987056091427803,-2.4748666286468506,0.14906784326248915,0.31134992453861954,0.26913970708847046,0.04299107566475868,,55294.25,,,493,29,-0.05205642059445381,1,0.26913970708847046,0.045074873045833005,0.75,,0.109375,228.54541397094727,,79146,0.16193585097789764,0.002010297030210495,1.0,221177,211.6044509522617,481,-0.060003820806741714,8.0,0,,56.0,0.7142857313156128,0.010235809721052647,-0.05205642059445381,0.00040632869111290065,2.163684953004122,0,,,9.969525195658207,0.3392857015132904,,8579.318892731,2.213085811585188,1.6201815605163574,98.791015625,0.75,1,0.0,,,8.0,,,45,8.0,0.001,211.6044509522617,66.96482181549072,196.98167757689953,,0.010005949133884572,,0,,0,0.0,1e-06,0,,64,,1.0,,,,8.0,0.05099773406982422,,55293,,0.75,,uk74oszd,LUFFY / no_logprob / sampling=confidence,False,confidence
30,1767937800.7085083,,,0,4918.53125,0.5003871321678162,275,0.20060082525014877,1.0,0.4821428571428572,,0.8997858717941889,,77652,,0.0,278.6968411172636,12851,,,0.007227132096886635,1,,1,0.002617012010887265,,0.43709027767181396,,0.875,1.0,0,,0.09769788384437561,0.015625,85074,398.046875,1.0,-1.6201815605163574,,0.578125,1.5708587169647217,,1.6201815605163574,94138,0.12288425117731094,,0.5178571343421936,,,8.0,-0.012889034114778042,0.0,0.8777036666870117,0,56.0,0.09988768398761749,-1.6201815605163574,0.1669495376552285,0.24679062430509383,0.3215540647506714,0.09769788384437561,,85065.25,,,732,30,-0.045174434781074524,1,0.3215540647506714,0.04256531860651678,0.578125,,0.109375,228.82046508789062,,16486,0.12143798917531967,0.003083590418100357,1.0,340261,305.225023932755,651,-0.05189274996519089,8.0,0,,56.0,0.5178571343421936,0.007227132096886635,-0.045174434781074524,0.00029356195387545883,3.740877151489258,0,,,14.483317874372005,0.3928571343421936,,8944.365846677,3.436731442809105,1.6201815605163574,98.791015625,0.578125,1,0.0,,,8.0,,,33,8.0,0.001,305.225023932755,66.96482181549072,283.23999543860555,,0.01010028020492829,,0,,0,0.0,1e-06,0,,64,,1.0,,,,8.0,0.0777069553732872,,85051,,0.578125,,uk74oszd,LUFFY / no_logprob / sampling=confidence,False,confidence
31,1767938165.755335,,,0,6004.765625,0.25302568078041077,275,0.20695841312408447,1.0,0.6122448979591837,,0.8913316676440819,,82737,,-0.14061743021011353,280.5597497554417,12899,,,0.0061357514932751656,1,,1,0.002710294909775257,,0.4582645297050476,,0.8571428656578064,1.0,0,,0.22902445308864117,0.015625,102435,396.0,1.0,-0.935412585735321,,0.4375,1.584892988204956,,2.4748666286468506,125492,0.12965451180934906,,0.3684210479259491,,,7.0,-0.017320260405540466,0.0,1.1525877714157104,0,57.0,0.11581452190876007,-0.935412585735321,0.2009702611559177,0.28278380531736774,0.36488521099090576,0.08840702287852764,,102412.25,,,695,31,-0.02655719593167305,1,0.36488521099090576,0.03596173096612918,0.4375,,0.109375,229.4085807800293,,42755,0.12820227444171906,0.0017442405223846436,1.0,409649,365.0283053405583,508,-0.03383680433034897,7.0,0,,57.0,0.3684210479259491,0.0061357514932751656,-0.02655719593167305,0.0002827164765659383,3.8418472185730934,0,,,14.731687128543854,0.24561403691768646,,9281.969287209,3.5673838518559933,2.4748666286468506,98.791015625,0.4375,1,0.0,,,7.0,,,23,7.0,0.001,365.0283053405583,66.96482181549072,342.5432165339589,,0.008708391456725131,,0,,0,1.0,1e-06,0,,64,,1.0,,,,7.0,0.10948126763105392,,102401,,0.4375,,uk74oszd,LUFFY / no_logprob / sampling=confidence,False,confidence
32,1767938503.3588064,,,0,6110.34375,0.1661929041147232,275,0.2070797234773636,1.0,0.5535714285714286,,0.8067447300938533,,78533,,-0.14061740040779114,309.61822115841477,12802,,,0.007423375267535448,1,,1,0.0033502751030027866,,0.43324869871139526,,1.0,1.0,0,,0.16316303238272667,0.015625,104534,422.328125,1.0,-2.4748666286468506,,0.515625,1.273734450340271,,2.4748666286468506,120208,0.11947494745254517,,0.4464285671710968,,,8.0,-0.018800821155309677,0.0,1.055113434791565,0,56.0,0.10412304848432541,-2.4748666286468506,0.20837306201695832,0.28064702938395913,0.3681628108024597,0.02254563197493553,,104522.75,,,737,32,-0.030685976147651672,1,0.3681628108024597,0.03492186673629746,0.515625,,0.109375,229.98756408691406,,41675,0.11761503666639328,0.0028553158044815063,1.0,418091,337.5859134159982,991,-0.038806553930044174,8.0,0,,56.0,0.4464285671710968,0.007423375267535448,-0.030685976147651672,0.0002490439844060872,3.738897994160652,0,,,14.600518185645342,0.4464285671710968,,9597.011226055,3.4257723689079285,2.4748666286468506,98.791015625,0.515625,1,0.0,,,8.0,,,26,8.0,0.001,337.5859134159982,66.96482181549072,315.48720763996243,,0.008193843849563679,,0,,0,0.0,1e-06,0,,64,,1.0,,,,8.0,0.09841907024383545,,104512,,0.515625,,uk74oszd,LUFFY / no_logprob / sampling=confidence,False,confidence
33,1767938818.4009125,,,0,4729.703125,0.16302472352981567,275,0.17268406599760056,1.0,0.5178571428571429,,0.9789266231937842,,43976,,-0.2704885583370924,258.8672402216685,11273,,,0.009243444539606571,1,,1,0.0036980840377509594,,0.4852934181690216,,1.0,1.0,0,,0.11186576262116432,0.015625,81557,367.09375,1.0,-2.4748666286468506,,0.546875,1.665018916130066,,2.4748666286468506,112313,0.14834976196289062,,0.4821428656578064,,,8.0,-0.020704181864857674,0.0,1.2375041246414185,0,56.0,0.10483230650424957,-2.4748666286468506,0.1847840237375981,0.28515570397627343,0.3568374514579773,-0.15862279571592808,,81548.75,,,549,33,-0.04374610260128975,1,0.3568374514579773,0.037626753028135417,0.546875,,0.109375,230.08440017700195,,68337,0.14640463888645172,0.003220193088054657,1.0,326195,315.02151423320174,582,-0.05569976568222046,8.0,0,,56.0,0.4821428656578064,0.009243444539606571,-0.04374610260128975,0.00032137925628611587,3.1286043114960194,0,,,12.273658704012632,0.4821428656578064,,9902.083753223,2.995994206517935,2.4748666286468506,98.791015625,0.546875,1,0.0,,,8.0,,,31,8.0,0.001,315.02151423320174,66.96482181549072,296.32206776738167,,0.009184672378540244,,0,,0,0.0,1e-06,0,,64,,1.0,,,,8.0,0.12321975082159042,,81541,,0.546875,,uk74oszd,LUFFY / no_logprob / sampling=confidence,False,confidence
34,1767939123.4734383,,,0,5062.125,0.35802221298217773,275,0.16411660239100456,1.0,0.41071428571428575,,0.8781729709895805,,53758,,-0.11214396730065346,286.50016252053325,10548,,,0.006108477246016264,1,,1,0.0027867588214576244,,0.4458540380001068,,1.0,1.0,0,,0.17842230387032032,0.015625,87404,400.34375,1.0,-2.4748666286468506,,0.640625,1.6672441959381104,,1.6201815605163574,131191,0.12484674900770187,,0.5892857313156128,,,8.0,-0.012352091260254383,0.0,0.7252363562583923,0,56.0,0.09699486196041107,-2.4748666286468506,0.18369501147675754,0.2415669510440836,0.3221409022808075,0.06627833656966686,,87399.5,,,548,34,-0.04120420292019844,1,0.3221409022808075,0.03859497551897598,0.640625,,0.109375,230.48855209350586,,77433,0.12363418191671371,0.0015222206711769104,1.0,349598,305.059163775295,580,-0.04591476172208786,8.0,0,,56.0,0.5892857313156128,0.006108477246016264,-0.04120420292019844,0.00027744684454834146,3.618774451315403,0,,,13.492726251482964,0.5892857313156128,,10134.203166507,3.157841984182596,1.6201815605163574,99.3046875,0.640625,1,0.0,,,8.0,,,37,8.0,0.001,305.059163775295,66.96482181549072,284.5069664493203,,0.009032780462653094,,0,,0,0.0,1e-06,0,,64,,1.0,,,,8.0,0.06357850879430771,,87398,,0.640625,,uk74oszd,LUFFY / no_logprob / sampling=confidence,False,confidence
35,1767939355.5927248,,,0,3987.171875,0.19318194687366486,275,0.15593237802386284,1.0,0.375,,0.847970300406316,,45507,,-0.08383369259536266,299.2963011033503,10951,,,0.012391301803290844,1,,1,0.004286132752895355,,0.4751085042953491,,0.625,1.0,0,,0.21036582998931408,0.015625,69468,354.515625,1.0,-1.6201815605163574,,0.671875,1.0007437467575073,,2.4748666286468506,93921,0.14263750612735748,,0.625,,,8.0,-0.0150382649153471,0.0,0.9488549828529358,0,56.0,0.09089340642094612,-1.6201815605163574,0.18835469085869666,0.3494711748353737,0.37109726667404175,0.12653213739395142,,69467.0,,,576,35,-0.023531444370746613,1,0.37109726667404175,0.03676265255314958,0.671875,,0.109375,230.71697998046875,,48414,0.13977108895778656,0.002281889319419861,1.0,277868,232.10109762102365,485,-0.035731758922338486,8.0,0,,56.0,0.625,0.012391301803290844,-0.023531444370746613,0.0003271100177816306,2.7582556642591953,0,,,10.215164739638567,0.25,,10328.415527571,2.474918119609356,2.4748666286468506,99.3046875,0.671875,1,0.0,,,8.0,,,39,8.0,0.001,232.10109762102365,66.96482181549072,216.38421328738332,,0.008906812297959305,,0,,0,0.0,1e-06,0,,64,,1.0,,,,8.0,0.09649631381034851,,69466,,0.671875,,uk74oszd,LUFFY / no_logprob / sampling=confidence,False,confidence
36,1767939549.8050654,,,0,3006.34375,0.11740166693925858,275,0.12768246978521347,1.0,0.26530612244897955,,0.9369876430849821,,15823,,0.0,273.9429537871051,9129,,,0.007541344966739416,1,,1,0.0023562537971884012,,0.532367467880249,,0.5714285969734192,1.0,0,,0.09769787639379501,0.015625,53197,318.328125,1.0,-1.6201815605163574,,0.671875,1.2661824226379395,,1.6201815605163574,105743,0.1745089590549469,,0.6315789222717285,,,7.0,-0.009807044640183449,0.0,0.5081048011779785,0,57.0,0.08270377665758133,-1.6201815605163574,0.15888395079516257,0.2900544980316714,0.364320307970047,0.09769787639379501,,53194.75,,,493,36,-0.03043881058692932,1,0.364320307970047,0.04223631409929839,0.671875,,0.125,230.9400634765625,,89920,0.173066645860672,0.001875855028629303,1.0,212779,194.18185160309076,407,-0.034531015902757645,7.0,0,,57.0,0.6315789222717285,0.007541344966739416,-0.03043881058692932,0.0003886839239660931,2.525682907551527,0,,,8.987000677734613,0.2631579041481018,,10484.732714426,2.1573387421667576,1.6201815605163574,99.3046875,0.671875,1,0.0,,,7.0,,,40,7.0,0.001,194.18185160309076,66.96482181549072,180.28204445540905,,0.010138870575417487,,0,,0,1.0,1e-06,0,,64,,1.0,,,,7.0,0.08398642390966415,,53192,,0.671875,,uk74oszd,LUFFY / no_logprob / sampling=confidence,False,confidence
37,1767939706.122251,,,0,3361.890625,0.2592749297618866,275,0.14202845469117165,1.0,0.2857142857142857,,0.6658636375589722,,28401,,0.0,377.49729499302447,10823,,,0.010987121611833572,1,,1,0.0032478237990289927,,0.4964500069618225,,0.875,1.0,0,,-0.010440265759825706,0.015625,59005,325.75,1.0,-2.4748666286468506,,0.75,1.5224754810333252,,0.935412585735321,81401,0.1515129655599594,,0.7142857313156128,,,8.0,-0.012982259504497051,0.0,0.5112560987472534,0,56.0,0.0915171466767788,-2.4748666286468506,0.1837230747440538,0.1889822365046136,0.3366284966468811,-0.010440265759825706,,59002.25,,,550,37,-0.040443357080221176,1,0.3366284966468811,0.03566931917080164,0.75,,0.109375,231.16777801513672,,53000,0.14945648610591888,0.002142738550901413,1.0,236009,156.29847096279263,599,-0.046572279185056686,8.0,0,,56.0,0.7142857313156128,0.010987121611833572,-0.040443357080221176,0.00038776973198809703,2.302310708910227,0,,,8.418280348181725,0.5892857313156128,,10809.498081315,2.0542497150599957,0.935412585735321,99.3046875,0.75,1,0.0,,,8.0,,,48,8.0,0.001,156.29847096279263,66.96482181549072,143.267886120826,,0.00870411600854203,,0,,0,0.0,1e-06,0,,64,,1.0,,,,8.0,0.06610055267810822,,59001,,0.75,,uk74oszd,LUFFY / no_logprob / sampling=confidence,False,confidence
38,1767940030.8876631,,,0,4251.96875,0.23423443734645844,275,0.1567741557955742,1.0,0.4081632653061224,,1.1271101074625653,,45857,,-0.10978294163942337,228.21170499950833,10736,,,0.005387210287153721,1,,1,0.002030335832387209,,0.441962331533432,,0.8571428656578064,1.0,0,,0.07137560658156872,0.015625,74113,379.984375,1.0,-2.4748666286468506,,0.59375,1.6385270357131958,,1.6201815605163574,131395,0.11957494914531708,,0.5438596606254578,,,7.0,-0.009712441824376583,0.0,0.8236130475997925,0,57.0,0.08732575178146362,-2.4748666286468506,0.1712369312181974,0.2999375195244708,0.3480667173862457,-0.03840733505785465,,74111.25,,,546,38,-0.03337990492582321,1,0.3480667173862457,0.040319315138745274,0.59375,,0.109375,231.29581832885742,,85538,0.11833734810352325,0.0016381628811359406,1.0,296445,324.747803799808,476,-0.03802171349525452,7.0,0,,57.0,0.5438596606254578,0.005387210287153721,-0.03337990492582321,0.00029457657164554514,3.0060738138854504,0,,,11.952459376305342,0.42105263471603394,,11096.033077411,2.808434583246708,1.6201815605163574,99.3046875,0.59375,1,0.0,,,7.0,,,36,7.0,0.001,324.747803799808,66.96482181549072,306.71596510335803,,0.009473712099197854,,0,,0,1.0,1e-06,0,,64,,1.0,,,,7.0,0.08179368823766708,,74108,,0.59375,,uk74oszd,LUFFY / no_logprob / sampling=confidence,False,confidence
39,1767940317.4227464,,,0,5225.515625,0.5050478577613831,275,0.24885458499193192,1.0,0.4489795918367347,,0.8016114220463062,,68293,,-0.17130267061293125,312.65836891432633,10767,,,0.008943495340645313,1,,1,0.004149740096181631,,0.42592334747314453,,1.0,1.0,0,,0.30639653094112873,0.015625,89592,373.4375,1.0,-2.4748666286468506,,0.5625,1.652653694152832,,2.4748666286468506,97637,0.11513890326023102,,0.5087719559669495,,,7.0,-0.011271871626377106,0.0,1.0079731941223145,0,57.0,0.09436969086527824,-2.4748666286468506,0.20386871827093167,0.269202162413733,0.3284836709499359,0.13509386032819748,,89583.25,,,495,39,-0.025726621970534325,1,0.3284836709499359,0.033805719148466876,0.5625,,0.109375,231.65359497070312,,29344,0.11321365088224411,0.002257831394672394,1.0,358333,286.52119663730264,761,-0.03505494445562363,7.0,0,,57.0,0.5087719559669495,0.008943495340645313,-0.025726621970534325,0.00026335752181707586,3.186905298382044,0,,,12.11370475962758,0.5087719559669495,,11321.416261186,2.7698721550405025,2.4748666286468506,99.3046875,0.5625,1,0.0,,,7.0,,,31,7.0,0.001,286.52119663730264,66.96482181549072,268.0853127092123,,0.0077298829720971905,,0,,0,1.0,1e-06,0,,64,,1.0,,,,7.0,0.07726936042308807,,89576,,0.5625,,uk74oszd,LUFFY / no_logprob / sampling=confidence,False,confidence
40,1767940542.8057072,,,0,3245.75,0.19121383130550385,275,0.1349712535738945,1.0,0.3571428571428571,,1.0105569691337064,,39521,,-0.05314844101667404,254.53129208257718,8589,,,0.007894939742982388,1,,1,0.0028280543629080057,,0.49696189165115356,,0.75,1.0,0,,0.21818793192505836,0.015625,57370,339.421875,1.0,-1.6201815605163574,,0.6875,2.0583300590515137,,1.6201815605163574,82426,0.14861105382442474,,0.6428571343421936,,,8.0,-0.0033346700947731733,0.0,0.7182326912879944,0,56.0,0.08610131591558456,-1.6201815605163574,0.15232043525645886,0.2766416675862441,0.32258889079093933,0.16503949090838432,,57362.75,,,472,40,-0.02287141978740692,1,0.32258889079093933,0.042995459272776995,0.6875,,0.109375,232.04148483276367,,42905,0.14722657203674316,0.0011953748762607574,1.0,229451,225.36619969457388,482,-0.028768954798579216,8.0,0,,56.0,0.6428571343421936,0.007894939742982388,-0.02287141978740692,0.00037524925110626916,2.8442191146314144,0,,,9.865351125597954,0.3928571343421936,,11579.398317573,2.4946292340755463,1.6201815605163574,99.3046875,0.6875,1,0.0,,,8.0,,,41,8.0,0.001,225.36619969457388,66.96482181549072,209.92097808420658,,0.010872165447418168,,0,,0,0.0,1e-06,0,,64,,1.0,,,,8.0,0.07585962861776352,,57359,,0.6875,,uk74oszd,LUFFY / no_logprob / sampling=confidence,False,confidence
41,1767940800.7879808,,,0,4199.171875,0.19556361436843872,275,0.14915504306554794,1.0,0.4464285714285714,,0.8982382015425616,,46625,,-0.020088201388716698,282.6077379286864,9306,,,0.012569442391395569,1,,1,0.005399064160883427,,0.44252142310142517,,0.75,1.0,0,,0.12185265123844147,0.015625,72907,357.25,1.0,-2.4748666286468506,,0.609375,1.6144764423370361,,1.6201815605163574,89687,0.1268344223499298,,0.5535714030265808,,,8.0,-0.011017032898962498,0.0,0.8838626146316528,0,56.0,0.08221978694200516,-2.4748666286468506,0.18115114513678257,0.338344559312436,0.40295854210853577,0.10176444984972477,,72902.75,,,470,41,-0.021754922345280647,1,0.40295854210853577,0.037395856923044764,0.609375,,0.109375,232.1602783203125,,43062,0.12331952154636383,0.0012923628091812134,1.0,291611,257.9644511304796,509,-0.03328292816877365,8.0,0,,56.0,0.5535714030265808,0.012569442391395569,-0.021754922345280647,0.0002819502245868817,2.8042247742414474,0,,,10.905043233186007,0.3035714328289032,,11852.387492467,2.6055579483509064,1.6201815605163574,99.3046875,0.609375,1,0.0,,,8.0,,,36,8.0,0.001,257.9644511304796,66.96482181549072,241.3988219499588,,0.008935046854717094,,0,,0,0.0,1e-06,0,,64,,1.0,,,,8.0,0.09562905132770538,,72896,,0.609375,,uk74oszd,LUFFY / no_logprob / sampling=confidence,False,confidence
42,1767941073.7770858,,,0,4840.53125,0.21770760416984558,275,0.16002362966537476,1.0,0.5510204081632653,,0.8242293240939792,,29531,,-0.17588946223258972,304.5658197207983,9645,,,0.0061460197903215885,1,,1,0.002934214426204562,,0.4501691460609436,,1.0,1.0,0,,0.3479780852794647,0.015625,83149,355.609375,1.0,-1.6201815605163574,,0.484375,2.7050588130950928,,2.4748666286468506,115515,0.1239926740527153,,0.42105263471603394,,,7.0,-0.013319206424057484,0.0,1.3406015634536743,0,57.0,0.08722607418894768,-1.6201815605163574,0.19817169989774067,0.26920216241373307,0.3635444939136505,0.172088623046875,,83138.25,,,494,42,-0.02800491638481617,1,0.3635444939136505,0.034664244558223783,0.484375,,0.109375,232.34716796875,,85984,0.12251129001379013,0.0013147704303264618,1.0,332553,272.9730147533119,326,-0.03646841645240784,7.0,0,,57.0,0.42105263471603394,0.0061460197903215885,-0.02800491638481617,0.0002622922487210991,3.0889130644500256,0,,,11.527698520570993,0.42105263471603394,,12151.53017405,2.7458682991564274,2.4748666286468506,99.3046875,0.484375,1,0.0,,,7.0,,,27,7.0,0.001,272.9730147533119,66.96482181549072,255.3412992283702,,0.008256934380854864,,0,,0,1.0,1e-06,0,,64,,1.0,,,,7.0,0.10843949764966965,,83123,,0.484375,,uk74oszd,LUFFY / no_logprob / sampling=confidence,False,confidence
43,1767941372.9197793,,,0,3622.8125,0.5886540412902832,275,0.1348625086247921,1.0,0.3928571428571429,,1.2189016506245527,,45869,,0.0,211.960219109723,9125,,,0.007357888389378786,1,,1,0.002779008587822318,,0.4707740545272827,,0.875,1.0,0,,0.14189192838966846,0.015625,63410,339.859375,1.0,-2.4748666286468506,,0.65625,2.2459330558776855,,1.6201815605163574,100411,0.13601155579090118,,0.6071428656578064,,,8.0,-0.017614882439374924,0.0,0.9204276204109192,0,56.0,0.08173380419611931,-2.4748666286468506,0.15615960770808543,0.30093392047058426,0.3244367241859436,0.14189192838966846,,63402.75,,,467,43,-0.036429647356271744,1,0.3244367241859436,0.04263525063473996,0.65625,,0.109375,232.8775405883789,,54542,0.13461486995220184,0.003019280731678009,1.0,253611,299.125705126673,639,-0.04352228716015816,8.0,0,,56.0,0.6071428656578064,0.007357888389378786,-0.036429647356271744,0.0003222802015532422,2.854213207960129,0,,,10.812768548727036,0.4821428656578064,,12423.369715325,2.608601897954941,1.6201815605163574,99.3046875,0.65625,1,0.0,,,8.0,,,41,8.0,0.001,299.125705126673,66.96482181549072,282.6145367138088,,0.010285838934253408,,0,,0,0.0,1e-06,0,,64,,1.0,,,,8.0,0.09278631210327148,,63384,,0.65625,,uk74oszd,LUFFY / no_logprob / sampling=confidence,False,confidence
44,1767941644.7592723,,,0,4918.203125,0.2257220298051834,275,0.1635567471385002,1.0,0.6071428571428571,,0.805753484201922,,67547,,-0.1629313826560974,311.55208078128254,10790,,,0.009384779259562492,1,,1,0.004071652423590422,,0.4205670952796936,,1.0,1.0,0,,0.02361808530986309,0.015625,84690,374.640625,1.0,-1.6201815605163574,,0.46875,1.9144001007080078,,2.4748666286468506,98692,0.11167449504137039,,0.3928571343421936,,,8.0,-0.015729043632745743,0.0,1.072075366973877,0,56.0,0.09440609067678452,-1.6201815605163574,0.191671789970537,0.22303564279994278,0.3335641026496887,-0.13931329734623432,,84685.5,,,546,44,-0.028585655614733696,1,0.3335641026496887,0.03557949117162015,0.46875,,0.109375,233.27685546875,,31145,0.1095723882317543,0.001401316374540329,1.0,338742,271.81811717525125,942,-0.03901297226548195,8.0,0,,56.0,0.3928571343421936,0.009384779259562492,-0.028585655614733696,0.00027869614832759005,3.1059843860566616,0,,,12.052267998456955,0.3928571343421936,,12649.210870006,2.758828639984131,2.4748666286468506,99.3046875,0.46875,1,0.0,,,8.0,,,28,8.0,0.001,271.81811717525125,66.96482181549072,253.622995454818,,0.008144335925229616,,0,,0,0.0,1e-06,0,,64,,1.0,,,,8.0,0.12025566399097443,,84675,,0.46875,,uk74oszd,LUFFY / no_logprob / sampling=confidence,False,confidence
45,1767941870.6003864,,,0,3536.03125,0.7134526968002319,275,0.13733498379588127,1.0,0.39285714285714285,,0.9297580656475452,,43065,,-0.03068525716662407,274.54267466725736,9434,,,0.012363790534436703,1,,1,0.004403580911457539,,0.4486737549304962,,1.0,1.0,0,,-0.12584576196968555,0.015625,62001,338.875,1.0,-2.4748666286468506,,0.65625,2.6969616413116455,,0.935412585735321,83143,0.128900945186615,,0.6071428656578064,,,8.0,-0.009227202273905277,0.0,0.666220486164093,0,56.0,0.08567318320274353,-2.4748666286468506,0.16560283895049072,0.15567496226930974,0.4312736392021179,-0.15653101913630962,,61998.5,,,494,45,-0.04116389900445938,1,0.4312736392021179,0.04032159858774125,0.65625,,0.109375,233.45469284057617,,40078,0.12511566281318665,0.0017807409167289734,1.0,247994,225.82463755458593,497,-0.050019338726997375,8.0,0,,56.0,0.6071428656578064,0.012363790534436703,-0.04116389900445938,0.00034546474189997957,2.7152922302484512,0,,,9.999514520168304,0.6071428656578064,,12924.748759835,2.4568073712289333,0.935412585735321,99.3046875,0.65625,1,0.0,,,8.0,,,38,8.0,0.001,225.82463755458593,66.96482181549072,210.40982880443335,,0.009906721014334756,,0,,0,0.0,1e-06,0,,64,,1.0,,,,8.0,0.09249906241893768,,61995,,0.65625,,uk74oszd,LUFFY / no_logprob / sampling=confidence,False,confidence
46,1767942146.1383622,,,0,4731.90625,0.4255124032497406,275,0.20201390981674194,1.0,0.6785714285714286,,0.8448361358995055,,59724,,-0.20923176407814026,297.4085069260612,12827,,,0.00797115359455347,1,,1,0.0027812086045742035,,0.4197363257408142,,1.0,1.0,0,,0.23303289338946342,0.015625,82310,389.515625,1.0,-1.6201815605163574,,0.40625,2.2332677841186523,,2.4748666286468506,115686,0.10936221480369568,,0.3214285671710968,,,8.0,-0.01898009516298771,0.0,1.4296478033065796,0,56.0,0.10704192519187927,-1.6201815605163574,0.17341010869849727,0.19884872724392938,0.29549071192741394,0.023801129311323166,,81942.75,,,735,46,-0.028505410999059677,1,0.29549071192741394,0.0399105816111292,0.40625,,0.109375,233.79066848754883,,55962,0.10786662995815277,0.0017417706549167633,1.0,327771,275.5225492604077,695,-0.04022197052836418,8.0,0,,56.0,0.3214285671710968,0.00797115359455347,-0.028505410999059677,0.000326575338244931,3.2894763499498367,0,,,13.08153124526143,0.3214285671710968,,13205.111570056,2.9694146811962128,2.4748666286468506,99.3046875,0.40625,1,0.0,,,8.0,,,21,8.0,0.001,275.5225492604077,66.96482181549072,255.85186506807804,,0.009059418561118015,,0,,0,0.0,1e-06,0,,64,,1.0,,,,8.0,0.16069550812244415,,80848,,0.40625,,uk74oszd,LUFFY / no_logprob / sampling=confidence,False,confidence
47,1767942426.5011728,,,0,4536.125,0.5176074504852295,275,0.19005554541945457,1.0,0.44642857142857145,,0.9063935606174806,,47686,,-0.04116860032081604,280.6176319557846,12652,,,0.007981068454682827,1,,1,0.0027090036310255527,,0.415151447057724,,0.875,1.0,0,,0.3027233276516199,0.015625,79014,380.765625,1.0,-2.4748666286468506,,0.609375,2.409759521484375,,1.6201815605163574,120470,0.1038946658372879,,0.5535714030265808,,,8.0,-0.006212895270437002,0.0,0.9114805459976196,0,56.0,0.09787017479538918,-2.4748666286468506,0.19301653159482618,0.2714050741709047,0.290421724319458,0.26155472733080387,,78670.25,,,712,47,-0.024032700806856155,1,0.290421724319458,0.03587543350640796,0.609375,,0.109375,234.13623809814453,,72784,0.1023939922451973,0.0016273893415927887,1.0,314681,280.3467816747725,511,-0.03155916556715965,8.0,0,,56.0,0.5535714030265808,0.007981068454682827,-0.024032700806856155,0.0003110139309185784,2.909939266741276,0,,,11.289317291229963,0.4285714328289032,,13523.353835635,2.679005578160286,1.6201815605163574,99.3046875,0.609375,1,0.0,,,8.0,,,34,8.0,0.001,280.3467816747725,66.96482181549072,263.136927369982,,0.008513401121009168,,0,,0,0.0,1e-06,0,,64,,1.0,,,,8.0,0.0809251144528389,,77685,,0.609375,,uk74oszd,LUFFY / no_logprob / sampling=confidence,False,confidence
48,1767942744.7433882,,,0,4034.140625,0.257813960313797,275,0.15897826477885246,1.0,0.3571428571428571,,1.1711845573495328,,53252,,-0.020088201388716698,221.0649022806299,11027,,,0.0088967215269804,1,,1,0.0030974906403571367,,0.41095662117004395,,0.875,1.0,0,,0.1494638416916132,0.015625,70355,362.609375,1.0,-2.4748666286468506,,0.6875,1.8778529167175293,,0.935412585735321,111558,0.10598673671483994,,0.6428571343421936,,,8.0,-0.00536904064938426,0.0,0.7226136922836304,0,56.0,0.09200938418507576,-2.4748666286468506,0.18391280053678707,0.2258769757263128,0.3334772288799286,0.1293756403028965,,70348.0,,,560,48,-0.021126843988895416,1,0.3334772288799286,0.0365628241474242,0.6875,,0.109375,234.42395401000977,,58306,0.10394464433193207,0.0021965391933918,1.0,281392,318.22328770533204,524,-0.027803093194961548,8.0,0,,56.0,0.6428571343421936,0.0088967215269804,-0.021126843988895416,0.0003269793888421695,2.7831375785171986,0,,,10.28848621249199,0.5178571343421936,,13794.759460366,2.4966038689017296,0.935412585735321,99.3046875,0.6875,1,0.0,,,8.0,,,39,8.0,0.001,318.22328770533204,66.96482181549072,302.3822849392891,,0.00887233421313232,,0,,0,0.0,1e-06,0,,64,,1.0,,,,8.0,0.058597858995199203,,70345,,0.6875,,uk74oszd,LUFFY / no_logprob / sampling=confidence,False,confidence
49,1767943016.149129,,,0,4542.3125,0.5198091864585876,275,0.1846403293311596,1.0,0.42857142857142855,,0.8705119760936529,,56645,,-0.12500229477882385,290.2151339552817,12200,,,0.007175585255026817,1,,1,0.002527430886402726,,0.4144226014614105,,1.0,1.0,0,,0.15628624334931374,0.015625,78766,380.21875,1.0,-2.4748666286468506,,0.546875,2.087700128555298,,1.6201815605163574,91455,0.10774873197078705,,0.4912280738353729,,,7.0,-0.007210352923721075,0.0,0.9883554577827454,0,57.0,0.09854349493980408,-2.4748666286468506,0.18237414128697688,0.21597969886241558,0.38398951292037964,0.03128394857048988,,78760.5,,,696,49,-0.023702196776866913,1,0.38398951292037964,0.03792476896715355,0.546875,,0.109375,234.7470359802246,,34810,0.10575220733880997,0.002269759774208069,1.0,315042,271.38660526275635,482,-0.03101678565144539,7.0,0,,57.0,0.4912280738353729,0.007175585255026817,-0.023702196776866913,0.00031279478590094044,3.2180536538362503,0,,,11.94789506494999,0.4912280738353729,,15170.867331363,2.849635574966669,1.6201815605163574,99.3046875,0.546875,1,0.0,,,7.0,,,32,7.0,0.001,271.38660526275635,66.96482181549072,253.06479554623365,,0.009045256108603517,,0,,0,1.0,1e-06,0,,64,,1.0,,,,7.0,0.08213619142770767,,78756,,0.546875,,uk74oszd,LUFFY / no_logprob / sampling=confidence,False,confidence
50,1767944392.2568114,0.3333333333333333,1.0,0,1565.890625,1.0296602249145508,275,0.0882561132311821,1.0,0.14285714285714288,0.5142857142857142,0.9148946599715431,0.011,21900,0.0,-0.02008819952607155,21.645827374629164,6344,0.0,0.13761765634402878,0.019517647102475166,1,0.10165336237782922,1,0.0045875865034759045,0.0,0.6025989055633545,0.0,0.625,1.0,0,0.5851063829787234,0.24319231696426868,0.015625,29787,295.78125,1.0,-2.4748666286468506,0.999,0.875,1.884809136390686,0.32826666666666665,0.7245674133300781,39754,0.21384641528129578,0.545875,0.8571428656578064,0.10430244484191156,0.0,8.0,-0.004327337257564068,0.0,0.4149901568889618,0,56.0,0.06643186509609222,-2.4748666286468506,0.10703303762383087,0.14285714285714288,0.40960532426834106,0.22310411743819714,0.219636055433422,29786.75,1.0,0.22788663789265493,318,50,-0.06747958809137344,1,0.40960532426834106,0.05734390011015595,0.875,1.0,0.109375,234.89916229248047,0.3013287241535397,17854,0.20994959771633148,0.0012178756296634674,1.0,119147,1376.0966252051294,420,-0.07708370685577393,8.0,0,1273.7876434847713,56.0,0.8571428656578064,0.019517647102475166,-0.06747958809137344,0.0005575622138710352,1.8894534669816494,0,0.0,0.0,6.832353666424751,0.4821428656578064,0.0,15374.577942088,1.7294539995491505,0.7245674133300781,99.3046875,0.875,1,0.0,0.49270366710252816,0.5897333333333333,8.0,0.03160696125855822,0.41666666666666663,55,8.0,0.001,1376.0966252051294,66.96482181549072,91.68799813836813,0.17677669529663687,0.014515296226922629,0.966,0,0.0,0,0.0,1e-06,0,0.18122913673027305,64,1.0,1.0,0.5,0.0,0.294,8.0,0.04839757829904556,0.101,29786,0.0,0.875,0.0,uk74oszd,LUFFY / no_logprob / sampling=confidence,False,confidence
51,1767944595.9676273,,,0,2774.53125,0.9063360691070557,275,0.12133097276091576,1.0,0.3392857142857143,,1.0697686883304183,,39092,,0.0,242.8832737233703,7739,,,0.011009742505848408,1,,1,0.0037549939006567,,0.4810352027416229,,0.75,1.0,0,,0.1642544474452734,0.015625,49477,317.65625,1.0,-2.4748666286468506,,0.703125,1.9637826681137085,,1.20761239528656,65562,0.14180268347263336,,0.6607142686843872,,,8.0,-0.010735301300883293,0.0,0.6690218448638916,0,56.0,0.10439236834645271,-2.4748666286468506,0.1450674123452097,0.27606472917393404,0.34919533133506775,0.1642544474452734,,49475.0,,,396,51,-0.0438220240175724,1,0.34919533133506775,0.04476161537190288,0.703125,,0.109375,235.95906829833984,,26470,0.139493927359581,0.0019460059702396393,1.0,197900,203.69867072999477,481,-0.05175761878490448,8.0,0,,56.0,0.6607142686843872,0.011009742505848408,-0.0438220240175724,0.0005275005980113831,2.54003681614995,0,,,8.85832368209958,0.4107142984867096,,15660.791860531,2.0857582576572895,1.20761239528656,99.3046875,0.703125,1,0.0,,,8.0,,,42,8.0,0.001,203.69867072999477,66.96482181549072,189.95882598683238,,0.010539455571790245,,0,,0,0.0,1e-06,0,,64,,1.0,,,,8.0,0.06921220570802689,,49472,,0.703125,,uk74oszd,LUFFY / no_logprob / sampling=confidence,False,confidence
52,1767944882.1814353,,,0,4259.3125,0.5091145634651184,275,0.1760452352464199,1.0,0.4107142857142857,,0.9839572052739097,,52581,,-0.03068525716662407,259.8892590924883,10871,,,0.009200428612530231,1,,1,0.003432381432503462,,0.4197283089160919,,1.0,1.0,0,,0.010309496894478798,0.015625,74388,389.40625,1.0,-2.4748666286468506,,0.640625,2.352489948272705,,1.20761239528656,110456,0.10927700996398926,,0.5892857313156128,,,8.0,-0.01348683051764965,0.0,0.7543845176696777,0,56.0,0.09294076263904572,-2.4748666286468506,0.17204188951456925,0.18123020651950392,0.34984615445137024,-0.02037576027214527,,74379.5,,,546,52,-0.037841010838747025,1,0.34984615445137024,0.040035799314685025,0.640625,,0.109375,236.2645378112793,,57875,0.10704311728477478,0.0015371553599834442,1.0,297518,286.19689886271954,458,-0.0451975092291832,8.0,0,,56.0,0.5892857313156128,0.009200428612530231,-0.037841010838747025,0.0003123870241096193,2.9627985544502735,0,,,11.911370940506458,0.5892857313156128,,15892.132578639,2.807447198778391,1.20761239528656,99.3046875,0.640625,1,0.0,,,8.0,,,36,8.0,0.001,286.19689886271954,66.96482181549072,268.2227983288467,,0.009436226375474394,,0,,0,0.0,1e-06,0,,64,,1.0,,,,8.0,0.07380539178848267,,74372,,0.640625,,uk74oszd,LUFFY / no_logprob / sampling=confidence,False,confidence
53,1767945113.5221276,,,0,3786.640625,0.24239486455917358,275,0.16931177303195,1.0,0.4107142857142857,,0.8896032489965185,,29478,,-0.07323664054274559,286.3437287342136,12342,,,0.013790257275104523,1,,1,0.004000517074018717,,0.441288560628891,,0.875,1.0,0,,-0.018268056213855743,0.015625,66253,353.203125,1.0,-2.4748666286468506,,0.640625,2.1026878356933594,,1.6201815605163574,80134,0.12302727997303009,,0.5892857313156128,,,8.0,-0.01679082028567791,0.0,1.0538102388381958,0,56.0,0.10204511880874634,-2.4748666286468506,0.17609887087616125,0.3229132378575915,0.4057570695877075,-0.09150469675660133,,66237.5,,,711,53,-0.03073234297335148,1,0.4057570695877075,0.03868026485598791,0.640625,,0.109375,236.69966888427734,,50656,0.11907386034727097,0.003173545002937317,1.0,264950,231.32163673639297,476,-0.04589759558439255,8.0,0,,56.0,0.5892857313156128,0.013790257275104523,-0.03073234297335148,0.0003851485895782085,2.6267842948436737,0,,,10.248336173593998,0.4642857015132904,,16155.85123297,2.5622084513306618,1.6201815605163574,99.3046875,0.640625,1,0.0,,,8.0,,,37,8.0,0.001,231.32163673639297,66.96482181549072,215.5908993780613,,0.00967053576648674,,0,,0,0.0,1e-06,0,,64,,1.0,,,,8.0,0.10231929272413254,,66222,,0.640625,,uk74oszd,LUFFY / no_logprob / sampling=confidence,False,confidence
54,1767945377.2408519,,,0,3518.53125,0.5684650540351868,275,0.141360592097044,1.0,0.30357142857142855,,1.0999278830890402,,29018,,-0.05314843729138374,234.91659479469465,9226,,,0.009254571981728077,1,,1,0.0033500513527542353,,0.469796746969223,,0.75,1.0,0,,0.13380829244852066,0.015625,61953,353.203125,1.0,-2.4748666286468506,,0.734375,1.9735503196716309,,0.935412585735321,77428,0.1301402449607849,,0.6964285969734192,,,8.0,-0.008265155367553234,0.0,0.5490185022354126,0,56.0,0.10523923113942146,-2.4748666286468506,0.15798845782186766,0.23076514255928723,0.31453871726989746,0.08065985515713692,,61947.75,,,494,54,-0.03795289620757103,1,0.31453871726989746,0.042374133003522906,0.734375,,0.109375,236.93393325805664,,48410,0.12841777503490448,0.0018076896667480469,1.0,247791,263.70103846490383,746,-0.04343581199645996,8.0,0,,56.0,0.6964285969734192,0.009254571981728077,-0.03795289620757103,0.00042470965910554244,2.698371198028326,0,,,10.499928791075945,0.4464285671710968,,16421.852063872,2.5450670532882214,0.935412585735321,99.3046875,0.734375,1,0.0,,,8.0,,,42,8.0,0.001,263.70103846490383,66.96482181549072,247.68836028128862,,0.010271022972134667,,0,,0,0.0,1e-06,0,,64,,1.0,,,,8.0,0.05748884379863739,,61942,,0.734375,,uk74oszd,LUFFY / no_logprob / sampling=confidence,False,confidence
55,1767945643.241722,,,0,4062.484375,0.7936994433403015,275,0.1551915444433689,1.0,0.4642857142857143,,0.9515034647410082,,52867,,-0.14061741530895233,266.8140001790486,12690,,,0.011192350648343563,1,,1,0.0033972468227148056,,0.4450838267803192,,0.625,1.0,0,,0.15480425022542477,0.015625,71365,373.0,1.0,-1.6201815605163574,,0.59375,1.2876596450805664,,2.4748666286468506,109936,0.11978188157081604,,0.5357142686843872,,,8.0,-0.01603453978896141,0.0,1.5285693407058716,0,56.0,0.09879382699728012,-1.6201815605163574,0.16208575542738515,0.43886449026587526,0.38865458965301514,0.014186834916472435,,70967.75,,,694,55,-0.017337363213300705,1,0.38865458965301514,0.04334393544162832,0.59375,,0.109375,237.1463394165039,,57069,0.11673851311206818,0.001633286476135254,1.0,283871,265.98210720717907,460,-0.034835536032915115,8.0,0,,56.0,0.5357142686843872,0.011192350648343563,-0.017337363213300705,0.0003480236691922744,3.095047675073147,0,,,12.304086297750473,0.1607142835855484,,16734.947785094,2.9167671762406826,2.4748666286468506,99.3046875,0.59375,1,0.0,,,8.0,,,33,8.0,0.001,265.98210720717907,66.96482181549072,247.3899493291974,,0.010274974112328073,,0,,0,0.0,1e-06,0,,64,,1.0,,,,8.0,0.10895173251628876,,70535,,0.59375,,uk74oszd,LUFFY / no_logprob / sampling=confidence,False,confidence
56,1767945956.3374112,,,0,4685.296875,0.3213864266872406,275,0.1694229058921337,1.0,0.5178571428571429,,0.9840288698252639,,36599,,-0.13322437182068825,258.6597451117969,12782,,,0.009731240570545197,1,,1,0.0033735663164407015,,0.4475337862968445,,0.875,1.0,0,,0.20005064457654953,0.015625,80996,375.953125,1.0,-2.4748666286468506,,0.546875,1.7517644166946411,,1.6201815605163574,104780,0.12070748955011368,,0.4821428656578064,,,8.0,-0.02130850963294506,0.0,0.9518520832061768,0,56.0,0.09605546295642853,-2.4748666286468506,0.1922615090748613,0.3025191847517396,0.4272109866142273,0.06682627275586128,,80980.0,,,733,56,-0.033882465213537216,1,0.4272109866142273,0.03678670711263326,0.546875,,0.109375,237.7165412902832,,68181,0.11769551783800125,0.0017009451985359192,1.0,323920,313.0753877647221,535,-0.04356914758682251,8.0,0,,56.0,0.4821428656578064,0.009731240570545197,-0.033882465213537216,0.00029654069818605994,3.015537567436695,0,,,11.915950167924166,0.3571428656578064,,16969.563701647,2.7871365062892437,1.6201815605163574,99.3046875,0.546875,1,0.0,,,8.0,,,32,8.0,0.001,313.0753877647221,66.96482181549072,295.0699128769338,,0.008604397710203888,,0,,0,0.0,1e-06,0,,64,,1.0,,,,8.0,0.11820033192634583,,80964,,0.546875,,uk74oszd,LUFFY / no_logprob / sampling=confidence,False,confidence
57,1767946190.9532657,,,0,3503.765625,0.23251576721668243,275,0.14921141415834427,1.0,0.3392857142857143,,0.9797669046363433,,47168,,-0.08233719691634178,263.20159996513405,11046,,,0.008994787000119686,1,,1,0.002726736944168806,,0.48959895968437195,,0.875,1.0,0,,-0.06381901539862156,0.015625,61758,355.390625,1.0,-2.4748666286468506,,0.703125,2.5125539302825928,,1.20761239528656,72816,0.14451642334461212,,0.6607142686843872,,,8.0,-0.016584400087594986,0.0,0.6130514740943909,0,56.0,0.08810758963227272,-2.4748666286468506,0.16892102358112251,0.2012397798140115,0.3490917384624481,-0.14615621231496334,,61746.5,,,512,57,-0.05478477105498314,1,0.3490917384624481,0.03963274995406947,0.703125,,0.109375,237.8398666381836,,25648,0.14265960454940796,0.0014427267014980316,1.0,246986,234.5977380387485,615,-0.060846343636512756,8.0,0,,56.0,0.6607142686843872,0.008994787000119686,-0.05478477105498314,0.0003567311087765004,2.5095910541713238,0,,,9.788734380155802,0.5357142686843872,,17188.545986372,2.3411530256271362,1.20761239528656,99.3046875,0.703125,1,0.0,,,8.0,,,43,8.0,0.001,234.5977380387485,66.96482181549072,219.70391046255827,,0.00947888959547155,,0,,0,0.0,1e-06,0,,64,,1.0,,,,8.0,0.07261499762535095,,61739,,0.703125,,uk74oszd,LUFFY / no_logprob / sampling=confidence,False,confidence
58,1767946409.9355571,,,0,3249.03125,0.4595130383968353,275,0.13118607178330421,1.0,0.22448979591836737,,0.9831085280395856,,33842,,-0.06861434131860733,262.01066213138387,8826,,,0.006684684660285711,1,,1,0.002337360056117177,,0.48893967270851135,,0.4285714328289032,1.0,0,,0.08138621412217617,0.015625,57379,336.6875,1.0,-2.4748666286468506,,0.71875,1.8591114282608032,,2.4748666286468506,72815,0.14341053366661072,,0.6842105388641357,,,7.0,-0.0052900901064276695,0.0,0.4295526444911957,0,57.0,0.08212491497397423,-2.4748666286468506,0.16072910691580172,0.3135161529742289,0.33928850293159485,0.01277187280356884,,57371.5,,,466,58,-0.023719819262623787,1,0.33928850293159485,0.04087457698090062,0.71875,,0.109375,238.15460968017578,,38973,0.14209233224391937,0.0017720609903335571,1.0,229486,218.96627997234464,585,-0.02677019126713276,7.0,0,,57.0,0.6842105388641357,0.006684684660285711,-0.023719819262623787,0.0003578645972912257,2.6729547157883644,0,,,9.38014317303896,0.19298245012760162,,17607.706243312,2.2562278397381306,2.4748666286468506,99.3046875,0.71875,1,0.0,,,7.0,,,43,7.0,0.001,218.96627997234464,66.96482181549072,204.42562110349536,,0.009831657877770891,,0,,0,1.0,1e-06,0,,64,,1.0,,,,7.0,0.0383073166012764,,57365,,0.71875,,uk74oszd,LUFFY / no_logprob / sampling=confidence,False,confidence
59,1767946829.0958393,,,0,6043.328125,0.21316178143024445,275,0.27128754183650017,1.0,0.5357142857142857,,1.0199334276807175,,82358,,-0.18178601562976837,247.6034436172564,21580,,,0.006207775790244341,1,,1,0.0016831452958285809,,0.38706323504447937,,0.875,1.0,0,,-0.008093275129795074,0.015625,106129,443.0,1.0,-1.20761239528656,,0.53125,1.735346794128418,,2.4748666286468506,122637,0.09164979308843613,,0.4642857015132904,,,8.0,-0.02617277391254902,0.0,1.0696887969970703,0,56.0,0.1351940520107746,-1.20761239528656,0.18716112769191676,0.2743266338524503,0.3130868971347809,-0.18987929075956345,,103781.25,,,709,59,-0.06688592582941055,1,0.3130868971347809,0.03950323449384373,0.53125,,0.109375,238.70621871948242,,40279,0.09026657789945602,0.0027967840433120728,1.0,415125,419.1429993212223,975,-0.07398560643196106,8.0,0,,56.0,0.4642857015132904,0.006207775790244341,-0.06688592582941055,0.0003256707064396859,4.103998113423586,0,,,16.398780219256878,0.3392857015132904,,17839.097462914,3.719654742628336,2.4748666286468506,99.3046875,0.53125,1,0.0,,,8.0,,,32,8.0,0.001,419.1429993212223,75.64783239364624,394.4827116243541,,0.00896032458326609,,0,,0,0.0,1e-06,0,,64,,1.0,,,,8.0,0.0748782828450203,,102982,,0.53125,,uk74oszd,LUFFY / no_logprob / sampling=confidence,False,confidence
60,1767947060.4869952,,,0,3560.546875,0.34617555141448975,275,0.16691339388489723,1.0,0.3673469387755102,,0.9411229910395398,,37736,,-0.04116860032081604,270.44061944602964,12787,,,0.009671969339251518,1,,1,0.002554331673309207,,0.4954608380794525,,0.8571428656578064,1.0,0,,0.06136496923863888,0.015625,62586,350.140625,1.0,-2.4748666286468506,,0.65625,1.9684243202209473,,1.20761239528656,97067,0.14990204572677612,,0.6140350699424744,,,7.0,-0.0276393573731184,0.0,0.6938297748565674,0,57.0,0.11309538036584854,-2.4748666286468506,0.15150765277708828,0.25160873481506024,0.41276854276657104,0.020196368917822838,,62571.0,,,695,60,-0.06509575992822647,1,0.41276854276657104,0.044526232166294935,0.65625,,0.125,238.9083595275879,,59331,0.14733478426933289,0.0025592446327209473,1.0,250284,231.3668713234365,552,-0.07250776141881943,7.0,0,,57.0,0.6140350699424744,0.009671969339251518,-0.06509575992822647,0.0004518681991891153,2.8338810838758945,0,,,11.14420349150896,0.4912280738353729,,18060.929172796,2.622579697519541,1.20761239528656,99.3046875,0.65625,1,0.0,,,7.0,,,38,7.0,0.001,231.3668713234365,75.64783239364624,214.45840158313513,,0.010478415310285679,,0,,0,1.0,1e-06,0,,64,,1.0,,,,7.0,0.10127707570791245,,62562,,0.65625,,uk74oszd,LUFFY / no_logprob / sampling=confidence,False,confidence
61,1767947282.3188276,,,0,3991.4375,0.2402922809123993,275,0.16522551327943802,1.0,0.5,,0.8115934161748607,,56251,,-0.10629688948392868,312.2344359579788,10585,,,0.016707640141248703,1,,1,0.0059836250729858875,,0.47292783856391907,,0.875,1.0,0,,0.12584577687084675,0.015625,69279,337.234375,1.0,-2.4748666286468506,,0.5625,1.4908990859985352,,2.4748666286468506,83834,0.138738214969635,,0.5,,,8.0,-0.02067522518336773,0.0,1.0235663652420044,0,56.0,0.09546885639429092,-2.4748666286468506,0.1950646205233151,0.29450754468697576,0.4461556673049927,0.019548887386918068,,69258.75,,,560,61,-0.028082724660634995,1,0.4461556673049927,0.03407528631300794,0.5625,,0.109375,238.9746971130371,,27583,0.13351471722126007,0.0017469562590122223,1.0,277035,221.81650075688958,480,-0.04595183953642845,8.0,0,,56.0,0.5,0.016707640141248703,-0.028082724660634995,0.0003446093684707381,2.5299967154860497,0,,,9.440046943724155,0.375,,18274.231811154,2.2413236759603024,2.4748666286468506,99.3046875,0.5625,1,0.0,,,8.0,,,31,8.0,0.001,221.81650075688958,75.64783239364624,207.32316134870052,,0.008090398960276869,,0,,0,0.0,1e-06,0,,64,,1.0,,,,8.0,0.13882462680339813,,69219,,0.5625,,uk74oszd,LUFFY / no_logprob / sampling=confidence,False,confidence
62,1767947495.621411,,,0,4298.859375,0.22381897270679474,275,0.14934729039669037,1.0,0.6964285714285714,,0.7199240483369951,,58721,,-0.22445111721754074,346.23407387956246,9413,,,0.013535567559301853,1,,1,0.005888231098651886,,0.4903346598148346,,1.0,1.0,0,,0.06876313127577305,0.015625,73859,316.5625,1.0,-1.6201815605163574,,0.390625,1.7958049774169922,,2.4748666286468506,90765,0.14548727869987488,,0.3035714328289032,,,8.0,-0.03300294652581215,0.0,1.603779673576355,0,56.0,0.09277412295341492,-1.6201815605163574,0.19752942622173073,0.24156695104408363,0.4540604054927826,-0.1556879859417677,,73846.75,,,469,62,-0.027697362005710602,1,0.4540604054927826,0.03413773310301232,0.390625,,0.109375,239.36801528930664,,32044,0.14125323295593262,0.0013826601207256317,1.0,295387,213.2856225632131,861,-0.05008333921432495,8.0,0,,56.0,0.3035714328289032,0.013535567559301853,-0.027697362005710602,0.0003140765265682475,2.6013731211423874,0,,,10.083842568099499,0.3035714328289032,,18512.441353945,2.2695064954459667,2.4748666286468506,99.3046875,0.390625,1,0.0,,,8.0,,,22,8.0,0.001,213.2856225632131,75.64783239364624,198.07054364681244,,0.007683163089255677,,0,,0,0.0,1e-06,0,,64,,1.0,,,,8.0,0.2244405746459961,,73838,,0.390625,,uk74oszd,LUFFY / no_logprob / sampling=confidence,False,confidence
63,1767947733.8309507,,,0,2893.328125,0.3749113082885742,275,0.14063436165452003,1.0,0.14285714285714285,,1.1953010111693925,,38389,,-0.05314844101667404,220.33079786199735,10275,,,0.011378549039363861,1,,1,0.0030334354378283024,,0.4475747346878052,,0.375,1.0,0,,-0.014003733173012733,0.015625,52989,386.78125,1.0,-2.4748666286468506,,0.875,1.4928550720214844,,0.935412585735321,74000,0.12054021656513214,,0.8571428656578064,,,8.0,-0.002962761791422963,0.0,0.435442715883255,0,56.0,0.08710534870624542,-2.4748666286468506,0.12761756009064285,0.21428571428571427,0.34626397490501404,-0.06715217418968678,,52481.75,,,578,63,-0.02264491654932499,1,0.34626397490501404,0.052307065313377685,0.875,,0.109375,239.53732299804688,,35611,0.11794224381446838,0.001900315284729004,1.0,209927,238.1952523626387,520,-0.027917280793190002,8.0,0,,56.0,0.8571428656578064,0.011378549039363861,-0.02264491654932499,0.00041493161292375646,2.9392586313188076,0,,,10.980665300041437,0.2321428507566452,,18720.348350555,2.687568612396717,0.935412585735321,99.3046875,0.875,1,0.0,,,8.0,,,52,8.0,0.001,238.1952523626387,75.64783239364624,221.33747414126992,,0.012802396130067676,,0,,0,0.0,1e-06,0,,64,,1.0,,,,8.0,0.017801392823457718,,50961,,0.875,,uk74oszd,LUFFY / no_logprob / sampling=confidence,False,confidence
64,1767947941.7379348,,,0,2940.875,0.7023059129714966,275,0.13553527742624283,1.0,0.19642857142857145,,1.0159556307530375,,22484,,-0.05314844101667404,252.44401613508265,10456,,,0.015476899221539497,1,,1,0.004136655945330858,,0.47332173585891724,,0.75,1.0,0,,-0.1104851234704256,0.015625,52490,339.203125,1.0,-2.4748666286468506,,0.828125,1.6750688552856445,,0.935412585735321,86078,0.13641546666622162,,0.8035714030265808,,,8.0,-0.010225601494312286,0.0,0.450230211019516,0,56.0,0.08045122027397156,-2.4748666286468506,0.12550886385736076,0.17404989901444576,0.3865587115287781,-0.16363356448709965,,52481.25,,,547,64,-0.04721716046333313,1,0.3865587115287781,0.05288543647011646,0.828125,,0.109375,239.7171630859375,,63594,0.13248315453529358,0.002123124897480011,1.0,209925,207.89262824878097,460,-0.055037133395671844,8.0,0,,56.0,0.8035714030265808,0.015476899221539497,-0.04721716046333313,0.0003832379196092488,2.77985605224967,0,,,11.101975250989199,0.5535714030265808,,18964.948007588,2.552191950380802,0.935412585735321,99.3046875,0.828125,1,0.0,,,8.0,,,49,8.0,0.001,207.89262824878097,75.64783239364624,191.2191049978137,,0.012157637015032998,,0,,0,0.0,1e-06,0,,64,,1.0,,,,8.0,0.041780125349760056,,52465,,0.828125,,uk74oszd,LUFFY / no_logprob / sampling=confidence,False,confidence
65,1767948186.3376942,,,0,3856.109375,0.41344884037971497,275,0.16214529797434807,1.0,0.4285714285714286,,0.9229733875386538,,50429,,0.0,276.21180287083354,14664,,,0.009599215351045132,1,,1,0.0024103422183543444,,0.446500688791275,,1.0,1.0,0,,0.04571511596441269,0.015625,67566,366.109375,1.0,-2.4748666286468506,,0.625,2.157421350479126,,1.6201815605163574,83598,0.1233416348695755,,0.5714285969734192,,,8.0,-0.026395846158266068,0.0,0.9266054034233093,0,56.0,0.10979903489351273,-2.4748666286468506,0.17295723867880272,0.28571428571428575,0.359213262796402,0.04571511596441269,,67555.5,,,693,65,-0.05638078227639198,1,0.359213262796402,0.040313617083085285,0.625,,0.109375,240.32523727416992,,33169,0.12105550616979599,0.002060767263174057,1.0,270222,244.57861430197954,512,-0.06590813398361206,8.0,0,,56.0,0.5714285969734192,0.009599215351045132,-0.05638078227639198,0.0004063289994653016,3.0238975919783115,0,,,10.893626235425472,0.5714285969734192,,19289.884245485,2.585902951657772,1.6201815605163574,99.3046875,0.625,1,0.0,,,8.0,,,40,8.0,0.001,244.57861430197954,75.64783239364624,227.7815252840519,,0.009569550042771395,,0,,0,0.0,1e-06,0,,64,,1.0,,,,8.0,0.08709657937288284,,67545,,0.625,,uk74oszd,LUFFY / no_logprob / sampling=confidence,False,confidence
66,1767948511.273902,,,0,4150.515625,0.35262230038642883,275,0.1627335511147976,1.0,0.4285714285714286,,1.1558160756037872,,51715,,-0.20646101795136929,222.98515458772857,11736,,,0.0092081930488348,1,,1,0.0031110092531889677,,0.4176303446292877,,1.0,1.0,0,,0.05737186037003994,0.015625,72476,377.8125,1.0,-2.4748666286468506,,0.625,2.071826219558716,,1.6201815605163574,102834,0.10644270479679108,,0.5714285969734192,,,8.0,-0.028906557708978653,0.0,0.7339103817939758,0,56.0,0.15137894824147224,-2.4748666286468506,0.16836605297096965,0.28571428571428575,0.3626568913459778,-0.14908915758132935,,72453.25,,,549,66,-0.07317765802145004,1,0.3626568913459778,0.04072575192889167,0.625,,0.109375,240.29828643798828,,51119,0.10406149923801422,0.0022413693368434906,1.0,289813,324.9240970052779,542,-0.0806785449385643,8.0,0,,56.0,0.5714285969734192,0.0092081930488348,-0.07317765802145004,0.0005223331880953312,2.987553507089615,0,,,11.802852343767881,0.5714285969734192,,19521.221479494,2.7759331427514553,1.6201815605163574,99.3046875,0.625,1,0.0,,,8.0,,,37,8.0,0.001,324.9240970052779,75.64783239364624,307.0228916108608,,0.009578359641394469,,0,,0,0.0,1e-06,0,,64,,1.0,,,,8.0,0.08693239837884903,,72431,,0.625,,uk74oszd,LUFFY / no_logprob / sampling=confidence,False,confidence
67,1767948742.6109967,,,0,4206.15625,0.2672542929649353,275,0.14741263166069984,1.0,0.5892857142857144,,0.8000443746076904,,29972,,-0.04116859659552574,312.8509392735893,8610,,,0.0129460534080863,1,,1,0.006030246615409851,,0.4659469425678253,,0.875,1.0,0,,0.19074088335037231,0.015625,72371,316.890625,1.0,-1.6201815605163574,,0.484375,2.078430414199829,,2.4748666286468506,112613,0.1325133889913559,,0.4107142984867096,,,8.0,-0.03319110721349716,0.0,1.458425521850586,0,56.0,0.08044706657528877,-1.6201815605163574,0.18698573982967423,0.33071891388307384,0.3917243480682373,0.14957228675484657,,72368.75,,,420,67,-0.04224467650055885,1,0.3917243480682373,0.03587734499520429,0.484375,,0.109375,240.52267456054688,,82641,0.12911362946033478,0.0027823559939861298,1.0,289475,231.32022607326508,549,-0.06192725524306297,8.0,0,,56.0,0.4107142984867096,0.0129460534080863,-0.04224467650055885,0.0002779067849565205,2.816795762628317,0,,,10.385594442486763,0.2857142984867096,,20096.050717981,2.5021717958152294,2.4748666286468506,99.3046875,0.484375,1,0.0,,,8.0,,,29,8.0,0.001,231.32022607326508,75.64783239364624,215.3671453781426,,0.008643826913603003,,0,,0,0.0,1e-06,0,,64,,1.0,,,,8.0,0.15241028368473053,,72365,,0.484375,,uk74oszd,LUFFY / no_logprob / sampling=confidence,False,confidence
68,1767949317.4403846,,,0,5738.65625,2.014141798019409,275,0.24523677676916122,1.0,0.4047619047619048,,1.4955431107771382,,75387,,-0.04116860032081604,171.37765689145394,21580,,,0.005478198640048504,1,,1,0.0014089320320636034,,0.3857269883155823,,0.6666666865348816,1.0,0,,0.04501996003091335,0.015625,99462,418.171875,1.0,-1.20761239528656,,0.5,2.008732795715332,,2.4748666286468506,118531,0.09232911467552185,,0.4482758641242981,,,6.0,-0.015273114666342735,0.0,1.0141782760620117,0,58.0,0.13052251189947128,-1.20761239528656,0.17448229564883813,0.3442102927333562,0.3439919352531433,0.003851359710097313,,98509.25,,,733,68,-0.03084864281117916,1,0.3439919352531433,0.043055903222813156,0.5,,0.125,241.2570915222168,,43144,0.0909428521990776,0.003455657511949539,1.0,394037,574.8080104887486,454,-0.036605045199394226,6.0,0,,58.0,0.4482758641242981,0.005478198640048504,-0.03084864281117916,0.0003312443042137446,4.257374059408903,0,,,16.965618938207626,0.2068965584039688,,20325.757407696,3.903358656913042,2.4748666286468506,99.701171875,0.5,1,0.0,,,6.0,,,28,6.0,0.001,574.8080104887486,75.64783239364624,549.2741004675627,,0.0099060714017035,,0,,0,2.0,1e-06,0,,64,,1.0,,,,6.0,0.08177501708269119,,98163,,0.5,,uk74oszd,LUFFY / no_logprob / sampling=confidence,False,confidence
69,1767949547.1469543,,,0,4167.4375,0.19929338991641998,275,0.15963433682918549,1.0,0.6071428571428572,,0.8032353556265751,,42503,,-0.05314843729138374,313.08176066397726,12464,,,0.011634097434580326,1,,1,0.0037474397104233503,,0.47646668553352356,,1.0,1.0,0,,-0.03444891795516014,0.015625,71929,327.0625,1.0,-2.4748666286468506,,0.46875,2.4911110401153564,,2.4748666286468506,125459,0.13490475714206696,,0.3928571343421936,,,8.0,-0.03821929544210434,0.0,1.264134168624878,0,56.0,0.09535588324069977,-2.4748666286468506,0.1938721021501254,0.26486423168198797,0.4265231788158417,-0.08759735524654388,,71912.0,,,474,69,-0.04597119614481926,1,0.4265231788158417,0.034957926711885016,0.46875,,0.109375,241.2194061279297,,82956,0.13147211074829102,0.001781068742275238,1.0,287648,229.69079976901412,442,-0.06139249727129936,8.0,0,,56.0,0.3928571343421936,0.011634097434580326,-0.04597119614481926,0.00033150198590186535,2.7378810830414295,0,,,10.055577702820301,0.3928571343421936,,20703.72966878,2.383239410817623,2.4748666286468506,99.701171875,0.46875,1,0.0,,,8.0,,,27,8.0,0.001,229.69079976901412,75.64783239364624,214.2357211112976,,0.008285263276009648,,0,,0,0.0,1e-06,0,,64,,1.0,,,,8.0,0.16142962872982025,,71889,,0.46875,,uk74oszd,LUFFY / no_logprob / sampling=confidence,False,confidence
70,1767949925.1193655,,,0,5388.359375,0.2886814773082733,275,0.19313303753733635,1.0,0.5357142857142857,,1.034015594475771,,66380,,0.0,245.71288488666505,10831,,,0.006666569970548153,1,,1,0.0031535313464701176,,0.3989419639110565,,0.875,1.0,0,,0.033933281898498535,0.015625,92899,415.984375,1.0,-1.6201815605163574,,0.53125,2.211678981781006,,2.4748666286468506,127287,0.09402012079954147,,0.4642857015132904,,,8.0,-0.018908843398094177,0.0,1.0250403881072998,0,56.0,0.1006862260401249,-1.6201815605163574,0.18735967866701927,0.3253726278265821,0.3726866543292999,0.033933281898498535,,92869.5,,,560,70,-0.028893476352095604,1,0.3726866543292999,0.037943828277546714,0.53125,,0.109375,241.67193222045898,,60907,0.09214989095926285,0.0020195506513118744,1.0,371478,377.9594222046435,479,-0.03596675023436546,8.0,0,,56.0,0.4642857015132904,0.006666569970548153,-0.028893476352095604,0.00027104223141107925,3.605646211653948,0,,,14.095297440886497,0.3392857015132904,,21037.204846962,3.359810519963503,2.4748666286468506,99.701171875,0.53125,1,0.0,,,8.0,,,28,8.0,0.001,377.9594222046435,75.64783239364624,356.585447832942,,0.009044440101334407,,0,,0,0.0,1e-06,0,,64,,1.0,,,,8.0,0.09087565541267395,,92858,,0.53125,,uk74oszd,LUFFY / no_logprob / sampling=confidence,False,confidence
71,1767950258.5944426,,,0,4002.921875,0.5888433456420898,275,0.19371912255883217,1.0,0.3214285714285714,,1.2388193985770388,,48212,,-0.07323664240539074,211.67502483156818,12677,,,0.008915362879633904,1,,1,0.0026660317089408636,,0.4280364215373993,,0.875,1.0,0,,0.2238091677427292,0.015625,70594,408.546875,1.0,-2.4748666286468506,,0.71875,2.594608783721924,,0.935412585735321,88508,0.10934732109308243,,0.6785714030265808,,,8.0,-0.019840028136968613,0.0,0.512202262878418,0,56.0,0.1125071831047535,-2.4748666286468506,0.18651682919433302,0.19884872724392935,0.3684742748737335,0.15057252533733845,,70583.5,,,709,71,-0.043044302612543106,1,0.3684742748737335,0.03689750775150068,0.71875,,0.109375,242.04299926757812,,40296,0.10701633244752884,0.003787793219089508,1.0,282334,333.4521871730685,506,-0.04803905636072159,8.0,0,,56.0,0.6785714030265808,0.008915362879633904,-0.043044302612543106,0.00039848967217817724,2.684643730521202,0,,,10.417420953512192,0.5535714030265808,,21284.29023254,2.6441499516367912,0.935412585735321,99.701171875,0.71875,1,0.0,,,8.0,,,44,8.0,0.001,333.4521871730685,75.64783239364624,317.36942526325583,,0.009365326002666315,,0,,0,0.0,1e-06,0,,64,,1.0,,,,8.0,0.07243549078702927,,70568,,0.71875,,uk74oszd,LUFFY / no_logprob / sampling=confidence,False,confidence
72,1767950505.6797616,,,0,3364.421875,0.4354622960090637,275,0.1565188281238079,1.0,0.3035714285714286,,1.0648491440509966,,13013,,0.0,241.24191679750976,10215,,,0.010138257406651974,1,,1,0.0031857078429311514,,0.41726627945899963,,0.625,1.0,0,,0.14423888362944126,0.015625,59607,360.75,1.0,-2.4748666286468506,,0.734375,1.6728719472885132,,1.6201815605163574,126260,0.10198970884084702,,0.6964285969734192,,,8.0,-0.00835024006664753,0.0,0.9703452587127686,0,56.0,0.08162622153759003,-2.4748666286468506,0.13858986954278082,0.338344559312436,0.29159724712371826,0.14423888362944126,,59602.75,,,492,72,-0.025315098464488983,1,0.29159724712371826,0.04936622016491233,0.734375,,0.109375,242.33966445922852,,113247,0.10004774481058121,0.002078171819448471,1.0,238411,247.06630916893482,318,-0.03551274165511131,8.0,0,,56.0,0.6964285969734192,0.010138257406651974,-0.025315098464488983,0.000342376071312104,3.0031268298625946,0,,,11.769449915736914,0.3214285671710968,,21580.257241192,2.747273027896881,1.6201815605163574,99.701171875,0.734375,1,0.0,,,8.0,,,45,8.0,0.001,247.06630916893482,75.64783239364624,229.28651224449277,,0.011523264563702519,,0,,0,0.0,1e-06,0,,64,,1.0,,,,8.0,0.05064558982849121,,59597,,0.734375,,uk74oszd,LUFFY / no_logprob / sampling=confidence,False,confidence
73,1767950801.6469085,,,0,3885.1875,0.24297626316547394,275,0.17806005850434303,1.0,0.5178571428571429,,1.1257756948467474,,58920,,-0.14061741530895233,226.54395669899964,14725,,,0.011695059947669506,1,,1,0.0030162972398102283,,0.4545707106590271,,1.0,1.0,0,,0.1871774010360241,0.015625,70576,305.078125,1.0,-2.4748666286468506,,0.546875,2.161231517791748,,2.4748666286468506,84508,0.12758122384548187,,0.4821428656578064,,,8.0,-0.027441075071692467,0.0,1.2547186613082886,0,56.0,0.10824303328990936,-2.4748666286468506,0.16987511944619893,0.326839378887913,0.4194326400756836,0.04655998572707176,,67044.25,,,339,73,-0.04847189411520958,1,0.4194326400756836,0.039063801664163095,0.546875,,0.109375,242.45646286010742,,25588,0.12412761896848679,0.0034366734325885773,1.0,268177,295.943670168519,411,-0.06389313191175461,8.0,0,,56.0,0.4821428656578064,0.011695059947669506,-0.04847189411520958,0.0004036253418074979,2.7617076858878136,0,,,10.476013138890266,0.4821428656578064,,21892.790016111,2.468739368021488,2.4748666286468506,99.701171875,0.546875,1,0.0,,,8.0,,,31,8.0,0.001,295.943670168519,75.64783239364624,279.9263780750334,,0.009205634219271184,,0,,0,0.0,1e-06,0,,64,,1.0,,,,8.0,0.1394273340702057,,65848,,0.546875,,uk74oszd,LUFFY / no_logprob / sampling=confidence,False,confidence
74,1767951114.1796033,,,0,4987.828125,0.4034935235977173,275,0.19375397637486458,1.0,0.48214285714285715,,0.9124215304687966,,70850,,0.0,276.199598963023,12862,,,0.00876822043210268,1,,1,0.0032159993425011635,,0.3793395757675171,,0.875,1.0,0,,0.011406602337956429,0.015625,86326,407.015625,1.0,-2.4748666286468506,,0.578125,2.5098824501037598,,2.4748666286468506,106777,0.0862596184015274,,0.5178571343421936,,,8.0,-0.015863938257098198,0.0,1.2565547227859497,0,56.0,0.10253934189677238,-2.4748666286468506,0.17664312442169441,0.3108374140273073,0.35272616147994995,0.011406602337956429,,86317.5,,,737,74,-0.018046123906970024,1,0.35272616147994995,0.04065519473206197,0.578125,,0.109375,242.99876022338867,,35927,0.0839025229215622,0.0017331913113594055,1.0,345270,312.51855659484863,467,-0.029320966452360153,8.0,0,,56.0,0.5178571343421936,0.00876822043210268,-0.018046123906970024,0.0002969830622317965,3.6186644807457924,0,,,14.037019085139036,0.3928571343421936,,22266.156657405,3.279022417962551,2.4748666286468506,99.701171875,0.578125,1,0.0,,,8.0,,,32,8.0,0.001,312.51855659484863,75.64783239364624,291.2641133777797,,0.009496980386255831,,0,,0,0.0,1e-06,0,,64,,1.0,,,,8.0,0.08075106143951416,,86309,,0.578125,,uk74oszd,LUFFY / no_logprob / sampling=confidence,False,confidence
75,1767951487.5463524,,,0,4952.890625,0.3421972393989563,275,0.18443335220217705,1.0,0.44642857142857145,,1.115774164078527,,78228,,-0.09205576777458191,231.38416859556492,12534,,,0.007839487865567207,1,,1,0.0029262283351272345,,0.36760178208351135,,0.875,1.0,0,,0.12444977276027203,0.015625,86394,446.28125,1.0,-2.4748666286468506,,0.609375,1.8028620481491089,,1.6201815605163574,105043,0.08353909850120544,,0.5535714030265808,,,8.0,-0.013991676270961761,0.0,0.6961373686790466,0,56.0,0.09550458937883377,-2.4748666286468506,0.189348770269988,0.2714050741709047,0.3566872775554657,0.03239400498569012,,86386.75,,,735,75,-0.028242090716958046,1,0.3566872775554657,0.03737860653948723,0.609375,,0.109375,243.13206481933594,,26815,0.08138082921504974,0.001920890063047409,1.0,345547,373.3477122671902,608,-0.03396572545170784,8.0,0,,56.0,0.5535714030265808,0.007839487865567207,-0.028242090716958046,0.000276386683660497,3.428266752511263,0,,,12.916065353900194,0.4285714328289032,,22583.124977056,3.0166881754994392,1.6201815605163574,99.701171875,0.609375,1,0.0,,,8.0,,,37,8.0,0.001,373.3477122671902,75.64783239364624,353.68367340043187,,0.008730181930387007,,0,,0,0.0,1e-06,0,,64,,1.0,,,,8.0,0.06466160714626312,,86377,,0.609375,,uk74oszd,LUFFY / no_logprob / sampling=confidence,False,confidence
76,1767951804.5146437,,,0,5626.34375,0.3017485737800598,275,0.1752365455031395,1.0,0.6785714285714286,,0.8278714604928409,,64255,,0.0,304.2781980435524,10332,,,0.006442905403673649,1,,1,0.0033238583710044622,,0.36415717005729675,,0.875,1.0,0,,0.1557705793529749,0.015625,96464,401.109375,1.0,-2.4748666286468506,,0.40625,1.843266487121582,,2.4748666286468506,137134,0.08481889963150024,,0.3214285671710968,,,8.0,-0.017613034695386887,0.0,1.6999659538269043,0,56.0,0.10293899103999138,-2.4748666286468506,0.21844665152885698,0.36246041303900783,0.3202262222766876,0.1557705793529749,,96439.25,,,574,76,-0.014101492241024971,1,0.3202262222766876,0.03196777042191045,0.40625,,0.109375,243.44734573364258,,72879,0.08329236507415771,0.0021271854639053345,1.0,385757,316.94433127343655,583,-0.025216680020093918,8.0,0,,56.0,0.3214285671710968,0.006442905403673649,-0.014101492241024971,0.00026684931456847543,3.284213826060295,0,,,12.331791214644909,0.1964285671710968,,22878.02036015,2.922476679086685,2.4748666286468506,99.701171875,0.40625,1,0.0,,,8.0,,,22,8.0,0.001,316.94433127343655,75.64783239364624,298.1049227230251,,0.0075759524236415285,,0,,0,0.0,1e-06,0,,64,,1.0,,,,8.0,0.12125824391841888,,96428,,0.40625,,uk74oszd,LUFFY / no_logprob / sampling=confidence,False,confidence
77,1767952099.4100208,,,0,4898.71875,0.6567636728286743,275,0.17860042676329613,1.0,0.3928571428571429,,0.8752062235642979,,57049,,-0.05314844101667404,287.739345372233,12857,,,0.006943779997527599,1,,1,0.0025072325952351093,,0.39107829332351685,,0.875,1.0,0,,0.15945913456380367,0.015625,84854,404.171875,1.0,-2.4748666286468506,,0.65625,2.09018611907959,,1.6201815605163574,109124,0.09487471729516983,,0.6071428656578064,,,8.0,-0.017316751182079315,0.0,0.8327764272689819,0,56.0,0.10684790462255478,-2.4748666286468506,0.17873928287517174,0.30093392047058426,0.4195486903190613,0.10631069354712963,,84846.25,,,710,77,-0.027990493923425674,1,0.4195486903190613,0.04019133134898583,0.65625,,0.109375,244.22760772705078,,52075,0.09260448068380356,0.0017446912825107574,1.0,339385,294.8719087764621,370,-0.03400926664471626,8.0,0,,56.0,0.6071428656578064,0.006943779997527599,-0.027990493923425674,0.0003148280113221114,3.3791399858891964,0,,,13.640334989875555,0.4821428656578064,,23201.981215783,3.1527419313788414,1.6201815605163574,99.701171875,0.65625,1,0.0,,,8.0,,,37,8.0,0.001,294.8719087764621,75.64783239364624,274.39290479943156,,0.009289573585688353,,0,,0,0.0,1e-06,0,,64,,1.0,,,,8.0,0.06191641837358475,,84830,,0.65625,,uk74oszd,LUFFY / no_logprob / sampling=confidence,False,confidence
78,1767952423.3708956,,,0,3952.6875,0.31281358003616333,275,0.16697345301508904,1.0,0.375,,1.2143222257308082,,34532,,0.0,214.09042357888111,12387,,,0.009839033707976341,1,,1,0.0029637727420777082,,0.41054582595825195,,0.75,1.0,0,,0.0762959960848093,0.015625,69357,381.421875,1.0,-2.4748666286468506,,0.671875,2.0671346187591553,,1.6201815605163574,110055,0.10003402829170227,,0.625,,,8.0,-0.014781897887587547,0.0,0.5953541994094849,0,56.0,0.09541236609220505,-2.4748666286468506,0.1764870948222741,0.3025191847517396,0.3543475270271301,0.0762959960848093,,69345.75,,,735,78,-0.029812371358275414,1,0.3543475270271301,0.0386875963605841,0.671875,,0.109375,244.5427360534668,,75523,0.09750697761774063,0.0024379976093769073,1.0,277383,323.90869633853436,571,-0.03602452948689461,8.0,0,,56.0,0.625,0.009839033707976341,-0.029812371358275414,0.00034397337288948873,2.9961998127400875,0,,,10.731281541287899,0.375,,23428.263878036,2.703448198735714,1.6201815605163574,99.701171875,0.671875,1,0.0,,,8.0,,,38,8.0,0.001,323.90869633853436,75.64783239364624,307.189522087574,,0.00974626490713459,,0,,0,0.0,1e-06,0,,64,,1.0,,,,8.0,0.06157729774713516,,69340,,0.671875,,uk74oszd,LUFFY / no_logprob / sampling=confidence,False,confidence
79,1767952649.6535206,,,0,3225.0,0.33315303921699524,275,0.12822116911411285,1.0,0.3392857142857143,,1.0262678654380721,,41853,,-0.08870255015790462,251.66231248496348,8289,,,0.01146317832171917,1,,1,0.004250258672982454,,0.4656520187854767,,1.0,1.0,0,,0.12484037131071091,0.015625,56950,333.953125,1.0,-2.4748666286468506,,0.703125,2.192223072052002,,1.20761239528656,74960,0.13151121139526367,,0.6607142686843872,,,8.0,-0.02335183322429657,0.0,0.6269938349723816,0,56.0,0.08642913028597832,-2.4748666286468506,0.1556902223797505,0.2012397798140115,0.36738383769989014,0.03613782115280628,,56943.25,,,409,79,-0.05536220967769623,1,0.36738383769989014,0.04189016275764328,0.703125,,0.109375,244.81032180786133,,33107,0.12877602875232697,0.0017538592219352722,1.0,227773,226.26848429441452,457,-0.06327487528324127,8.0,0,,56.0,0.6607142686843872,0.01146317832171917,-0.05536220967769623,0.00037945292148752627,2.3528509959578514,0,,,9.541448041796684,0.6607142686843872,,23758.9088731,2.3090143091976643,1.20761239528656,99.701171875,0.703125,1,0.0,,,8.0,,,42,8.0,0.001,226.26848429441452,75.64783239364624,211.82168742641807,,0.010137348628668299,,0,,0,0.0,1e-06,0,,64,,1.0,,,,8.0,0.0838594064116478,,56939,,0.703125,,uk74oszd,LUFFY / no_logprob / sampling=confidence,False,confidence
80,1767952980.298449,,,0,5796.546875,0.3881349563598633,275,0.17074207961559296,1.0,0.6122448979591838,,0.8368102007144796,,81646,,-0.04116859659552574,300.2515237347028,10892,,,0.004064919892698526,1,,1,0.002054809359833598,,0.3957415819168091,,1.0,1.0,0,,-0.1546791661530733,0.015625,99284,407.96875,1.0,-2.4748666286468506,,0.421875,2.7458901405334473,,2.4748666286468506,122257,0.09328006207942963,,0.35087719559669495,,,7.0,-0.021120252087712288,0.0,1.3833732604980469,0,57.0,0.09621100127696991,-2.4748666286468506,0.2089911913748997,0.3390458719558398,0.3450891971588135,-0.19584776274859905,,99272.25,,,575,80,-0.02502289041876793,1,0.3450891971588135,0.033945772823503355,0.421875,,0.109375,245.10175704956055,,40611,0.09225229173898697,0.0014001205563545227,1.0,397089,330.6302954442799,576,-0.030771272256970406,7.0,0,,57.0,0.35087719559669495,0.004064919892698526,-0.02502289041876793,0.00024229077430241056,3.315799478441477,0,,,13.479492984712124,0.35087719559669495,,24102.867966602,3.1091374047100544,2.4748666286468506,99.701171875,0.421875,1,0.0,,,7.0,,,23,7.0,0.001,330.6302954442799,75.64783239364624,310.4390114508569,,0.007829825063676039,,0,,0,1.0,1e-06,0,,64,,1.0,,,,7.0,0.11759418249130249,,99266,,0.421875,,uk74oszd,LUFFY / no_logprob / sampling=confidence,False,confidence
81,1767953324.2575781,,,0,5363.515625,0.3365948498249054,275,0.196544598788023,1.0,0.5535714285714286,,0.9409286670540137,,82197,,-0.0992995984852314,267.76767878311927,15117,,,0.008229793049395084,1,,1,0.0027892969083040953,,0.3826207220554352,,1.0,1.0,0,,0.3479934483766556,0.015625,92120,392.46875,1.0,-1.6201815605163574,,0.515625,1.9916355609893799,,1.20761239528656,98391,0.09149931371212006,,0.4464285671710968,,,8.0,-0.03346875682473183,0.0,0.9945950508117676,0,56.0,0.10082824900746346,-1.6201815605163574,0.19075187578868283,0.13243211584099399,0.33865711092948914,0.24869384989142418,,92095.75,,,708,81,-0.05579962208867073,1,0.33865711092948914,0.03724790665843595,0.515625,,0.109375,245.57270050048828,,16194,0.08944837749004364,0.0019414536654949188,1.0,368383,343.9390086904168,554,-0.06451587378978729,8.0,0,,56.0,0.4464285671710968,0.008229793049395084,-0.05579962208867073,0.00027370494568821973,3.698944605886936,0,,,13.721495598554611,0.4464285671710968,,24527.758298545,3.210095588117838,1.20761239528656,99.701171875,0.515625,1,0.0,,,8.0,,,29,8.0,0.001,343.9390086904168,75.64783239364624,322.987878896296,,0.008714016629751747,,0,,0,0.0,1e-06,0,,64,,1.0,,,,8.0,0.09335187822580338,,92070,,0.515625,,uk74oszd,LUFFY / no_logprob / sampling=confidence,False,confidence
82,1767953749.1479297,,,0,3583.5,0.904342532157898,275,0.2138507179915905,1.0,0.44642857142857145,,1.780258881603098,,60105,,-0.20198794081807137,147.67308307575132,21580,,,0.013917957432568073,1,,1,0.0022527100518345833,,0.4715847074985504,,1.0,1.0,0,,0.20805791951715946,0.015625,68666,337.890625,1.0,-2.4748666286468506,,0.609375,2.0947859287261963,,2.4748666286468506,66604,0.130507230758667,,0.5535714030265808,,,8.0,-0.04519205912947655,0.0,1.3156410455703735,0,56.0,0.1298319697380066,-2.4748666286468506,0.16105761571079943,0.2895941917897653,0.4548872113227844,0.006069978699088097,,62742.25,,,560,82,-0.1360151618719101,1,0.4548872113227844,0.042561983838257926,0.609375,,0.109375,245.74188232421875,,6499,0.12592877447605133,0.0026188530027866364,1.0,250969,424.87262196466327,651,-0.15650440752506256,8.0,0,,56.0,0.5535714030265808,0.013917957432568073,-0.1360151618719101,0.000517322736027185,2.9378674253821373,0,,,10.681738521903753,0.5535714030265808,,25089.463461123,2.589744620025158,2.4748666286468506,99.701171875,0.609375,1,0.0,,,8.0,,,33,8.0,0.001,424.87262196466327,75.68259525299072,408.2916929423809,,0.010318982105459869,,0,,0,0.0,1e-06,0,,64,,1.0,,,,8.0,0.1636696457862854,,59651,,0.609375,,uk74oszd,LUFFY / no_logprob / sampling=confidence,False,confidence
83,1767954310.8531418,,,0,4903.5625,0.5166269540786743,275,0.21352863311767578,1.0,0.48214285714285715,,1.7203105115646218,,61823,,-0.09431704506278038,150.84155846936483,21580,,,0.009059102274477482,1,,1,0.002011404838413,,0.39558812975883484,,0.875,1.0,0,,0.151756439357996,0.015625,90271,391.8125,1.0,-1.6201815605163574,,0.578125,2.681467056274414,,1.6201815605163574,107974,0.09641984850168228,,0.5178571343421936,,,8.0,-0.0308217816054821,0.0,0.9413979053497314,0,56.0,0.1319226771593094,-1.6201815605163574,0.17020691038888808,0.26666400934050144,0.376487135887146,0.05743939429521561,,84726.0,,,505,83,-0.07296484708786011,1,0.376487135887146,0.04270374369541641,0.578125,,0.109375,246.4408721923828,,46151,0.09385949373245239,0.00396878644824028,1.0,338904,561.6887074075639,757,-0.08223807066679001,8.0,0,,56.0,0.5178571343421936,0.009059102274477482,-0.07296484708786011,0.0003892626736754638,3.6950023248791695,0,,,14.472469553351402,0.3928571343421936,,25259.871588139,3.2665242552757263,1.6201815605163574,99.701171875,0.578125,1,0.0,,,8.0,,,33,8.0,0.001,561.6887074075639,75.68259525299072,539.8816072233021,,0.009638494249922474,,0,,0,0.0,1e-06,0,,64,,1.0,,,,8.0,0.09559335559606552,,82863,,0.578125,,uk74oszd,LUFFY / no_logprob / sampling=confidence,False,confidence
84,1767954481.2611556,,,0,3595.90625,1.8975082635879517,275,0.13159804791212082,1.0,0.375,,0.6750846235077101,,52575,,-0.14520420506596565,367.88792369203657,8210,,,0.01208839938044548,1,,1,0.00502587016671896,,0.45959168672561646,,0.75,1.0,0,,-0.09057092294096947,0.015625,62687,321.921875,1.0,-1.6201815605163574,,0.671875,2.350048780441284,,1.6201815605163574,71857,0.12338685244321823,,0.625,,,8.0,-0.019570885226130486,0.0,0.6577235460281372,0,56.0,0.08861279487609863,-1.6201815605163574,0.16919492349382018,0.27606472917393404,0.3233986496925354,-0.23577512800693512,,62685.25,,,439,84,-0.030278237536549568,1,0.3233986496925354,0.039096261922022285,0.671875,,0.109375,246.30823135375977,,19282,0.12093944847583771,0.0025671906769275665,1.0,250741,170.39224710315466,549,-0.03869684413075447,8.0,0,,56.0,0.625,0.01208839938044548,-0.030278237536549568,0.0003534036909643761,2.6432222798466682,0,,,9.80303581058979,0.375,,25619.973960084,2.345706097781658,1.6201815605163574,99.701171875,0.671875,1,0.0,,,8.0,,,39,8.0,0.001,170.39224710315466,75.68259525299072,155.3626250848174,,0.009355095886917809,,0,,0,0.0,1e-06,0,,64,,1.0,,,,8.0,0.06833070516586304,,62682,,0.671875,,uk74oszd,LUFFY / no_logprob / sampling=confidence,False,confidence
85,1767954841.3636403,,,0,5065.875,0.3002757430076599,275,0.1718921773135662,1.0,0.5,,1.0467013642912548,,75497,,0.0,243.0796715805499,12452,,,0.006785599514842033,1,,1,0.0026142671704292297,,0.3972480595111847,,0.75,1.0,0,,0.178828252479434,0.015625,87533,404.71875,1.0,-1.6201815605163574,,0.5625,1.735551357269287,,2.4748666286468506,99267,0.09435728192329407,,0.5,,,8.0,-0.019222330302000046,0.0,1.1814415454864502,0,56.0,0.09090723097324371,-1.6201815605163574,0.18665269684088467,0.3499271061118826,0.39238452911376953,0.178828252479434,,87529.5,,,697,85,-0.02148463949561119,1,0.39238452911376953,0.03881655744830114,0.5625,,0.109375,246.8083953857422,,23770,0.09232117235660553,0.0017518959939479828,1.0,350118,360.08564365282655,588,-0.029702983796596527,8.0,0,,56.0,0.5,0.006785599514842033,-0.02148463949561119,0.00025964740736906904,3.5683167949318886,0,,,13.5903754606843,0.25,,25794.319133082,3.2852684408426285,2.4748666286468506,99.701171875,0.5625,1,0.0,,,8.0,,,30,8.0,0.001,360.08564365282655,75.68259525299072,339.3573295250535,,0.009383317740997687,,0,,0,0.0,1e-06,0,,64,,1.0,,,,8.0,0.08651788532733917,,87526,,0.5625,,uk74oszd,LUFFY / no_logprob / sampling=confidence,False,confidence
86,1767955015.708625,,,0,3630.046875,0.5350110530853271,275,0.148745097219944,1.0,0.41071428571428575,,0.6786628958607547,,31743,,-0.10629688203334808,364.0626422481652,8493,,,0.011191315948963165,1,,1,0.0045467265881598,,0.44303834438323975,,0.75,1.0,0,,0.1376276221126318,0.015625,63475,336.46875,1.0,-2.4748666286468506,,0.640625,1.9092867374420166,,1.6201815605163574,101415,0.11440256237983704,,0.5892857313156128,,,8.0,-0.017097121104598045,0.0,0.8228387236595154,0,56.0,0.11398070305585861,-2.4748666286468506,0.15445612794172173,0.33071891388307384,0.397687703371048,0.031330740079283714,,63464.25,,,442,86,-0.03223907947540283,1,0.397687703371048,0.04338701614545788,0.640625,,0.109375,246.75279235839844,,69672,0.1111963540315628,0.0018971003592014313,1.0,253857,174.3223353214562,475,-0.04191683605313301,8.0,0,,56.0,0.5892857313156128,0.011191315948963165,-0.03223907947540283,0.00044899570646410623,2.864797703921795,0,,,11.0140977576375,0.3392857015132904,,26225.634755289,2.49247445166111,1.6201815605163574,99.701171875,0.640625,1,0.0,,,8.0,,,37,8.0,0.001,174.3223353214562,75.68259525299072,157.6689999550581,,0.009818419234691617,,0,,0,0.0,1e-06,0,,64,,1.0,,,,8.0,0.07119345664978027,,63442,,0.640625,,uk74oszd,LUFFY / no_logprob / sampling=confidence,False,confidence
87,1767955447.0237164,,,0,4744.515625,0.48004278540611267,275,0.19303494691848755,1.0,0.5178571428571428,,1.3526662166697676,,57207,,-0.08233720064163208,190.1491836955954,14628,,,0.007673333398997784,1,,1,0.0023989358451217413,,0.3885382413864136,,0.875,1.0,0,,-0.055296072736382484,0.015625,82052,381.203125,1.0,-1.6201815605163574,,0.546875,1.900551676750183,,2.4748666286468506,112865,0.09279640018939972,,0.4821428656578064,,,8.0,-0.029606929048895836,0.0,0.915334939956665,0,56.0,0.11712365224957466,-1.6201815605163574,0.1696854792594297,0.293965672020613,0.3614462614059448,-0.13763327337801456,,82011.5,,,548,87,-0.056614406406879425,1,0.3614462614059448,0.041658681275745395,0.546875,,0.109375,247.52891540527344,,55658,0.09071900695562363,0.0034073740243911743,1.0,328046,431.30082604661584,482,-0.06413017958402634,8.0,0,,56.0,0.4821428656578064,0.007673333398997784,-0.056614406406879425,0.00035703423376469965,3.3984071128070354,0,,,13.665963757783175,0.3571428656578064,,26591.154950677,3.167681533843279,2.4748666286468506,99.701171875,0.546875,1,0.0,,,8.0,,,30,8.0,0.001,431.30082604661584,75.68259525299072,410.73574402555823,,0.00965621142718789,,0,,0,0.0,1e-06,0,,64,,1.0,,,,8.0,0.11007845401763916,,81974,,0.546875,,uk74oszd,LUFFY / no_logprob / sampling=confidence,False,confidence
88,1767955812.544611,,,0,5252.125,0.3331567347049713,275,0.18133503198623657,1.0,0.4464285714285714,,1.0193505088783208,,67051,,-0.03068525344133377,247.53611931869503,15437,,,0.006485470104962587,1,,1,0.0021065245382487774,,0.3769957721233368,,0.75,1.0,0,,-0.06311816349625587,0.015625,90486,402.640625,1.0,-1.6201815605163574,,0.609375,1.929614543914795,,2.4748666286468506,131279,0.0845676064491272,,0.5535714030265808,,,8.0,-0.027488550171256065,0.0,0.8686763048171997,0,56.0,0.10788656771183014,-1.6201815605163574,0.17515371152097953,0.338344559312436,0.38084620237350464,-0.09380341693758965,,90476.25,,,733,88,-0.04693939909338951,1,0.38084620237350464,0.042132265870228995,0.609375,,0.109375,247.9446678161621,,64228,0.08263355493545532,0.0030224286019802094,1.0,361905,365.5072651579976,515,-0.052916355431079865,8.0,0,,56.0,0.5535714030265808,0.006485470104962587,-0.04693939909338951,0.00029810742518569827,3.76530197635293,0,,,15.247877679765224,0.3035714328289032,,26871.983104426,3.5344634614884853,2.4748666286468506,99.701171875,0.609375,1,0.0,,,8.0,,,35,8.0,0.001,365.5072651579976,75.68259525299072,342.64040265232325,,0.009766274192090425,,0,,0,0.0,1e-06,0,,64,,1.0,,,,8.0,0.07595304399728775,,90467,,0.609375,,uk74oszd,LUFFY / no_logprob / sampling=confidence,False,confidence
89,1767956093.372643,,,0,5035.328125,0.41306036710739136,275,0.21825258061289787,1.0,0.5714285714285714,,0.8111103783795597,,57673,,-0.14061741530895233,308.90446758734504,13562,,,0.006957093719393015,1,,1,0.0024504230823367834,,0.3717454671859741,,0.875,1.0,0,,0.15616116672754288,0.015625,86762,385.796875,1.0,-2.4748666286468506,,0.5,1.9416587352752686,,2.4748666286468506,143087,0.08410108089447021,,0.4285714328289032,,,8.0,-0.017633337527513504,0.0,1.355008840560913,0,56.0,0.10814572125673294,-2.4748666286468506,0.19738648702122985,0.3499271061118826,0.36760658025741577,0.015543751418590546,,86738.0,,,734,89,-0.021604301407933235,1,0.36760658025741577,0.03681185062237777,0.5,,0.109375,248.1795425415039,,85414,0.08211489021778107,0.0035531483590602875,1.0,346952,280.7923131622374,449,-0.031248627230525017,8.0,0,,56.0,0.4285714328289032,0.006957093719393015,-0.021604301407933235,0.0003117022563833987,3.2219921201467514,0,,,12.77194519713521,0.3035714328289032,,27129.521984779,3.0577493086457253,2.4748666286468506,99.701171875,0.5,1,0.0,,,8.0,,,29,8.0,0.001,280.7923131622374,75.68259525299072,261.3892416469753,,0.008813176775593526,,0,,0,0.0,1e-06,0,,64,,1.0,,,,8.0,0.120414599776268,,86724,,0.5,,uk74oszd,LUFFY / no_logprob / sampling=confidence,False,confidence
90,1767956350.9115386,,,0,4137.96875,0.5203469395637512,275,0.15651613473892212,1.0,0.48214285714285715,,0.9126896240719945,,45721,,-0.04116860032081604,280.03958453360104,10547,,,0.007971151731908321,1,,1,0.0029731723479926586,,0.4199514389038086,,0.875,1.0,0,,0.14889376983046532,0.015625,72128,369.28125,1.0,-1.6201815605163574,,0.578125,2.777583599090576,,2.4748666286468506,114986,0.10309496521949768,,0.5178571343421936,,,8.0,-0.017850497737526894,0.0,0.901668131351471,0,56.0,0.10483701899647713,-1.6201815605163574,0.1882204940808122,0.3189387696337813,0.3628822863101959,0.10772516950964928,,72116.0,,,547,90,-0.029960475862026215,1,0.3628822863101959,0.036140807864888845,0.578125,,0.109375,248.15564727783203,,69265,0.10100751370191574,0.002861231565475464,1.0,288464,257.5207362920046,499,-0.03744629770517349,8.0,0,,56.0,0.5178571343421936,0.007971151731908321,-0.029960475862026215,0.0003634318979022586,2.647594664245844,0,,,10.425321999937296,0.3928571343421936,,27378.612408338,2.4563507810235023,2.4748666286468506,99.701171875,0.578125,1,0.0,,,8.0,,,32,8.0,0.001,257.5207362920046,75.68259525299072,241.7075931429863,,0.008515276710520213,,0,,0,0.0,1e-06,0,,64,,1.0,,,,8.0,0.10439364612102509,,72105,,0.578125,,uk74oszd,LUFFY / no_logprob / sampling=confidence,False,confidence
91,1767956600.0019703,,,0,3700.6875,0.6053626537322998,275,0.15742125734686852,1.0,0.4464285714285714,,0.9845103818585819,,43347,,-0.04116859659552574,260.4445337896276,10410,,,0.007811048533767462,1,,1,0.0026388762053102255,,0.40228986740112305,,0.75,1.0,0,,0.02909889630973339,0.015625,64876,353.640625,1.0,-1.20761239528656,,0.609375,2.308190107345581,,2.4748666286468506,82174,0.09922242164611816,,0.5535714030265808,,,8.0,-0.015564804896712303,0.0,0.8840867280960083,0,56.0,0.09240290522575378,-1.20761239528656,0.17174844191520267,0.31491414443836424,0.407539427280426,-0.01206970028579235,,64869.25,,,544,91,-0.029285915195941925,1,0.407539427280426,0.03986166811742096,0.609375,,0.109375,248.57123184204102,,38827,0.09679517894983292,0.003004714846611023,1.0,259477,249.0712669454515,450,-0.03647648170590401,8.0,0,,56.0,0.5535714030265808,0.007811048533767462,-0.029285915195941925,0.00035611212256097375,2.8229290060698986,0,,,10.343186058104038,0.3035714328289032,,27625.090764002,2.4554228261113167,2.4748666286468506,99.701171875,0.609375,1,0.0,,,8.0,,,37,8.0,0.001,249.0712669454515,75.68259525299072,233.17537688091397,,0.009462969072832339,,0,,0,0.0,1e-06,0,,64,,1.0,,,,8.0,0.08725301176309586,,64865,,0.609375,,uk74oszd,LUFFY / no_logprob / sampling=confidence,False,confidence
92,1767956846.480315,,,0,4548.796875,0.4222760796546936,275,0.1653951071202755,1.0,0.5918367346938777,,0.7841875000266457,,57135,,-0.32472895830869675,317.871709877621,9879,,,0.010404536500573158,1,,1,0.004553408361971378,,0.3962489664554596,,0.8571428656578064,1.0,0,,0.1000448539853096,0.015625,78352,347.546875,1.0,-1.6201815605163574,,0.421875,3.2529702186584473,,2.4748666286468506,102939,0.09787450730800629,,0.35087719559669495,,,7.0,-0.018546517938375473,0.0,1.1958417892456055,0,57.0,0.09282034635543823,-1.6201815605163574,0.17746427094823883,0.3616335744218235,0.4086151123046875,-0.22468410432338715,,78341.5,,,515,92,-0.012958533130586147,1,0.4086151123046875,0.038392287609977115,0.421875,,0.125,248.78722381591797,,45804,0.0946073979139328,0.0015900582075119019,1.0,313366,246.45634564384818,597,-0.02566777542233467,7.0,0,,57.0,0.35087719559669495,0.010404536500573158,-0.012958533130586147,0.0002962042670724911,3.0590570271015167,0,,,12.03083759918809,0.22807016968727112,,27828.875706819,2.791454993188381,2.4748666286468506,99.701171875,0.421875,1,0.0,,,7.0,,,23,7.0,0.001,246.45634564384818,75.68259525299072,228.2950175702572,,0.00890797021115367,,0,,0,1.0,1e-06,0,,64,,1.0,,,,7.0,0.18813419342041016,,78330,,0.421875,,uk74oszd,LUFFY / no_logprob / sampling=confidence,False,confidence
93,1767957050.2653527,,,0,2875.375,0.5445683598518372,275,0.1062060222029686,1.0,0.4464285714285715,,1.0357820881957456,,39032,,-0.1783972829580307,250.61940505109442,6159,,,0.013416728004813194,1,,1,0.005819599609822035,,0.4676189124584198,,0.625,1.0,0,,0.05681714788079262,0.015625,51081,316.453125,1.0,-1.20761239528656,,0.609375,2.75569486618042,,1.6201815605163574,67561,0.1294587403535843,,0.5535714030265808,,,8.0,-0.015247596427798271,0.0,1.016803503036499,0,56.0,0.08427015319466591,-1.20761239528656,0.15555203625328484,0.36726721073577023,0.44272878766059875,-0.12158013507723808,,51069.25,,,470,93,-0.016951648518443108,1,0.44272878766059875,0.04213538842383726,0.609375,,0.109375,248.9938735961914,,28529,0.12519851326942444,0.0012004934251308441,1.0,204277,203.7721300534904,726,-0.031009875237941742,8.0,0,,56.0,0.5535714030265808,0.013416728004813194,-0.016951648518443108,0.0004125288367983958,2.278097778558731,0,,,8.607290741056204,0.1785714328289032,,28053.786787257,2.0715768299996853,1.6201815605163574,99.701171875,0.609375,1,0.0,,,8.0,,,35,8.0,0.001,203.7721300534904,75.68259525299072,190.6087629981339,,0.01014101847001711,,0,,0,0.0,1e-06,0,,64,,1.0,,,,8.0,0.133779376745224,,51063,,0.609375,,uk74oszd,LUFFY / no_logprob / sampling=confidence,False,confidence
94,1767957275.1763382,,,0,3111.359375,1.6832772493362427,275,0.13767800852656364,1.0,0.35714285714285715,,1.0552266627288063,,30028,,-0.10143320262432098,245.74425478889555,10220,,,0.009024391882121563,1,,1,0.0026073104236274958,,0.4412619471549988,,0.875,1.0,0,,0.47305805794894695,0.015625,55269,342.8125,1.0,-2.4748666286468506,,0.6875,3.6028099060058594,,1.6201815605163574,89981,0.11378052085638046,,0.6428571343421936,,,8.0,-0.014006595127284527,0.0,0.8112365007400513,0,56.0,0.08430900424718857,-2.4748666286468506,0.15986567284486175,0.2857142857142857,0.4045349657535553,0.37162485532462597,,55266.75,,,549,94,-0.036079417914152145,1,0.4045349657535553,0.04289392715985681,0.6875,,0.109375,249.11225509643555,,59953,0.11113274097442627,0.0026522837579250336,1.0,221067,224.89538991451263,379,-0.04379555955529213,8.0,0,,56.0,0.6428571343421936,0.009024391882121563,-0.036079417914152145,0.00038137308710566736,2.68208971619606,0,,,9.482431795448065,0.5178571343421936,,28329.181472965,2.3640222884714603,1.6201815605163574,99.701171875,0.6875,1,0.0,,,8.0,,,41,8.0,0.001,224.89538991451263,75.68259525299072,210.124119669199,,0.010693691453140723,,0,,0,0.0,1e-06,0,,64,,1.0,,,,8.0,0.09025967866182327,,55265,,0.6875,,uk74oszd,LUFFY / no_logprob / sampling=confidence,False,confidence
95,1767957550.571045,,,0,4591.90625,1.6133147478103638,275,0.17540504038333893,1.0,0.5178571428571429,,0.8755241587068786,,55616,,-0.08233720064163208,288.7177014781533,11352,,,0.006591080687940121,1,,1,0.0025433297269046307,,0.3659060299396515,,0.875,1.0,0,,-0.07988050952553749,0.015625,79526,377.265625,1.0,-1.20761239528656,,0.546875,5.714993476867676,,1.6201815605163574,102643,0.08434121310710907,,0.4821428656578064,,,8.0,-0.015214151702821255,0.0,0.9429459571838379,0,56.0,0.10195187851786613,-1.20761239528656,0.185203066207951,0.26666400934050144,0.3250202238559723,-0.16221771016716957,,79506.75,,,548,95,-0.024341018870472908,1,0.3250202238559723,0.03740324064045624,0.546875,,0.109375,249.5653839111328,,47027,0.08274435251951218,0.001717895269393921,1.0,318027,275.37885482236743,691,-0.03075878694653511,8.0,0,,56.0,0.4821428656578064,0.006591080687940121,-0.024341018870472908,0.00032057617283396105,3.048866990953684,0,,,11.895240411162376,0.3571428656578064,,28593.713753036,2.8335793763399124,1.6201815605163574,99.701171875,0.546875,1,0.0,,,8.0,,,31,8.0,0.001,275.37885482236743,75.68259525299072,257.3007908090949,,0.008909870471186134,,0,,0,0.0,1e-06,0,,64,,1.0,,,,8.0,0.08279258757829666,,79491,,0.546875,,uk74oszd,LUFFY / no_logprob / sampling=confidence,False,confidence
96,1767957815.1033938,,,0,3857.015625,0.3343474864959717,275,0.18393802642822266,1.0,0.46428571428571425,,1.0015311210674989,,42167,,-0.020088201388716698,257.36360611943616,12737,,,0.010678593069314957,1,,1,0.003056813031435013,,0.3999592363834381,,0.875,1.0,0,,0.09882836602628231,0.015625,68086,397.828125,1.0,-2.4748666286468506,,0.59375,3.805058240890503,,2.4748666286468506,116231,0.09604264795780182,,0.5357142686843872,,,8.0,-0.014608730562031269,0.0,0.8730295300483704,0,56.0,0.10370391234755516,-2.4748666286468506,0.1676078316846984,0.38959686123698983,0.3695620596408844,0.07874016463756561,,68077.5,,,737,96,-0.019307250156998634,1,0.3695620596408844,0.041423229286075405,0.59375,,0.109375,250.2456817626953,,74064,0.09309031069278717,0.0025312788784503937,1.0,272310,264.51875238493085,462,-0.028939004987478256,8.0,0,,56.0,0.5357142686843872,0.010678593069314957,-0.019307250156998634,0.00038083034904173613,3.0949676260352135,0,,,11.279959566891193,0.4107142984867096,,28843.150197814,2.604205444455147,2.4748666286468506,99.701171875,0.59375,1,0.0,,,8.0,,,35,8.0,0.001,264.51875238493085,75.68259525299072,247.226955704391,,0.009563385275807523,,0,,0,0.0,1e-06,0,,64,,1.0,,,,8.0,0.12443345040082932,,68058,,0.59375,,uk74oszd,LUFFY / no_logprob / sampling=confidence,False,confidence
97,1767958064.5397806,,,0,3375.90625,0.7801390886306763,275,0.14197321981191635,1.0,0.2653061224489796,,1.0843980020776867,,42008,,-0.04116860032081604,240.1201096975523,10530,,,0.012126373127102852,1,,1,0.0037101232446730137,,0.4032192528247833,,0.8571428656578064,1.0,0,,-0.09635628573596478,0.015625,59906,367.203125,1.0,-2.4748666286468506,,0.78125,4.42156982421875,,0.7245674133300781,71672,0.09495643526315689,,0.7543859481811523,,,7.0,-0.016767069697380066,0.0,0.41010531783103943,0,57.0,0.08908633887767792,-2.4748666286468506,0.1609318269899711,0.160694038245139,0.32010534405708313,-0.13752488605678082,,59889.75,,,504,97,-0.04408600926399231,1,0.32010534405708313,0.04095358478907482,0.78125,,0.109375,250.31623077392578,,29664,0.09219267219305038,0.002066526561975479,1.0,239559,249.41580309718847,398,-0.0496613048017025,7.0,0,,57.0,0.7543859481811523,0.012126373127102852,-0.04408600926399231,0.0003718764015448299,2.562729574739933,0,,,9.810799818485975,0.6315789222717285,,29074.81138302,2.499573774635792,0.7245674133300781,99.701171875,0.78125,1,0.0,,,7.0,,,46,7.0,0.001,249.41580309718847,75.68259525299072,234.2928635329008,,0.01043406331899779,,0,,0,1.0,1e-06,0,,64,,1.0,,,,7.0,0.06065914407372475,,59878,,0.78125,,uk74oszd,LUFFY / no_logprob / sampling=confidence,False,confidence
98,1767958296.2009146,,,0,3600.234375,0.5080323219299316,275,0.1608804538846016,1.0,0.48214285714285715,,0.9321700732514688,,41335,,-0.06861434131860733,271.53479418262873,10964,,,0.006900592241436243,1,,1,0.0021823393180966377,,0.4260154068470001,,0.75,1.0,0,,0.12636710703372955,0.015625,62916,331.0,1.0,-2.4748666286468506,,0.578125,3.133260488510132,,1.6201815605163574,89371,0.10560240596532822,,0.5178571343421936,,,8.0,-0.01620704121887684,0.0,0.798805296421051,0,56.0,0.10289095714688301,-2.4748666286468506,0.15217873326173076,0.3494711748353737,0.3666476309299469,0.05775276571512222,,62899.75,,,420,98,-0.03132385015487671,1,0.3666476309299469,0.043875938042403625,0.578125,,0.109375,250.39946365356445,,48036,0.10378853231668472,0.0015384592115879059,1.0,251599,231.64526737481356,390,-0.03709203377366066,8.0,0,,56.0,0.5178571343421936,0.006900592241436243,-0.03132385015487671,0.0004089481959263869,2.9368651770055294,0,,,11.03914213553071,0.2678571343421936,,29372.744762673,2.5954443216323853,1.6201815605163574,99.701171875,0.578125,1,0.0,,,8.0,,,33,8.0,0.001,231.64526737481356,75.68259525299072,214.7859674282372,,0.010315797446064512,,0,,0,0.0,1e-06,0,,64,,1.0,,,,8.0,0.10805660486221313,,62883,,0.578125,,uk74oszd,LUFFY / no_logprob / sampling=confidence,False,confidence
1,1767960864.7228944,,,0,4674.4375,0.01799057424068451,275,0.14840607717633247,1.0,0.5714285714285714,,0.87815668580892,,50042,,-0.09929959662258625,272.81243514109354,10191,,,0.0072000641375780106,1,,1,0.0031311053317040205,,0.3984183371067047,,1.0,1.0,0,,0.19774272479116917,0.015625,80419,351.453125,1.0,-1.6201815605163574,,0.5,3.325960874557495,,2.4748666286468506,138751,0.11538012325763702,,0.4285714328289032,,,8.0,-0.030931297689676285,0.0,1.4034563302993774,0,56.0,0.09989306330680847,-1.6201815605163574,0.20106057692532714,0.28571428571428575,0.27703943848609924,0.09844312816858292,,80414.25,,,558,1,-0.05017324537038803,1,0.27703943848609924,0.04747679367965701,0.5,,0.109375,249.62934112548828,,88709,0.11420772224664688,0.00229022279381752,1.0,321657,294.76020753383636,550,-0.06071537733078003,8.0,0,,56.0,0.4285714328289032,0.0072000641375780106,-0.05017324537038803,0.00031055771615978657,10.537599820643663,0,,,15.271243024617434,0.4285714328289032,,447.836408393,5.9689179211854935,2.4748666286468506,66.40234375,0.5,1,0.0,,,8.0,,,27,8.0,0.001,294.76020753383636,55.08720636367798,262.71286675333977,,0.018556779181505435,,0,,0,0.0,1e-06,0,,64,,1.0,,,,8.0,0.14373339712619781,,80409,,0.5,,nj1g3tzx,LUFFY / logprob / sampling=confidence,True,confidence
2,1767961012.1056776,,,0,4357.546875,0.0028571486473083496,275,0.13169730082154274,1.0,0.8392857142857143,,0.48356805592183855,,72192,,-0.27616729587316513,504.9396026052753,6344,,,0.012532137334346771,1,,1,0.0082243038341403,,0.48627012968063354,,1.0,1.0,0,,0.23384347558021545,0.015625,74416,293.375,1.0,-1.6201815605163574,,0.265625,2.019836902618408,,2.4748666286468506,76337,0.1747104525566101,,0.1607142835855484,,,8.0,-0.05518598109483719,0.0,1.826446294784546,0,56.0,0.08035321161150932,-1.6201815605163574,0.23444195639595417,0.21943224513293766,0.3222137689590454,-0.042323820292949677,,74414.75,,,296,2,-0.05147567391395569,1,0.3222137689590454,0.027773471237703944,0.265625,,0.875,250.62059020996094,,4145,0.17283844947814941,0.0012130513787269592,1.0,297659,147.3735662959516,1014,-0.07530872523784637,8.0,0,,56.0,0.1607142835855484,0.012532137334346771,-0.05147567391395569,0.0002699505528524564,2.0817562974989414,0,,,8.267023675143719,0.1607142835855484,,725.715470919,1.942386094480753,2.4748666286468506,78.607421875,0.265625,1,0.0,,,8.0,,,11,8.0,0.001,147.3735662959516,55.21868419647217,134.8589101396501,,0.0065255412887927225,,0,,0,0.0,1e-06,0,,64,,1.0,,,,8.0,0.31404468417167664,,74412,,0.265625,,nj1g3tzx,LUFFY / logprob / sampling=confidence,True,confidence
3,1767961289.9846911,,,0,5472.703125,0.0034574109595268965,275,0.17741934582591057,1.0,0.8035714285714286,,0.7447603331703133,,70009,,-0.05314844101667404,335.09954682471425,10513,,,0.012488115578889847,1,,1,0.006203480996191502,,0.4420739412307739,,1.0,1.0,0,,0.11691690981388092,0.015625,93128,346.859375,1.0,-0.935412585735321,,0.296875,1.628167986869812,,2.4748666286468506,111712,0.14032700657844543,,0.1964285671710968,,,8.0,-0.04113087058067322,0.0,1.8718236684799194,0,56.0,0.0949939675629139,-0.935412585735321,0.22664180120610697,0.18813667415808463,0.3688850998878479,0.06376846879720688,,93113.0,,,504,3,-0.034446995705366135,1,0.3688850998878479,0.03055001191150979,0.296875,,0.109375,251.32082748413086,,41703,0.1374366730451584,0.001475650817155838,1.0,372452,277.86668433994055,574,-0.058553777635097504,8.0,0,,56.0,0.1964285671710968,0.012488115578889847,-0.034446995705366135,0.0002550502281177545,2.78910119459033,0,,,11.378413036465645,0.1964285671710968,,1028.184192837,2.554230399429798,2.4748666286468506,88.791015625,0.296875,1,0.0,,,8.0,,,12,8.0,0.001,277.86668433994055,61.56517791748047,260.85454097390175,,0.0068578780606086106,,0,,0,0.0,1e-06,0,,64,,1.0,,,,8.0,0.2563011646270752,,93104,,0.296875,,nj1g3tzx,LUFFY / logprob / sampling=confidence,True,confidence
4,1767961592.453436,,,0,5870.640625,0.004861155059188604,275,0.17139657214283943,1.0,0.7321428571428572,,0.7559451130163664,,87173,,-0.18178602680563927,329.60106231150183,9255,,,0.008378557860851288,1,,1,0.0050594015046954155,,0.406629353761673,,1.0,1.0,0,,-0.05049508810043335,0.015625,99693,359.875,1.0,-1.20761239528656,,0.359375,2.0662341117858887,,2.4748666286468506,121814,0.12206758558750153,,0.2678571343421936,,,8.0,-0.03290184587240219,0.0,1.570648431777954,0,56.0,0.09415338560938835,-1.20761239528656,0.22914754756211392,0.18123020651950394,0.287533164024353,-0.23228111490607262,,99688.25,,,467,4,-0.035268913954496384,1,0.287533164024353,0.03015835725479042,0.359375,,0.21875,251.5520896911621,,34641,0.12066951394081116,0.0014581233263015747,1.0,398753,302.4512399956584,1638,-0.048837870359420776,8.0,0,,56.0,0.2678571343421936,0.008378557860851288,-0.035268913954496384,0.00023611956677288535,3.251199096441269,0,,,12.025735430419445,0.2678571343421936,,1251.814333638,2.8703934401273727,2.4748666286468506,89.669921875,0.359375,1,0.0,,,8.0,,,16,8.0,0.001,302.4512399956584,61.56517791748047,284.0244538076222,,0.007198424689287285,,0,,0,0.0,1e-06,0,,64,,1.0,,,,8.0,0.1719309687614441,,99681,,0.359375,,nj1g3tzx,LUFFY / logprob / sampling=confidence,True,confidence
5,1767961816.0835667,,,0,4330.5,0.02294958010315895,275,0.13906444981694221,1.0,0.6071428571428572,,0.7499683871581392,,61019,,-0.09205576777458191,331.1258703099425,7473,,,0.011351171880960464,1,,1,0.0063069346360862255,,0.48033300042152405,,1.0,1.0,0,,0.14850321598351002,0.015625,74053,297.421875,1.0,-2.4748666286468506,,0.46875,3.5787971019744873,,2.4748666286468506,85997,0.16690869629383087,,0.3928571343421936,,,8.0,-0.03310989588499069,0.0,1.2892760038375854,0,56.0,0.09115824103355408,-2.4748666286468506,0.17906894179795954,0.26486423168198797,0.33482474088668823,0.05644744820892811,,74046.75,,,321,5,-0.05192379653453827,1,0.33482474088668823,0.03630231443065967,0.46875,,0.109375,251.88369750976562,,24978,0.16498076915740967,0.0010385289788246155,1.0,296187,223.6211563013494,709,-0.06732279062271118,8.0,0,,56.0,0.3928571343421936,0.011351171880960464,-0.05192379653453827,0.0003077725931035261,2.587337952107191,0,,,10.752273604273796,0.3928571343421936,,1558.605628863,2.181410662829876,2.4748666286468506,89.669921875,0.46875,1,0.0,,,8.0,,,25,8.0,0.001,223.6211563013494,61.56517791748047,207.8552384376526,,0.00736497774321586,,0,,0,0.0,1e-06,0,,64,,1.0,,,,8.0,0.1714089810848236,,74042,,0.46875,,nj1g3tzx,LUFFY / logprob / sampling=confidence,True,confidence
6,1767962122.8748589,,,0,5872.78125,0.006818327121436596,275,0.1890210136771202,1.0,0.6122448979591837,,0.7605660417820489,,65061,,-0.03068525530397892,327.2263625197562,13698,,,0.00424628471955657,1,,1,0.0017311697592958808,,0.39732056856155396,,0.8571428656578064,1.0,0,,0.20105604454874992,0.015625,100394,401.296875,1.0,-1.6201815605163574,,0.40625,3.106538772583008,,2.4748666286468506,119865,0.11087673902511597,,0.3333333432674408,,,7.0,-0.03489840030670166,0.0,1.5507371425628662,0,57.0,0.10754059255123138,-1.6201815605163574,0.21616312623172665,0.3872176726736791,0.24729198217391968,0.170370789244771,,100385.25,,,707,6,-0.04468946531414986,1,0.24729198217391968,0.03415498515320016,0.40625,,0.125,252.4366912841797,,54804,0.11029502004384995,0.001768365502357483,1.0,401541,306.77616933733225,649,-0.05149298533797264,7.0,0,,57.0,0.3333333432674408,0.00424628471955657,-0.04468946531414986,0.00026781970596086423,3.6349411197006702,0,,,13.714626893401146,0.21052631735801697,,1918.647736419,3.2478497736155987,2.4748666286468506,97.23046875,0.40625,1,0.0,,,7.0,,,22,7.0,0.001,306.77616933733225,65.9185700416565,285.8648313321173,,0.008088463627912464,,0,,0,1.0,1e-06,0,,64,,1.0,,,,7.0,0.13608716428279877,,100378,,0.40625,,nj1g3tzx,LUFFY / logprob / sampling=confidence,True,confidence
7,1767962482.916987,,,0,6756.3125,0.0418965220451355,275,0.19046903774142265,1.0,0.75,,0.7844767006977086,,75517,,-0.23267319798469543,318.55383962808435,10478,,,0.004708559717983007,1,,1,0.0028857493307441473,,0.38806435465812683,,0.875,1.0,0,,0.2117464654147625,0.015625,114690,411.71875,1.0,-1.20761239528656,,0.34375,1.163030743598938,,2.4748666286468506,150694,0.10598844289779663,,0.25,,,8.0,-0.02846221998333931,0.0,1.6949390172958374,0,56.0,0.09728671237826347,-1.20761239528656,0.240120438536691,0.3331206804674577,0.2470385879278183,-0.020926732569932938,,114688.5,,,546,7,-0.027445122599601746,1,0.2470385879278183,0.030058095674143866,0.34375,,0.109375,252.90867614746094,,75177,0.10532116889953613,0.0014191493391990662,1.0,458754,360.02862226963043,814,-0.035593438893556595,8.0,0,,56.0,0.25,0.004708559717983007,-0.027445122599601746,0.0002120672787120406,3.491000834852457,0,,,13.789271622896194,0.125,,2248.471810443,3.231924869120121,2.4748666286468506,97.23046875,0.34375,1,0.0,,,8.0,,,17,8.0,0.001,360.02862226963043,65.9185700416565,339.21086328849196,,0.007045006406745491,,0,,0,0.0,1e-06,0,,64,,1.0,,,,8.0,0.15168999135494232,,114688,,0.34375,,nj1g3tzx,LUFFY / logprob / sampling=confidence,True,confidence
8,1767962812.7410765,,,0,6702.921875,0.03215780481696129,275,0.20017335191369057,1.0,0.75,,0.7160913802884005,,104979,,-0.28123483061790466,343.6199174513106,11973,,,0.006652882322669029,1,,1,0.003561516758054495,,0.4125446677207947,,1.0,1.0,0,,0.04901307635009289,0.015625,113335,380.21875,1.0,-1.6201815605163574,,0.34375,1.478489875793457,,2.4748666286468506,122023,0.1181553527712822,,0.25,,,8.0,-0.03857814893126488,0.0,1.808188557624817,0,56.0,0.10219058021903038,-1.6201815605163574,0.2165592457962819,0.25505101530510177,0.23535437881946564,-0.23222175426781178,,113330.25,,,548,8,-0.031528227031230927,1,0.23535437881946564,0.032863090923865475,0.34375,,0.109375,253.02099990844727,,17044,0.11737041920423508,0.0014860071241855621,1.0,453321,329.81280840933323,1084,-0.04384961724281311,8.0,0,,56.0,0.25,0.006652882322669029,-0.031528227031230927,0.00022542653046964597,3.8257575556635857,0,,,14.897529240697622,0.25,,2528.609443101,3.576112363487482,2.4748666286468506,97.23046875,0.34375,1,0.0,,,8.0,,,16,8.0,0.001,329.81280840933323,65.9185700416565,307.19389295578003,,0.007888697773735348,,0,,0,0.0,1e-06,0,,64,,1.0,,,,8.0,0.15884754061698914,,113324,,0.34375,,nj1g3tzx,LUFFY / logprob / sampling=confidence,True,confidence
9,1767963092.878675,,,0,4771.859375,0.006280909292399883,275,0.1644856184720993,1.0,0.625,,0.8632853991855166,,32168,,-0.04116860032081604,292.0080488196701,9291,,,0.01013428345322609,1,,1,0.004954854026436806,,0.42327195405960083,,1.0,1.0,0,,-0.09207664988934994,0.015625,81808,340.625,1.0,-2.4748666286468506,,0.453125,3.596212387084961,,1.6201815605163574,118219,0.12847426533699036,,0.375,,,8.0,-0.02637488953769207,0.0,1.2603176832199097,0,56.0,0.09770141541957855,-2.4748666286468506,0.209814250846104,0.2760647291739341,0.27378642559051514,-0.13324525021016598,,81799.75,,,469,9,-0.05016925558447838,1,0.27378642559051514,0.03264634746390024,0.453125,,0.109375,253.43414688110352,,86051,0.1269865483045578,0.0012051351368427277,1.0,327199,280.1284085512161,509,-0.06358607113361359,8.0,0,,56.0,0.375,0.01013428345322609,-0.05016925558447838,0.0002985993704735606,2.916242141276598,0,,,10.681852243840694,0.375,,2819.515796363,2.605067949742079,1.6201815605163574,97.23046875,0.453125,1,0.0,,,8.0,,,23,8.0,0.001,280.1284085512161,65.9185700416565,263.6464976258576,,0.00796172344579928,,0,,0,0.0,1e-06,0,,64,,1.0,,,,8.0,0.14781513810157776,,81792,,0.453125,,nj1g3tzx,LUFFY / logprob / sampling=confidence,True,confidence
10,1767963383.7850037,,,0,5061.015625,0.027264539152383804,275,0.17540670186281204,1.0,0.6071428571428572,,0.8354861583865544,,36341,,-0.1713026724755764,299.02868287220815,13730,,,0.00658835144713521,1,,1,0.002311204792931676,,0.4343053996562958,,0.875,1.0,0,,0.3454200215637684,0.015625,87286,375.515625,1.0,-2.4748666286468506,,0.46875,1.5670233964920044,,2.4748666286468506,153492,0.13076603412628174,,0.3928571343421936,,,8.0,-0.027488483116030693,0.0,1.5026863813400269,0,56.0,0.10569582507014275,-2.4748666286468506,0.1856236107451588,0.37627334831616926,0.33074942231178284,0.17411734908819199,,86984.5,,,697,10,-0.03994687646627426,1,0.33074942231178284,0.03817602476634147,0.46875,,0.109375,253.72250747680664,,117151,0.12943974137306213,0.002486675977706909,1.0,347938,290.890155300498,618,-0.050177689641714096,8.0,0,,56.0,0.3928571343421936,0.00658835144713521,-0.03994687646627426,0.00030377775658347965,3.587321449071169,0,,,13.28288970515132,0.2678571343421936,,3091.730427958,3.097997799515724,2.4748666286468506,97.23046875,0.46875,1,0.0,,,8.0,,,24,8.0,0.001,290.890155300498,65.9185700416565,270.6181441321969,,0.00890387885058753,,0,,0,0.0,1e-06,0,,64,,1.0,,,,8.0,0.1673126518726349,,86155,,0.46875,,nj1g3tzx,LUFFY / logprob / sampling=confidence,True,confidence
11,1767963655.9996483,,,0,5529.28125,0.053634922951459885,275,0.1657734364271164,1.0,0.8571428571428572,,0.719520585741989,,81940,,-0.18178601562976837,344.5457750433607,9136,,,0.01013637613505125,1,,1,0.005834569688886404,,0.4689185917377472,,1.0,1.0,0,,0.04913816414773464,0.015625,93791,332.3125,1.0,-1.20761239528656,,0.25,1.212274193763733,,2.4748666286468506,106269,0.15506039559841156,,0.1428571492433548,,,8.0,-0.04653358459472656,0.0,1.827863335609436,0,56.0,0.09141926094889641,-1.20761239528656,0.220002950648986,0.1889822365046136,0.36687126755714417,-0.13264785148203373,,93785.5,,,470,11,-0.03248580917716026,1,0.36687126755714417,0.03099992345810234,0.25,,0.109375,253.91547775268555,,24329,0.1528913974761963,0.0018549896776676178,1.0,375142,272.2004064284265,1349,-0.051536109298467636,8.0,0,,56.0,0.1428571492433548,0.01013637613505125,-0.03248580917716026,0.00024369241766823338,2.9545397013425827,0,,,11.629373285919428,0.1428571492433548,,3398.470984891,2.7186668813228607,2.4748666286468506,97.23046875,0.25,1,0.0,,,8.0,,,11,8.0,0.001,272.2004064284265,65.9185700416565,254.6196277588606,,0.007247034139933307,,0,,0,0.0,1e-06,0,,64,,1.0,,,,8.0,0.2731923758983612,,93778,,0.25,,nj1g3tzx,LUFFY / logprob / sampling=confidence,True,confidence
12,1767963962.7402027,,,0,5175.078125,0.034899357706308365,275,0.15806805714964867,1.0,0.5714285714285714,,0.871718051551313,,78356,,-0.14061741530895233,289.15776554106867,9283,,,0.009927386417984962,1,,1,0.005267609842121601,,0.4220094084739685,,0.875,1.0,0,,-0.1335094217211008,0.015625,88693,368.1875,1.0,-2.4748666286468506,,0.5,1.241074800491333,,2.4748666286468506,100083,0.12629519402980804,,0.4285714328289032,,,8.0,-0.025628095492720604,0.0,1.4770656824111938,0,56.0,0.09607906267046928,-2.4748666286468506,0.20283041714437133,0.3571428571428571,0.3167206346988678,-0.27412683703005314,,88692.25,,,470,12,-0.02814597263932228,1,0.3167206346988678,0.03356469590981267,0.5,,0.21875,254.12504959106445,,21727,0.12438581138849258,0.0018406808376312256,1.0,354769,306.72615633904934,733,-0.043238624930381775,8.0,0,,56.0,0.4285714328289032,0.009927386417984962,-0.02814597263932228,0.00027082147163497736,3.0176512375473976,0,,,11.90771360322833,0.3035714328289032,,3695.987751254,2.809400573372841,2.4748666286468506,97.23046875,0.5,1,0.0,,,8.0,,,28,8.0,0.001,306.72615633904934,65.9185700416565,288.71737726405263,,0.007918957331031857,,0,,0,0.0,1e-06,0,,64,,1.0,,,,8.0,0.1417100429534912,,88690,,0.5,,nj1g3tzx,LUFFY / logprob / sampling=confidence,True,confidence
13,1767964260.2569582,,,0,5417.453125,0.2571418583393097,275,0.199980266392231,1.0,0.5535714285714286,,0.7970793718541527,,49052,,-0.1121439691632986,312.12297316271105,15096,,,0.007741183508187532,1,,1,0.002653600415214896,,0.4274744391441345,,1.0,1.0,0,,0.07916434481739998,0.015625,92872,386.125,1.0,-2.4748666286468506,,0.515625,1.6794469356536865,,1.6201815605163574,152500,0.12725353240966797,,0.4464285671710968,,,8.0,-0.025500480085611343,0.0,1.1345349550247192,0,56.0,0.11146391555666924,-2.4748666286468506,0.19329445263118317,0.27140507417090476,0.2948382794857025,-0.03297962434589863,,92857.25,,,708,13,-0.046769607812166214,1,0.2948382794857025,0.03704438280159841,0.515625,,0.109375,254.78001022338867,,103448,0.12594608962535858,0.0029945671558380127,1.0,371429,297.50213212147355,822,-0.055985648185014725,8.0,0,,56.0,0.4464285671710968,0.007741183508187532,-0.046769607812166214,0.00030009481100471216,3.7091785334050655,0,,,13.759358059614897,0.4464285671710968,,4002.496285148,3.3380715176463127,1.6201815605163574,97.23046875,0.515625,1,0.0,,,8.0,,,29,8.0,0.001,297.50213212147355,65.9185700416565,276.36096857115626,,0.008987105254695548,,0,,0,0.0,1e-06,0,,64,,1.0,,,,8.0,0.10925200581550598,,92848,,0.515625,,nj1g3tzx,LUFFY / logprob / sampling=confidence,True,confidence
14,1767964566.7653313,,,0,5712.34375,0.03800951689481735,275,0.1947103850543499,1.0,0.6964285714285714,,0.784605780232298,,33759,,-0.020088201388716698,317.8306290015905,13435,,,0.006485407240688801,1,,1,0.002614089287817478,,0.4277136027812958,,1.0,1.0,0,,0.19199641607701778,0.015625,97416,375.953125,1.0,-2.4748666286468506,,0.390625,1.3113607168197632,,2.4748666286468506,153820,0.1260429471731186,,0.3035714328289032,,,8.0,-0.029800208285450935,0.0,1.6941418647766113,0,56.0,0.11089083924889565,-2.4748666286468506,0.21654236392958662,0.33071891388307384,0.27846503257751465,0.1719082146883011,,97412.75,,,737,14,-0.03456610441207886,1,0.27846503257751465,0.0332036402360499,0.390625,,0.109375,254.88330841064453,,120061,0.125047966837883,0.003309357911348343,1.0,389651,306.49264454469085,573,-0.045850664377212524,8.0,0,,56.0,0.3035714328289032,0.006485407240688801,-0.03456610441207886,0.00028459015695813853,3.2961522676050663,0,,,12.937831621617079,0.3035714328289032,,4290.362780708,3.083945944905281,2.4748666286468506,97.23046875,0.390625,1,0.0,,,8.0,,,19,8.0,0.001,306.49264454469085,65.9185700416565,286.8440271951258,,0.007914636289667628,,0,,0,0.0,1e-06,0,,64,,1.0,,,,8.0,0.1549917608499527,,97411,,0.390625,,nj1g3tzx,LUFFY / logprob / sampling=confidence,True,confidence
15,1767964854.6320415,,,0,5036.671875,0.042336542159318924,275,0.1574932187795639,1.0,0.5714285714285714,,0.8395066752296153,,55334,,-0.06125680170953274,299.5728587334145,10766,,,0.007857991382479668,1,,1,0.0034975367598235607,,0.42785516381263733,,0.875,1.0,0,,0.160675635561347,0.015625,86239,352.875,1.0,-2.4748666286468506,,0.5,1.5403541326522827,,2.4748666286468506,133648,0.12684118747711182,,0.4285714328289032,,,8.0,-0.02248110994696617,0.0,1.2697268724441528,0,56.0,0.09979773312807083,-2.4748666286468506,0.2158182631310481,0.3499271061118826,0.25861772894859314,0.09941883385181427,,86232.75,,,550,15,-0.039700400084257126,1,0.25861772894859314,0.0323360740735312,0.5,,0.109375,255.19155502319336,,78314,0.12579749524593353,0.002477947622537613,1.0,344931,287.8523453846574,530,-0.050071362406015396,8.0,0,,56.0,0.4285714328289032,0.007857991382479668,-0.039700400084257126,0.000289326657006969,3.082415781915188,0,,,11.15371436625719,0.3035714328289032,,4593.89719342,2.7251399643719196,2.4748666286468506,97.23046875,0.5,1,0.0,,,8.0,,,27,8.0,0.001,287.8523453846574,65.9185700416565,270.6124582402408,,0.007900536525774488,,0,,0,0.0,1e-06,0,,64,,1.0,,,,8.0,0.09846824407577515,,86225,,0.5,,nj1g3tzx,LUFFY / logprob / sampling=confidence,True,confidence
16,1767965158.1663165,,,0,4821.140625,0.029333433136343956,275,0.17582791298627853,1.0,0.5535714285714286,,0.9197342918943124,,21315,,0.0,274.0508177779291,13749,,,0.006893467158079147,1,,1,0.0022986840922385454,,0.43103480339050293,,0.75,1.0,0,,-0.04445955343544483,0.015625,83192,377.59375,1.0,-2.4748666286468506,,0.515625,1.113243579864502,,2.4748666286468506,118445,0.12335634976625443,,0.4464285671710968,,,8.0,-0.022518357262015343,0.0,1.5300712585449219,0,56.0,0.10183731466531754,-2.4748666286468506,0.1828248720006329,0.4191676640823394,0.2930704951286316,-0.04445955343544483,,83179.75,,,709,16,-0.03664171323180199,1,0.2930704951286316,0.038977538746194584,0.515625,,0.109375,255.68473434448242,,97130,0.12217831611633301,0.0026018358767032623,1.0,332719,303.5194372870028,367,-0.04751676693558693,8.0,0,,56.0,0.4464285671710968,0.006893467158079147,-0.03664171323180199,0.00030607604214161964,3.3505428209900856,0,,,12.968567714095116,0.1964285671710968,,4846.324503582,3.1112179160118103,2.4748666286468506,97.23046875,0.515625,1,0.0,,,8.0,,,29,8.0,0.001,303.5194372870028,65.9185700416565,283.7867749668658,,0.009350887433575511,,0,,0,0.0,1e-06,0,,64,,1.0,,,,8.0,0.13556396961212158,,83173,,0.515625,,nj1g3tzx,LUFFY / logprob / sampling=confidence,True,confidence
17,1767965410.593711,,,0,4202.65625,0.14215926826000214,275,0.17396582290530205,1.0,0.5357142857142857,,0.8792514546065232,,65483,,-0.39101777225732803,289.0792574559176,12043,,,0.01284158043563366,1,,1,0.004287317395210266,,0.4869862496852875,,0.875,1.0,0,,0.08604111522436142,0.015625,72971,357.796875,1.0,-2.4748666286468506,,0.53125,1.3145753145217896,,2.4748666286468506,85604,0.16461148858070374,,0.4642857015132904,,,8.0,-0.03183198347687721,0.0,1.4493964910507202,0,56.0,0.09655188769102097,-2.4748666286468506,0.18808406046879908,0.3829930462415574,0.36592522263526917,-0.3049766570329666,,72967.25,,,545,17,-0.04587120935320854,1,0.36592522263526917,0.03599373880716845,0.53125,,0.109375,255.78593063354492,,20121,0.16199266910552979,0.001691274344921112,1.0,291869,252.4126104451716,982,-0.06532259285449982,8.0,0,,56.0,0.4642857015132904,0.01284158043563366,-0.04587120935320854,0.0003308055589700207,2.6547523848712444,0,,,10.505456551909447,0.3392857015132904,,5193.977510612,2.468203630298376,2.4748666286468506,97.23046875,0.53125,1,0.0,,,8.0,,,30,8.0,0.001,252.4126104451716,65.9185700416565,236.49226374551654,,0.008456546019955446,,0,,0,0.0,1e-06,0,,64,,1.0,,,,8.0,0.1701284646987915,,72962,,0.53125,,nj1g3tzx,LUFFY / logprob / sampling=confidence,True,confidence
18,1767965758.2467458,,,0,6132.734375,0.051413074135780334,275,0.19715947285294533,1.0,0.5714285714285714,,0.8298283277302769,,87848,,-0.07323664240539074,301.8750884970477,13746,,,0.005408986005932093,1,,1,0.0022965851239860058,,0.4062804877758026,,1.0,1.0,0,,0.21474953554570675,0.015625,104946,426.171875,1.0,-2.4748666286468506,,0.484375,1.7617526054382324,,1.6201815605163574,129650,0.1125582903623581,,0.42105263471603394,,,7.0,-0.012657379731535912,0.0,0.9482808709144592,0,57.0,0.10279693827033043,-2.4748666286468506,0.21136864840170372,0.2753211747598376,0.327652245759964,0.141512893140316,,104942.5,,,698,18,-0.03213219344615936,1,0.327652245759964,0.03415720333322227,0.484375,,0.109375,256.16694259643555,,41802,0.11138852685689926,0.001956738531589508,1.0,419770,347.63550885394216,894,-0.037464067339897156,7.0,0,,57.0,0.42105263471603394,0.005408986005932093,-0.03213219344615936,0.0002448887206573372,3.863731734454632,0,,,14.338169243186712,0.42105263471603394,,5417.819508239,3.4066122099757195,1.6201815605163574,97.23046875,0.484375,1,0.0,,,7.0,,,26,7.0,0.001,347.63550885394216,65.9185700416565,325.70346949249506,,0.008115425613968887,,0,,0,1.0,1e-06,0,,64,,1.0,,,,7.0,0.11010675877332687,,104939,,0.484375,,nj1g3tzx,LUFFY / logprob / sampling=confidence,True,confidence
19,1767965982.0887916,,,0,3647.375,0.05220805108547211,275,0.13241735473275185,1.0,0.5357142857142857,,0.8987647203037286,,40238,,0.0,283.0320418540998,9173,,,0.011022482067346573,1,,1,0.0041704485192894936,,0.5284690856933594,,0.875,1.0,0,,0.2907953839749098,0.015625,63357,312.078125,1.0,-2.4748666286468506,,0.53125,1.4266301393508911,,2.4748666286468506,102175,0.18609021604061127,,0.4642857015132904,,,8.0,-0.030152341350913048,0.0,1.142506718635559,0,56.0,0.08332111313939095,-2.4748666286468506,0.17715702043362644,0.31743551490412814,0.2567010819911957,0.2907953839749098,,63351.25,,,467,19,-0.05409408360719681,1,0.2567010819911957,0.036762557225940434,0.53125,,0.109375,256.6014060974121,,61937,0.1853032410144806,0.001262769103050232,1.0,253405,223.83066448941827,535,-0.06743060052394867,8.0,0,,56.0,0.4642857015132904,0.011022482067346573,-0.05409408360719681,0.0003288061132944928,2.3850590363144875,0,,,9.315815813839436,0.3392857015132904,,5689.088690226,2.094130866229534,2.4748666286468506,97.23046875,0.53125,1,0.0,,,8.0,,,30,8.0,0.001,223.83066448941827,65.9185700416565,209.80044618993998,,0.008263968217791812,,0,,0,0.0,1e-06,0,,64,,1.0,,,,8.0,0.14740611612796783,,63342,,0.53125,,nj1g3tzx,LUFFY / logprob / sampling=confidence,True,confidence
20,1767966253.3579576,,,0,4822.609375,0.13419580459594727,275,0.15597959235310555,1.0,0.5178571428571428,,0.8179597766508023,,59271,,-0.26335842348635197,305.97011356758713,10978,,,0.0062239388935267925,1,,1,0.0026046186685562134,,0.46029573678970337,,0.875,1.0,0,,0.023188438266515732,0.015625,83011,364.6875,1.0,-2.4748666286468506,,0.546875,1.3993792533874512,,2.4748666286468506,114845,0.14256590604782104,,0.4821428656578064,,,8.0,-0.02454465627670288,0.0,1.0281672477722168,0,56.0,0.08802486583590508,-2.4748666286468506,0.18501131402040066,0.3345534641999142,0.2660250663757324,-0.24016998521983624,,82996.75,,,546,20,-0.05319644883275032,1,0.2660250663757324,0.037428972360940845,0.546875,,0.109375,256.8288459777832,,55574,0.14179269969463348,0.0020484887063503265,1.0,331987,271.2577023692429,549,-0.05996894836425781,8.0,0,,56.0,0.4821428656578064,0.0062239388935267925,-0.05319644883275032,0.00026514552026406175,3.1604903377592564,0,,,12.425932247191668,0.3571428656578064,,6009.54507622,2.9480114243924618,2.4748666286468506,97.23046875,0.546875,1,0.0,,,8.0,,,30,8.0,0.001,271.2577023692429,65.9185700416565,252.46083118394017,,0.008879900190044978,,0,,0,0.0,1e-06,0,,64,,1.0,,,,8.0,0.09577815979719162,,82983,,0.546875,,nj1g3tzx,LUFFY / logprob / sampling=confidence,True,confidence
21,1767966573.8142846,,,0,5498.953125,0.1023252010345459,275,0.18535379692912102,1.0,0.5892857142857143,,0.852273020320664,,78167,,-0.2349344603717327,294.6471483343177,13267,,,0.006404628045856953,1,,1,0.002519764704629779,,0.47465312480926514,,1.0,1.0,0,,0.11431409046053886,0.015625,94425,402.09375,1.0,-1.20761239528656,,0.484375,1.5416944026947021,,2.4748666286468506,106318,0.14712126553058624,,0.4107142984867096,,,8.0,-0.0329429917037487,0.0,1.1781165599822998,0,56.0,0.10213437676429749,-1.20761239528656,0.1958792335569638,0.20748125068968304,0.3547884523868561,-0.12062036991119385,,94416.75,,,710,21,-0.05208117514848709,1,0.3547884523868561,0.03589268238881758,0.484375,,0.109375,257.11035919189453,,28151,0.14578264951705933,0.0018778406083583832,1.0,377667,320.4400603696704,1432,-0.06001092121005058,8.0,0,,56.0,0.4107142984867096,0.006404628045856953,-0.05208117514848709,0.000270435004287633,3.4765373952686787,0,,,13.555481679737568,0.4107142984867096,,6285.816970492,3.1554485857486725,2.4748666286468506,97.23046875,0.484375,1,0.0,,,8.0,,,28,8.0,0.001,320.4400603696704,65.9185700416565,299.94300086051226,,0.008355108033661062,,0,,0,0.0,1e-06,0,,64,,1.0,,,,8.0,0.14704614877700806,,94410,,0.484375,,nj1g3tzx,LUFFY / logprob / sampling=confidence,True,confidence
22,1767966850.0862474,,,0,4758.125,0.09162892401218414,275,0.1612936109304428,1.0,0.5510204081632654,,0.8501034791625495,,43949,,-0.04116860032081604,297.14841652914913,10508,,,0.0081275450065732,1,,1,0.0034987672697752714,,0.4614667594432831,,0.7142857313156128,1.0,0,,-0.055594971403479576,0.015625,82094,372.546875,1.0,-1.20761239528656,,0.515625,1.1298989057540894,,2.4748666286468506,133571,0.1441802680492401,,0.45614033937454224,,,7.0,-0.021177025511860847,0.0,1.298976182937622,0,57.0,0.09103531762957573,-1.20761239528656,0.19907149923139691,0.38506045436965736,0.35355547070503235,-0.09676357172429562,,82090.75,,,545,22,-0.029529498890042305,1,0.35355547070503235,0.03477487415824528,0.515625,,0.109375,257.44805908203125,,89622,0.14246462285518646,0.0032750703394412994,1.0,328363,276.26177840307355,495,-0.04041546583175659,7.0,0,,57.0,0.45614033937454224,0.0081275450065732,-0.029529498890042305,0.00027723987669005256,2.962222695350647,0,,,11.418782003223896,0.21052631735801697,,6595.967930447,2.7365252412855625,2.4748666286468506,97.23046875,0.515625,1,0.0,,,7.0,,,29,7.0,0.001,276.26177840307355,65.9185700416565,258.8735114745796,,0.008333841636498517,,0,,0,1.0,1e-06,0,,64,,1.0,,,,7.0,0.13267353177070618,,82088,,0.515625,,nj1g3tzx,LUFFY / logprob / sampling=confidence,True,confidence
23,1767967160.2371163,,,0,5159.765625,0.2628398835659027,275,0.16818826645612717,1.0,0.5,,0.8829735398283517,,58961,,-0.14520420879125595,286.8427774764955,10590,,,0.006480429787188768,1,,1,0.002999147865921259,,0.43488430976867676,,1.0,1.0,0,,0.02936437539756298,0.015625,88968,400.234375,1.0,-2.4748666286468506,,0.5625,2.0914559364318848,,1.6201815605163574,129925,0.12578369677066803,,0.5,,,8.0,-0.0217673908919096,0.0,0.8957517743110657,0,56.0,0.09985824301838875,-2.4748666286468506,0.20330758277490055,0.23690177073967142,0.2688451111316681,-0.11583983339369297,,88960.0,,,559,23,-0.0468517430126667,1,0.2688451111316681,0.03415272096272477,0.5625,,0.109375,257.9032096862793,,70964,0.1248505562543869,0.0026996657252311707,1.0,355840,310.13505301624537,512,-0.0530000664293766,8.0,0,,56.0,0.5,0.006480429787188768,-0.0468517430126667,0.0002806268070435835,3.1128603778779507,0,,,12.152904227375984,0.5,,6831.571641068,2.9952224642038345,1.6201815605163574,97.23046875,0.5625,1,0.0,,,8.0,,,31,8.0,0.001,310.13505301624537,65.9185700416565,291.57993718981743,,0.008417329317119589,,0,,0,0.0,1e-06,0,,64,,1.0,,,,8.0,0.08232571184635162,,88954,,0.5625,,nj1g3tzx,LUFFY / logprob / sampling=confidence,True,confidence
24,1767967395.840873,,,0,4399.765625,0.29947805404663086,275,0.13203877955675125,1.0,0.5892857142857143,,0.7843377836458592,,53649,,-0.21607982739806175,319.78512579912467,8203,,,0.009212138131260872,1,,1,0.004739942494779825,,0.5274512767791748,,0.875,1.0,0,,-0.016186563298106194,0.015625,75335,308.140625,1.0,-1.20761239528656,,0.484375,1.3642041683197021,,2.4748666286468506,96570,0.1783871203660965,,0.4107142984867096,,,8.0,-0.026526210829615593,0.0,1.086732029914856,0,56.0,0.08307167142629623,-1.20761239528656,0.20660788450000747,0.28064702938395913,0.3458153009414673,-0.23226639069616795,,75326.5,,,348,24,-0.04727955162525177,1,0.3458153009414673,0.032545186983622965,0.484375,,0.109375,257.8949508666992,,42921,0.17683041095733643,0.0017879009246826172,1.0,301306,235.55348239466548,689,-0.05782335251569748,8.0,0,,56.0,0.4107142984867096,0.009212138131260872,-0.04727955162525177,0.00027570533419943923,2.4378323070704937,0,,,9.8060601092875,0.2857142984867096,,7124.588327992,2.2128906175494194,2.4748666286468506,97.23046875,0.484375,1,0.0,,,8.0,,,27,8.0,0.001,235.55348239466548,65.9185700416565,220.85775480791926,,0.007344329743016798,,0,,0,0.0,1e-06,0,,64,,1.0,,,,8.0,0.13475334644317627,,75321,,0.484375,,nj1g3tzx,LUFFY / logprob / sampling=confidence,True,confidence
25,1767967688.8575306,,,0,4673.09375,0.1334553211927414,275,0.14513082802295685,1.0,0.44897959183673475,,0.9250000628855528,,70073,,-0.04116860032081604,274.81952173196186,9265,,,0.007720394060015678,1,,1,0.0037064028438180685,,0.4652615189552307,,1.0,1.0,0,,0.07819798961281776,0.015625,80529,359.65625,1.0,-1.6201815605163574,,0.53125,1.701192021369934,,1.20761239528656,93964,0.1392376571893692,,0.4736842215061188,,,7.0,-0.012726842425763607,0.0,0.703453540802002,0,57.0,0.08577286824584007,-1.6201815605163574,0.19850970961074527,0.14139190265868387,0.29133492708206177,0.037029389292001724,,80524.0,,,469,25,-0.04284607991576195,1,0.29133492708206177,0.033749926476851995,0.53125,,0.109375,258.40888595581055,,23891,0.1380542516708374,0.0019426122307777405,1.0,322096,293.00684133544564,1165,-0.04865264147520065,7.0,0,,57.0,0.4736842215061188,0.007720394060015678,-0.04284607991576195,0.00026629597463439494,2.7381365932524204,0,,,10.870716318488121,0.4736842215061188,,7394.455977572,2.501608297228813,1.20761239528656,97.23046875,0.53125,1,0.0,,,7.0,,,30,7.0,0.001,293.00684133544564,65.9185700416565,276.6471688076854,,0.007766654342894085,,0,,0,1.0,1e-06,0,,64,,1.0,,,,7.0,0.06894971430301666,,80521,,0.53125,,nj1g3tzx,LUFFY / logprob / sampling=confidence,True,confidence
26,1767967958.725228,,,0,4668.15625,0.11026626825332642,275,0.16895056515932083,1.0,0.489795918367347,,0.8397601507350002,,57887,,0.0,297.71503065513286,13298,,,0.008521833457052708,1,,1,0.0028425329364836216,,0.44727882742881775,,0.8571428656578064,1.0,0,,0.12360850907862186,0.015625,80346,352.984375,1.0,-2.4748666286468506,,0.5,1.3178553581237793,,1.6201815605163574,126393,0.13115066289901733,,0.4385964870452881,,,7.0,-0.018501438200473785,0.0,1.2038981914520264,0,57.0,0.09726231172680855,-2.4748666286468506,0.17790697751773846,0.340272081643532,0.29397091269493103,0.12360850907862186,,80338.25,,,697,26,-0.024508008733391762,1,0.29397091269493103,0.03877738939997721,0.5,,0.109375,258.60227966308594,,68506,0.12975120544433594,0.0018522106111049652,1.0,321353,269.8494927287102,524,-0.035066258162260056,7.0,0,,57.0,0.4385964870452881,0.008521833457052708,-0.024508008733391762,0.0003026650186144475,3.300756450742483,0,,,12.461230415850878,0.31578946113586426,,7671.888578114,2.907913126051426,1.6201815605163574,97.23046875,0.5,1,0.0,,,7.0,,,28,7.0,0.001,269.8494927287102,65.9185700416565,250.88842215389013,,0.009048968349607521,,0,,0,1.0,1e-06,0,,64,,1.0,,,,7.0,0.11012051999568939,,80334,,0.5,,nj1g3tzx,LUFFY / logprob / sampling=confidence,True,confidence
27,1767968236.1577573,,,0,4584.203125,0.16487334668636322,275,0.15848219022154808,1.0,0.5714285714285714,,0.8889937936248754,,56326,,-0.20923174917697906,285.7346922439224,9986,,,0.009939023293554783,1,,1,0.004314221907407045,,0.45165857672691345,,1.0,1.0,0,,0.0558508038520813,0.015625,79277,370.046875,1.0,-2.4748666286468506,,0.5,1.4195327758789062,,2.4748666286468506,104393,0.1345919668674469,,0.4285714328289032,,,8.0,-0.028808994218707085,0.0,1.7188969850540161,0,56.0,0.09660021588206291,-2.4748666286468506,0.20692044241891647,0.3425593945223371,0.38556376099586487,-0.15338094532489777,,79268.0,,,575,27,-0.03514263778924942,1,0.38556376099586487,0.03367883670029347,0.5,,0.109375,258.74443435668945,,48067,0.13207252323627472,0.0016541630029678345,1.0,317072,277.4181860014796,430,-0.0527510941028595,8.0,0,,56.0,0.4285714328289032,0.009939023293554783,-0.03514263778924942,0.00030466334423116174,2.9620212465524673,0,,,10.678616110235453,0.4285714328289032,,8099.257941836,2.6810929514467716,2.4748666286468506,97.23046875,0.5,1,0.0,,,8.0,,,27,8.0,0.001,277.4181860014796,65.9185700416565,260.8210001178086,,0.008455785914387809,,0,,0,0.0,1e-06,0,,64,,1.0,,,,8.0,0.1819947361946106,,79260,,0.5,,nj1g3tzx,LUFFY / logprob / sampling=confidence,True,confidence
28,1767968663.5264995,,,0,5816.5625,0.11649081856012344,275,0.18609552085399628,1.0,0.4107142857142857,,1.0874293201271705,,63752,,-0.14046819880604744,236.05101931960175,13048,,,0.005751356482505798,1,,1,0.0024274815805256367,,0.3874402642250061,,1.0,1.0,0,,0.07107103615999222,0.015625,100892,488.28125,1.0,-2.4748666286468506,,0.640625,1.9947582483291626,,1.6201815605163574,134803,0.09619230031967163,,0.5892857313156128,,,8.0,-0.011226405389606953,0.0,0.7485410571098328,0,56.0,0.10594168677926064,-2.4748666286468506,0.1947466784048409,0.23076514255928726,0.3020293414592743,-0.06939716264605522,,100877.5,,,733,28,-0.03699126094579697,1,0.3020293414592743,0.03701435670554631,0.640625,,0.109375,259.52716064453125,,71051,0.09500160068273544,0.002811957150697708,1.0,403510,427.3546468503773,695,-0.04153527319431305,8.0,0,,56.0,0.5892857313156128,0.005751356482505798,-0.03699126094579697,0.00026255033773453105,3.7426958940923214,0,,,14.93566307425499,0.5892857313156128,,8266.756193258,3.551183968782425,1.6201815605163574,97.23046875,0.640625,1,0.0,,,8.0,,,39,8.0,0.001,427.3546468503773,65.9185700416565,404.80643871054053,,0.008800733485619749,,0,,0,0.0,1e-06,0,,64,,1.0,,,,8.0,0.04796406626701355,,100861,,0.640625,,nj1g3tzx,LUFFY / logprob / sampling=confidence,True,confidence
29,1767968831.0254023,,,0,3243.625,0.5930504202842712,275,0.1270367093384266,1.0,0.3035714285714286,,0.741802277658266,,23110,,-0.22928445041179657,342.37002664182074,9157,,,0.009831785224378109,1,,1,0.0033047280739992857,,0.45629721879959106,,0.5,1.0,0,,0.08013066276907921,0.015625,57343,340.296875,1.0,-2.4748666286468506,,0.734375,1.108137845993042,,1.6201815605163574,87302,0.1358742117881775,,0.6964285969734192,,,8.0,-0.010382155887782574,0.0,0.8547843098640442,0,56.0,0.08781864121556282,-2.4748666286468506,0.17544948123965376,0.3602543036041431,0.27088093757629395,-0.14915378764271736,,57342.75,,,493,29,-0.023079553619027138,1,0.27088093757629395,0.038903807954595165,0.734375,,0.109375,259.7201347351074,,64192,0.13453367352485657,0.002920057624578476,1.0,229371,167.4876465164125,489,-0.03179622069001198,8.0,0,,56.0,0.6964285969734192,0.009831785224378109,-0.023079553619027138,0.0003828672378616426,2.248554140329361,0,,,8.923405334353447,0.1964285671710968,,8566.070944416,2.0892388373613358,1.6201815605163574,97.23046875,0.734375,1,0.0,,,8.0,,,44,8.0,0.001,167.4876465164125,65.9185700416565,153.99221842363477,,0.009108557042352066,,0,,0,0.0,1e-06,0,,64,,1.0,,,,8.0,0.04686133190989494,,57342,,0.734375,,nj1g3tzx,LUFFY / logprob / sampling=confidence,True,confidence
30,1767969130.340204,,,0,4977.265625,0.08507537841796875,275,0.16986148059368134,1.0,0.5,,0.8744060900455557,,71729,,-0.05314843729138374,287.3506565306683,12828,,,0.007141848094761372,1,,1,0.0026214509271085262,,0.3997390568256378,,0.875,1.0,0,,0.1567215621471405,0.015625,86025,398.046875,1.0,-2.4748666286468506,,0.5625,1.77653169631958,,2.4748666286468506,99166,0.10296709090471268,,0.5,,,8.0,-0.017620744183659554,0.0,0.8993632197380066,0,56.0,0.09519664943218231,-2.4748666286468506,0.17972695954429746,0.31134992453861954,0.32299038767814636,0.10357312485575676,,86005.0,,,732,30,-0.03221959248185158,1,0.32299038767814636,0.03944162511534832,0.5625,,0.109375,259.9634552001953,,27437,0.10138441622257233,0.0027875714004039764,1.0,344020,299.3033008463681,632,-0.03892067074775696,8.0,0,,56.0,0.5,0.007141848094761372,-0.03221959248185158,0.00027671835774717256,3.662305098026991,0,,,13.56870787218213,0.375,,8963.904272455,3.2391228787600994,2.4748666286468506,97.23046875,0.5625,1,0.0,,,8.0,,,32,8.0,0.001,299.3033008463681,65.9185700416565,278.53768795356154,,0.00941550746689175,,0,,0,0.0,1e-06,0,,64,,1.0,,,,8.0,0.08602333068847656,,85995,,0.5625,,nj1g3tzx,LUFFY / logprob / sampling=confidence,True,confidence
31,1767969528.1734946,,,0,6095.046875,0.291043758392334,275,0.1891295574605465,1.0,0.7755102040816327,,0.9675636373646078,,81740,,-0.16070563159883022,261.06459110458786,13186,,,0.0060448674485087395,1,,1,0.002654257696121931,,0.40200865268707275,,1.0,1.0,0,,0.2383733056485653,0.015625,103860,396.0,1.0,-2.4748666286468506,,0.28125,1.64568293094635,,2.4748666286468506,132422,0.1015000268816948,,0.19298245012760162,,,7.0,-0.022545572370290756,0.0,1.8114781379699707,0,57.0,0.11147352680563927,-2.4748666286468506,0.21988212443011795,0.28425282198334934,0.3641456961631775,0.07766767404973507,,103856.75,,,695,31,-0.016830014064908028,1,0.3641456961631775,0.032541494419672495,0.28125,,0.109375,260.4425392150879,,50682,0.09990271925926208,0.0018626861274242401,1.0,415427,397.8201316408813,498,-0.027949105948209763,7.0,0,,57.0,0.19298245012760162,0.0060448674485087395,-0.016830014064908028,0.0002683348140723623,3.3817089162766933,0,,,13.518615402281284,0.19298245012760162,,9316.616748669,3.166743893176317,2.4748666286468506,97.23046875,0.28125,1,0.0,,,7.0,,,13,7.0,0.001,397.8201316408813,65.9185700416565,377.4301263540983,,0.007622864891247601,,0,,0,1.0,1e-06,0,,64,,1.0,,,,7.0,0.19896933436393738,,103849,,0.28125,,nj1g3tzx,LUFFY / logprob / sampling=confidence,True,confidence
32,1767969880.8859475,,,0,6169.875,0.4166885316371918,275,0.1936071626842022,1.0,0.6785714285714286,,0.83868641523055,,81455,,-0.22928443551063538,299.05405998794265,12719,,,0.007351749576628208,1,,1,0.003370940452441573,,0.3616827726364136,,0.875,1.0,0,,0.2627782393246889,0.015625,105490,422.328125,1.0,-0.935412585735321,,0.40625,2.2676429748535156,,2.4748666286468506,130162,0.0850873664021492,,0.3214285671710968,,,8.0,-0.014516551978886127,0.0,1.366738200187683,0,56.0,0.1067902110517025,-0.935412585735321,0.21257966439849177,0.2834733547569204,0.36656609177589417,0.033493803814053535,,105475.25,,,737,32,-0.016175352036952972,1,0.36656609177589417,0.03384934422291697,0.40625,,0.109375,260.992862701416,,48707,0.08300266414880753,0.0014633536338806152,1.0,421901,352.6962650306523,991,-0.026417482644319534,8.0,0,,56.0,0.3214285671710968,0.007351749576628208,-0.016175352036952972,0.0002531167526308364,3.558297425508499,0,,,14.281072176992893,0.1964285671710968,,9586.815214554,3.361694723367691,2.4748666286468506,97.23046875,0.40625,1,0.0,,,8.0,,,21,8.0,0.001,352.6962650306523,65.9185700416565,331.1737821549177,,0.007967970503430167,,0,,0,0.0,1e-06,0,,64,,1.0,,,,8.0,0.10710293799638748,,105464,,0.40625,,nj1g3tzx,LUFFY / logprob / sampling=confidence,True,confidence
33,1767970151.0843904,,,0,4187.578125,0.5338440537452698,275,0.18949578702449799,1.0,0.4642857142857143,,0.9431340614485364,,47110,,0.0,269.72052065814876,12572,,,0.010440103709697723,1,,1,0.0033319678623229265,,0.4428046941757202,,0.875,1.0,0,,0.12624205276370049,0.015625,72882,367.09375,1.0,-1.6201815605163574,,0.59375,2.393329620361328,,1.6201815605163574,110043,0.12050661444664001,,0.5357142686843872,,,8.0,-0.016566039994359016,0.0,0.9810318946838379,0,56.0,0.09502056613564491,-1.6201815605163574,0.17480041690047182,0.24484480715718018,0.352167010307312,0.12624205276370049,,72874.75,,,549,33,-0.03629530966281891,1,0.352167010307312,0.03930723685619211,0.59375,,0.109375,261.20645904541016,,62933,0.11806254833936691,0.0017285645008087158,1.0,291499,270.1861535124481,549,-0.04702836647629738,8.0,0,,56.0,0.5357142686843872,0.010440103709697723,-0.03629530966281891,0.0003259721856186296,2.9131815768778324,0,,,11.458020236343145,0.4107142984867096,,9916.029678153,2.7454617619514465,1.6201815605163574,97.23046875,0.59375,1,0.0,,,8.0,,,35,8.0,0.001,270.1861535124481,65.9185700416565,252.764644138515,,0.00941842600472539,,0,,0,0.0,1e-06,0,,64,,1.0,,,,8.0,0.09231442958116531,,72865,,0.59375,,nj1g3tzx,LUFFY / logprob / sampling=confidence,True,confidence
34,1767970480.2974412,,,0,5287.078125,0.31745848059654236,275,0.16745392978191376,1.0,0.5714285714285715,,0.9160240568517407,,66927,,-0.16067010909318924,276.43100306246777,10022,,,0.005848575383424759,1,,1,0.002925437642261386,,0.37176981568336487,,1.0,1.0,0,,0.09782294929027557,0.015625,91004,400.34375,1.0,-2.4748666286468506,,0.5,3.871722936630249,,1.6201815605163574,131298,0.08877263218164444,,0.4285714328289032,,,8.0,-0.010106265544891357,0.0,1.1403096914291382,0,56.0,0.09444260597229004,-2.4748666286468506,0.20114305313749,0.2672612419124244,0.3224402368068695,-0.06284715980291367,,90998.75,,,548,34,-0.02390936017036438,1,0.3224402368068695,0.034591329669812876,0.5,,0.109375,261.57898712158203,,64371,0.0873979702591896,0.002625133842229843,1.0,363995,329.1915486752987,580,-0.030758440494537354,8.0,0,,56.0,0.4285714328289032,0.005848575383424759,-0.02390936017036438,0.00025946127274355425,3.3310547806322575,0,,,12.591071043163538,0.4285714328289032,,10166.642247915,3.028190478682518,1.6201815605163574,97.23046875,0.5,1,0.0,,,8.0,,,26,8.0,0.001,329.1915486752987,65.9185700416565,309.95780818909407,,0.008319318888123513,,0,,0,0.0,1e-06,0,,64,,1.0,,,,8.0,0.09206923097372055,,90990,,0.5,,nj1g3tzx,LUFFY / logprob / sampling=confidence,True,confidence
35,1767970730.911464,,,0,4039.5,0.1704005002975464,275,0.14380808919668198,1.0,0.5178571428571429,,0.904566537128188,,45101,,-0.31192008778452873,280.54110750971574,10322,,,0.012230783700942993,1,,1,0.004533515311777592,,0.42784950137138367,,0.75,1.0,0,,0.18239742890000343,0.015625,70978,354.515625,1.0,-1.6201815605163574,,0.546875,2.0154783725738525,,2.4748666286468506,88963,0.11221934109926224,,0.4821428656578064,,,8.0,-0.018931718543171883,0.0,1.5756797790527344,0,56.0,0.08864834904670715,-1.6201815605163574,0.18314378057148567,0.4036662341234755,0.36667412519454956,-0.1295226588845253,,70304.25,,,576,35,-0.01103039737790823,1,0.36667412519454956,0.03863295792258219,0.546875,,0.109375,261.7807083129883,,43862,0.10906863212585449,0.0016884133219718933,1.0,281217,250.60231145471334,411,-0.03067740797996521,8.0,0,,56.0,0.4821428656578064,0.012230783700942993,-0.01103039737790823,0.0003152311170615829,3.0438323244452477,0,,,10.864244528114796,0.2321428507566452,,10312.529905699,2.584898877888918,2.4748666286468506,97.23046875,0.546875,1,0.0,,,8.0,,,32,8.0,0.001,250.60231145471334,65.9185700416565,233.8557777106762,,0.009191830073889266,,0,,0,0.0,1e-06,0,,64,,1.0,,,,8.0,0.17633044719696045,,70069,,0.546875,,nj1g3tzx,LUFFY / logprob / sampling=confidence,True,confidence
36,1767970876.79918,,,0,2871.875,0.1979673057794571,275,0.13000274077057838,1.0,0.3673469387755102,,0.7227431523478849,,19387,,0.0,349.9087264828783,10359,,,0.007894450798630714,1,,1,0.0020891886670142412,,0.4580301344394684,,0.7142857313156128,1.0,0,,0.011102039366960526,0.015625,51059,318.328125,1.0,-2.4748666286468506,,0.640625,3.4228711128234863,,1.20761239528656,91673,0.127522274851799,,0.5964912176132202,,,7.0,-0.01222912035882473,0.0,0.6635544300079346,0,57.0,0.08491940796375275,-2.4748666286468506,0.15188925804475176,0.2943307163644073,0.3679463267326355,0.011102039366960526,,51043.25,,,493,36,-0.03235557675361633,1,0.3679463267326355,0.04257244341159387,0.640625,,0.125,262.248348236084,,72286,0.1256091445684433,0.0025908909738063812,1.0,204173,145.87589887529612,442,-0.03789312019944191,7.0,0,,57.0,0.5964912176132202,0.007894450798630714,-0.03235557675361633,0.0004159188921343799,2.0899462029337883,0,,,8.692143488675356,0.35087719559669495,,10537.119062683,2.019492469727993,1.20761239528656,97.23046875,0.640625,1,0.0,,,7.0,,,36,7.0,0.001,145.87589887529612,65.9185700416565,132.84019140154123,,0.009891084862974013,,0,,0,1.0,1e-06,0,,64,,1.0,,,,7.0,0.09619899094104767,,51031,,0.640625,,nj1g3tzx,LUFFY / logprob / sampling=confidence,True,confidence
37,1767971101.3554144,,,0,3270.625,0.23683850467205048,275,0.1446983478963375,1.0,0.3035714285714286,,1.0094560533277896,,33754,,-0.04116860032081604,256.2599798607312,12625,,,0.011293713003396988,1,,1,0.0028036052826792,,0.43593695759773254,,0.75,1.0,0,,-0.012912331148982048,0.015625,57646,325.75,1.0,-2.4748666286468506,,0.734375,1.9563686847686768,,1.20761239528656,76151,0.11329982429742813,,0.6964285969734192,,,8.0,-0.008485965430736542,0.0,0.7154748439788818,0,56.0,0.09528300911188126,-2.4748666286468506,0.17942704343226157,0.25190599963689075,0.33785930275917053,-0.05408093146979809,,57542.0,,,550,37,-0.022617539390921593,1,0.33785930275917053,0.03642240413078915,0.734375,,0.109375,262.2670707702637,,42397,0.11073476821184158,0.002503722906112671,1.0,230168,224.54540124163032,646,-0.03104856051504612,8.0,0,,56.0,0.6964285969734192,0.011293713003396988,-0.022617539390921593,0.00041397157342411305,2.5059548169374466,0,,,8.383271913975477,0.4464285671710968,,10816.466332851,2.094296373426914,1.20761239528656,97.23046875,0.734375,1,0.0,,,8.0,,,44,8.0,0.001,224.54540124163032,65.9185700416565,211.29934108257294,,0.009098990187284568,,0,,0,0.0,1e-06,0,,64,,1.0,,,,8.0,0.07528847455978394,,57482,,0.734375,,nj1g3tzx,LUFFY / logprob / sampling=confidence,True,confidence
38,1767971380.7331681,,,0,4290.875,0.18763014674186707,275,0.15759996697306633,1.0,0.5102040816326531,,0.9637297095633935,,43930,,0.0,267.5447093461658,9304,,,0.005338363349437714,1,,1,0.002325507579371333,,0.3911423981189728,,0.8571428656578064,1.0,0,,0.04444419592618942,0.015625,74740,379.984375,1.0,-1.6201815605163574,,0.515625,3.1016194820404053,,1.6201815605163574,137439,0.09157930314540863,,0.45614033937454224,,,7.0,-0.01553621981292963,0.0,1.1266041994094849,0,57.0,0.09508710727095604,-1.6201815605163574,0.21316397044768956,0.32268139389473266,0.3453010022640228,0.04444419592618942,,74733.75,,,546,38,-0.02334708906710148,1,0.3453010022640228,0.03209891491268702,0.515625,,0.109375,262.54395294189453,,93509,0.09021756798028946,0.0013298876583576202,1.0,298935,279.3318177834153,476,-0.029518892988562584,7.0,0,,57.0,0.45614033937454224,0.005338363349437714,-0.02334708906710148,0.00031808623035427784,2.490801580250263,0,,,9.595489129424095,0.3333333432674408,,11123.658495414,2.3129317350685596,1.6201815605163574,97.23046875,0.515625,1,0.0,,,7.0,,,30,7.0,0.001,279.3318177834153,65.9185700416565,264.65559792146087,,0.007737239650989545,,0,,0,1.0,1e-06,0,,64,,1.0,,,,7.0,0.11699827015399933,,74728,,0.515625,,nj1g3tzx,LUFFY / logprob / sampling=confidence,True,confidence
39,1767971687.9277766,,,0,5758.15625,0.6228046417236328,275,0.15748713910579681,1.0,0.673469387755102,,0.7814058526925778,,70399,,-0.301287516951561,319.3702583993649,10749,,,0.008116204291582108,1,,1,0.004156383220106363,,0.37225520610809326,,1.0,1.0,0,,-0.019624972715973854,0.015625,98119,373.4375,1.0,-1.6201815605163574,,0.359375,2.51669979095459,,2.4748666286468506,115597,0.08734466880559921,,0.28070175647735596,,,7.0,-0.013094916008412838,0.0,1.4262546300888062,0,57.0,0.09144911542534828,-1.6201815605163574,0.21420980579357646,0.237998036524298,0.3207513988018036,-0.32091248966753483,,98105.5,,,495,39,-0.015299661085009575,1,0.3207513988018036,0.03235293692919334,0.359375,,0.109375,262.806884765625,,45198,0.08543478697538376,0.0031435564160346985,1.0,392422,307.1842083595693,761,-0.02709534950554371,7.0,0,,57.0,0.28070175647735596,0.008116204291582108,-0.015299661085009575,0.0002330376875540828,3.210480708628893,0,,,12.696004215627909,0.28070175647735596,,11589.164565329,3.0392695143818855,2.4748666286468506,97.23046875,0.359375,1,0.0,,,7.0,,,17,7.0,0.001,307.1842083595693,65.9185700416565,287.96524764597416,,0.007744900934152228,,0,,0,1.0,1e-06,0,,64,,1.0,,,,7.0,0.11501061171293259,,98092,,0.359375,,nj1g3tzx,LUFFY / logprob / sampling=confidence,True,confidence
40,1767972153.4338462,,,0,3483.03125,0.6872504353523254,275,0.20116421952843666,1.0,0.3571428571428571,,2.005420488808239,,43741,,0.0,131.38657920549736,21580,,,0.00735709723085165,1,,1,0.0011620260775089264,,0.4170088469982147,,0.75,1.0,0,,0.03497029282152653,0.015625,67895,339.421875,1.0,-2.4748666286468506,,0.6875,2.643026113510132,,1.6201815605163574,87960,0.10992767661809921,,0.6428571343421936,,,8.0,-0.05218366160988808,0.0,0.7688179016113281,0,56.0,0.13191769272089005,-2.4748666286468506,0.13919916524329043,0.30304576336566325,0.3250824809074402,0.03497029282152653,,61159.25,,,472,40,-0.17762425541877747,1,0.3250824809074402,0.049624512439495554,0.6875,,0.109375,263.4131164550781,,44219,0.10833302140235901,0.0027938969433307648,1.0,244637,465.49084670469165,454,-0.18463890254497528,8.0,0,,56.0,0.6428571343421936,0.00735709723085165,-0.17762425541877747,0.0005392385155184623,3.0711151622235775,0,,,12.139991849660873,0.3928571343421936,,11881.03164675,2.8789619617164135,1.6201815605163574,97.23046875,0.6875,1,0.0,,,8.0,,,41,8.0,0.001,465.49084670469165,75.69169425964355,447.0363028421998,,0.01176830144956165,,0,,0,0.0,1e-06,0,,64,,1.0,,,,8.0,0.07111212611198425,,58901,,0.6875,,nj1g3tzx,LUFFY / logprob / sampling=confidence,True,confidence
41,1767972445.3008661,,,0,5046.234375,0.2551456689834595,275,0.14735383167862892,1.0,0.6785714285714286,,0.8497021782308123,,63611,,-0.14061741530895233,296.22782108939725,9577,,,0.010459532029926777,1,,1,0.005253433715552092,,0.3757654130458832,,1.0,1.0,0,,0.2367214784026146,0.015625,86458,357.25,1.0,-1.20761239528656,,0.40625,3.5455987453460693,,2.4748666286468506,117029,0.09119302779436111,,0.3214285671710968,,,8.0,-0.024984175339341164,0.0,1.2746022939682007,0,56.0,0.10300702229142189,-1.20761239528656,0.20489297598964637,0.19884872724392935,0.39896509051322937,0.09610406309366226,,86455.75,,,470,41,-0.02136910893023014,1,0.39896509051322937,0.033125573552630384,0.40625,,0.109375,263.44694900512695,,53418,0.08793984353542328,0.0013009719550609589,1.0,345823,291.85560519620776,647,-0.035067640244960785,8.0,0,,56.0,0.3214285671710968,0.010459532029926777,-0.02136910893023014,0.0002978605306512924,2.9944717288017273,0,,,11.455585222691298,0.3214285671710968,,12183.128167331,2.717385523021221,2.4748666286468506,97.23046875,0.40625,1,0.0,,,8.0,,,23,8.0,0.001,291.85560519620776,75.69169425964355,274.4189657792449,,0.007857735092868957,,0,,0,0.0,1e-06,0,,64,,1.0,,,,8.0,0.1400519609451294,,86454,,0.40625,,nj1g3tzx,LUFFY / logprob / sampling=confidence,True,confidence
42,1767972747.397384,,,0,4901.28125,0.43063026666641235,275,0.15438921004533768,1.0,0.5918367346938777,,0.9119240001493192,,16006,,-0.23267318308353424,278.4377264473411,11362,,,0.006069841329008341,1,,1,0.0025092780124396086,,0.3764592111110687,,0.7142857313156128,1.0,0,,0.19761765748262405,0.015625,84123,355.609375,1.0,-1.20761239528656,,0.453125,1.7167519330978394,,2.4748666286468506,121515,0.0879238024353981,,0.38596490025520325,,,7.0,-0.014247303828597069,0.0,1.6268366575241089,0,57.0,0.09867452830076218,-1.20761239528656,0.22465524530786235,0.41424047204458037,0.3585386276245117,-0.03505552560091019,,84110.25,,,494,42,-0.01298881322145462,1,0.3585386276245117,0.031301576502751366,0.453125,,0.109375,263.9141159057617,,105509,0.08627117425203323,0.0016904398798942566,1.0,336441,302.0792156048119,450,-0.023003077134490013,7.0,0,,57.0,0.38596490025520325,0.006069841329008341,-0.01298881322145462,0.00029328924923169937,2.8048306703567505,0,,,10.531133700162172,0.14035087823867798,,12446.154266562,2.4145695231854916,2.4748666286468506,97.23046875,0.453125,1,0.0,,,7.0,,,25,7.0,0.001,302.0792156048119,75.69169425964355,286.05414421483874,,0.007176799269962613,,0,,0,1.0,1e-06,0,,64,,1.0,,,,7.0,0.10688459128141403,,84104,,0.453125,,nj1g3tzx,LUFFY / logprob / sampling=confidence,True,confidence
43,1767973010.4234834,,,0,3802.34375,0.5663525462150574,275,0.1535969190299511,1.0,0.4285714285714286,,1.0138935565440248,,47253,,-0.05314844474196434,251.98625581628605,10517,,,0.007010478526353836,1,,1,0.00242682546377182,,0.4043320119380951,,1.0,1.0,0,,0.21901951171457767,0.015625,66281,339.859375,1.0,-2.4748666286468506,,0.625,2.8874428272247314,,1.6201815605163574,101317,0.10002530366182327,,0.5714285969734192,,,8.0,-0.01735922135412693,0.0,0.7611567974090576,0,56.0,0.09642509371042252,-2.4748666286468506,0.1638394969422733,0.20203050891044216,0.32243144512176514,0.16587106697261333,,66275.25,,,467,43,-0.037827275693416595,1,0.32243144512176514,0.04067039652787003,0.625,,0.109375,264.14404296875,,54064,0.09845512360334396,0.0019843056797981262,1.0,265101,263.0113685578108,827,-0.043468084186315536,8.0,0,,56.0,0.5714285969734192,0.007010478526353836,-0.037827275693416595,0.00036372964911645945,2.685644332319498,0,,,10.781762789934874,0.5714285969734192,,12748.254733877,2.5449207611382008,1.6201815605163574,97.23046875,0.625,1,0.0,,,8.0,,,36,8.0,0.001,263.0113685578108,75.69169425964355,246.73099698498845,,0.009599815772623267,,0,,0,0.0,1e-06,0,,64,,1.0,,,,8.0,0.08959271013736725,,66268,,0.625,,nj1g3tzx,LUFFY / logprob / sampling=confidence,True,confidence
44,1767973312.522925,,,0,5664.890625,0.30365079641342163,275,0.1699296273291111,1.0,0.75,,0.7813373825180325,,80464,,-0.04116860032081604,319.88357107248675,11465,,,0.008147774264216423,1,,1,0.003842831589281559,,0.38303259015083313,,1.0,1.0,0,,0.33220314234495163,0.015625,96641,374.640625,1.0,-1.20761239528656,,0.34375,2.4090731143951416,,2.4748666286468506,119951,0.09250336140394211,,0.25,,,8.0,-0.024395762011408806,0.0,1.3645377159118652,0,56.0,0.10797516629099846,-1.20761239528656,0.21367401390052299,0.17127969726116857,0.3278595507144928,0.2910345420241356,,96632.5,,,546,44,-0.025357550010085106,1,0.3278595507144928,0.03209206935661044,0.34375,,0.109375,264.28984451293945,,39487,0.09056998044252396,0.004072126001119614,1.0,386530,302.08647376298904,1504,-0.0367751307785511,8.0,0,,56.0,0.25,0.008147774264216423,-0.025357550010085106,0.00027934485367500184,3.1950430050492287,0,,,12.404547568410635,0.25,,13019.821185372,2.9066278748214245,2.4748666286468506,97.23046875,0.34375,1,0.0,,,8.0,,,18,8.0,0.001,302.08647376298904,75.69169425964355,283.27621204406023,,0.007519798915534175,,0,,0,0.0,1e-06,0,,64,,1.0,,,,8.0,0.14088702201843262,,96611,,0.34375,,nj1g3tzx,LUFFY / logprob / sampling=confidence,True,confidence
45,1767973584.0903752,,,0,4606.75,0.35162314772605896,275,0.17299654707312584,1.0,0.5892857142857143,,0.8581366261918468,,44261,,-0.3498491644859314,291.39834087156794,11940,,,0.009490150026977062,1,,1,0.0035160647239536047,,0.3820837438106537,,1.0,1.0,0,,0.22297358326613903,0.015625,79134,338.875,1.0,-2.4748666286468506,,0.484375,2.831115245819092,,2.4748666286468506,107867,0.09492500871419907,,0.4107142984867096,,,8.0,-0.02422865852713585,0.0,1.0595712661743164,0,56.0,0.096299909055233,-2.4748666286468506,0.17910111319012909,0.30670650066638694,0.4211871325969696,-0.12687558121979237,,79130.0,,,494,45,-0.04183041304349899,1,0.4211871325969696,0.038542338414735595,0.484375,,0.109375,264.5121879577637,,63606,0.0917990654706955,0.003119122236967087,1.0,316520,271.5526785887778,582,-0.052383020520210266,8.0,0,,56.0,0.4107142984867096,0.009490150026977062,-0.04183041304349899,0.00030424588984971884,3.132330819964409,0,,,12.19942095503211,0.4107142984867096,,13304.365262218,2.924271609634161,2.4748666286468506,97.23046875,0.484375,1,0.0,,,8.0,,,28,8.0,0.001,271.5526785887778,75.69169425964355,253.00613777339458,,0.009238820958025277,,0,,0,0.0,1e-06,0,,64,,1.0,,,,8.0,0.1352079063653946,,79124,,0.484375,,nj1g3tzx,LUFFY / logprob / sampling=confidence,True,confidence
46,1767973868.6343615,,,0,4228.59375,0.27379438281059265,275,0.1830940879881382,1.0,0.5357142857142857,,0.9869968807478594,,53352,,-0.09929960407316685,259.69048982682665,12681,,,0.008919927291572094,1,,1,0.0028114751912653446,,0.4030463695526123,,1.0,1.0,0,,0.10226676240563393,0.015625,74800,389.515625,1.0,-2.4748666286468506,,0.53125,2.373382329940796,,2.4748666286468506,117334,0.09896257519721985,,0.4642857015132904,,,8.0,-0.02504739537835121,0.0,1.1715925931930542,0,56.0,0.1016598604619503,-2.4748666286468506,0.17324287265491556,0.2743266338524503,0.28698647022247314,0.002967158332467079,,73889.75,,,735,46,-0.029369719326496124,1,0.28698647022247314,0.03926518147408835,0.53125,,0.109375,264.939395904541,,63982,0.09727033227682114,0.0016086101531982422,1.0,295559,284.530057489872,750,-0.040178630501031876,8.0,0,,56.0,0.4642857015132904,0.008919927291572094,-0.029369719326496124,0.00034395792536160395,2.806275200098753,0,,,11.605177771300077,0.4642857015132904,,13680.267419531,2.7014058008790016,2.4748666286468506,97.23046875,0.53125,1,0.0,,,8.0,,,30,8.0,0.001,284.530057489872,75.69169425964355,267.1109658367932,,0.009139988296343545,,0,,0,0.0,1e-06,0,,64,,1.0,,,,8.0,0.13483962416648865,,72596,,0.53125,,nj1g3tzx,LUFFY / logprob / sampling=confidence,True,confidence
47,1767974244.536694,,,0,5388.484375,0.26709404587745667,275,0.18303228914737701,1.0,0.625,,1.0351428105718437,,60195,,-0.28123486042022705,245.57371244563038,12422,,,0.006718609947711229,1,,1,0.0027564431075006723,,0.37250837683677673,,0.875,1.0,0,,0.07080552540719509,0.015625,92313,380.765625,1.0,-1.6201815605163574,,0.453125,2.1245129108428955,,2.4748666286468506,126453,0.08363793790340424,,0.375,,,8.0,-0.021716153249144554,0.0,1.651879906654358,0,56.0,0.1048557348549366,-1.6201815605163574,0.21261959556470986,0.326839378887913,0.2810867130756378,-0.21042933501303196,,92308.0,,,712,47,-0.02124493382871151,1,0.2810867130756378,0.03353115166754787,0.453125,,0.109375,265.5615692138672,,66258,0.08230237662792206,0.0024548619985580444,1.0,369232,375.88713824748993,478,-0.03256203979253769,8.0,0,,56.0,0.375,0.006718609947711229,-0.02124493382871151,0.000283983335287669,3.265152584761381,0,,,12.380774192512035,0.25,,13893.460430675,2.9446129128336906,2.4748666286468506,97.23046875,0.453125,1,0.0,,,8.0,,,22,8.0,0.001,375.88713824748993,75.69169425964355,356.9824550822377,,0.007974966722368838,,0,,0,0.0,1e-06,0,,64,,1.0,,,,8.0,0.11373497545719147,,92301,,0.453125,,nj1g3tzx,LUFFY / logprob / sampling=confidence,True,confidence
48,1767974457.7295895,,,0,4431.875,0.9076991677284241,275,0.14961573481559753,1.0,0.5357142857142858,,0.6964329753726187,,45858,,0.0,359.8425357411081,10093,,,0.008098294027149677,1,,1,0.0033690626733005047,,0.3832620680332184,,0.875,1.0,0,,0.1505399327725172,0.015625,76719,362.609375,1.0,-1.6201815605163574,,0.53125,2.028658866882324,,2.4748666286468506,120944,0.09179194271564484,,0.4642857015132904,,,8.0,-0.021060746163129807,0.0,1.2139530181884766,0,56.0,0.09587185457348824,-1.6201815605163574,0.2033690490290215,0.30093392047058426,0.32980358600616455,0.1505399327725172,,76711.75,,,560,48,-0.0284240934997797,1,0.32980358600616455,0.033736926392991404,0.53125,,0.109375,265.7959175109863,,75086,0.08984871208667755,0.0020812340080738068,1.0,306847,213.18144015967846,575,-0.03856736421585083,8.0,0,,56.0,0.4642857015132904,0.008098294027149677,-0.0284240934997797,0.00031244188332780906,2.5789399333298206,0,,,10.352074652910233,0.3392857015132904,,14242.021622627,2.4405254498124123,2.4748666286468506,97.23046875,0.53125,1,0.0,,,8.0,,,29,8.0,0.001,213.18144015967846,75.69169425964355,197.53624913468957,,0.00795355812444773,,0,,0,0.0,1e-06,0,,64,,1.0,,,,8.0,0.09759487956762314,,76708,,0.53125,,nj1g3tzx,LUFFY / logprob / sampling=confidence,True,confidence
49,1767974806.2907465,,,0,4344.03125,0.3773209750652313,275,0.18050814047455788,1.0,0.4285714285714285,,1.190294054835433,,55392,,-0.08383369259536266,216.8654771743256,12229,,,0.007503111381083727,1,,1,0.0025217600632458925,,0.40048733353614807,,0.8571428656578064,1.0,0,,0.22862818837165833,0.015625,75594,380.21875,1.0,-1.6201815605163574,,0.546875,2.0947482585906982,,2.4748666286468506,95414,0.09899856895208359,,0.4912280738353729,,,7.0,-0.013300076127052307,0.0,1.2887848615646362,0,57.0,0.12980804964900017,-1.6201815605163574,0.17904482569157065,0.29574238257529467,0.37880977988243103,0.14479449577629566,,75588.0,,,696,49,-0.019146814942359924,1,0.37880977988243103,0.03850957948075575,0.546875,,0.109375,265.9789009094238,,40022,0.09688323736190796,0.004723735153675079,1.0,302352,348.54786932840943,458,-0.029034562408924103,7.0,0,,57.0,0.4912280738353729,0.007503111381083727,-0.019146814942359924,0.0004293275706759015,2.9639519937336445,0,,,11.643448375165462,0.3684210479259491,,18032.196759571,2.6623907908797264,2.4748666286468506,97.23046875,0.546875,1,0.0,,,7.0,,,31,7.0,0.001,348.54786932840943,75.69169425964355,330.9231725372374,,0.008805600065088792,,0,,0,1.0,1e-06,0,,64,,1.0,,,,7.0,0.08844415098428726,,75579,,0.546875,,nj1g3tzx,LUFFY / logprob / sampling=confidence,True,confidence
50,1767978596.4658036,0.16666666666666666,1.0,0,2006.75,0.5123991370201111,275,0.09659284353256226,1.0,0.2142857142857143,0.44285714285714284,0.7845300115283866,0.009,19193,0.0,0.0,9.720095240445403,7453,0.0,0.27352316746071464,0.015229849144816399,1,0.20940048535193334,1,0.00393289141356945,0.0,0.5081934928894043,0.0,0.625,1.0,0,0.574468085106383,0.04118530638515949,0.015625,36843,295.78125,1.0,-2.4748666286468506,1.0,0.8125,1.985468864440918,0.27453333333333335,0.935412585735321,53431,0.1544879972934723,0.840875,0.7857142686843872,0.09444045743218316,0.0,8.0,-0.013954573310911655,0.0,0.4158129096031189,0,56.0,0.07909128814935684,-2.4748666286468506,0.10656745274701604,0.21428571428571427,0.40722596645355225,0.04118530638515949,0.23710933280618368,36840.5,1.0,0.2576372350948267,318,50,-0.05406631529331207,1,0.40722596645355225,0.05875595773070166,0.8125,1.0,0.109375,266.1241683959961,0.28183505814571763,34238,0.1505793333053589,0.0015735067427158356,1.0,147362,3790.137759834528,473,-0.06133318319916725,8.0,0,3676.121510863304,56.0,0.7857142686843872,0.015229849144816399,-0.05406631529331207,0.0005367142692780828,2.3662576265633106,0,0.0,0.0,8.658395443111658,0.4107142984867096,0.0,18327.321276427,2.039811432361603,0.935412585735321,97.23046875,0.8125,1,0.0,0.4944234058988191,0.554,8.0,0.0,0.5833333333333333,52,8.0,0.001,3790.137759834528,75.69169425964355,100.75875844061375,0.35355339059327373,0.013842180700327104,0.965,0,0.0,0,0.0,1e-06,0,0.1837797594948911,64,1.0,1.0,0.16666666666666666,0.0,0.34650000000000003,8.0,0.05671015381813049,0.087,36837,0.0,0.8125,0.0,nj1g3tzx,LUFFY / logprob / sampling=confidence,True,confidence
51,1767978891.5905247,,,0,3024.53125,0.45284879207611084,275,0.14574101194739342,1.0,0.3392857142857143,,1.4435474787148193,,43250,,-0.06861434131860733,181.203952237965,15335,,,0.010099705308675766,1,,1,0.0019418266601860523,,0.4746900200843811,,0.75,1.0,0,,-0.0008259117603302002,0.015625,56738,317.65625,1.0,-2.4748666286468506,,0.703125,2.302767515182495,,1.20761239528656,66345,0.1370173543691635,,0.6607142686843872,,,8.0,-0.027538347989320755,0.0,0.6088418364524841,0,56.0,0.10170663520693779,-2.4748666286468506,0.13879077959974462,0.24679062430509383,0.35118338465690613,-0.06944025307893753,,53475.0,,,396,51,-0.07847150415182114,1,0.35118338465690613,0.047545502395092636,0.703125,,0.109375,267.49645614624023,,23095,0.1348322629928589,0.003178216516971588,1.0,213900,295.10945726931095,467,-0.08548399060964584,8.0,0,,56.0,0.6607142686843872,0.010099705308675766,-0.07847150415182114,0.0004754868406121449,2.7793441228568554,0,,,10.169982962310314,0.4107142984867096,,18649.626928213,2.4540909081697464,1.20761239528656,97.23046875,0.703125,1,0.0,,,8.0,,,43,8.0,0.001,295.10945726931095,75.69169425964355,279.42748545482755,,0.011473075774519618,,0,,0,0.0,1e-06,0,,64,,1.0,,,,8.0,0.07036639004945755,,52373,,0.703125,,nj1g3tzx,LUFFY / logprob / sampling=confidence,True,confidence
52,1767979213.8961217,,,0,4762.921875,0.44587603211402893,275,0.19281190633773804,1.0,0.5178571428571428,,1.0013540797845657,,64062,,-0.19376585260033607,255.80179023150214,15270,,,0.008227617479860783,1,,1,0.0024777124635875225,,0.43439632654190063,,1.0,1.0,0,,-0.04349320940673351,0.015625,82931,389.40625,1.0,-2.4748666286468506,,0.546875,1.901534080505371,,2.4748666286468506,120459,0.11335606127977371,,0.4821428656578064,,,8.0,-0.037409842014312744,0.0,1.1396355628967285,0,56.0,0.10415035858750343,-2.4748666286468506,0.20196462528963927,0.27606472917393404,0.3432158827781677,-0.2372590620070696,,82437.25,,,546,52,-0.06358963996171951,1,0.3432158827781677,0.03398461117577469,0.546875,,0.109375,267.8109931945801,,56397,0.11144917458295822,0.003780227154493332,1.0,329749,322.27002760767937,669,-0.07357145100831985,8.0,0,,56.0,0.4821428656578064,0.008227617479860783,-0.06358963996171951,0.000315847382668343,2.8574243523180485,0,,,11.206391550600529,0.4821428656578064,,18913.063341742,2.6410041488707066,2.4748666286468506,97.23046875,0.546875,1,0.0,,,8.0,,,29,8.0,0.001,322.27002760767937,75.69169425964355,305.2397600784898,,0.008009134671737311,,0,,0,0.0,1e-06,0,,64,,1.0,,,,8.0,0.10770853608846664,,82261,,0.546875,,nj1g3tzx,LUFFY / logprob / sampling=confidence,True,confidence
53,1767979477.3324516,,,0,4069.5625,0.2654675841331482,275,0.19412342086434364,1.0,0.4285714285714286,,0.9422483306255748,,31588,,-0.2504003643989563,268.6382177190575,14582,,,0.012831538915634155,1,,1,0.0034145524259656668,,0.42154449224472046,,0.75,1.0,0,,0.07891416363418102,0.015625,70770,353.203125,1.0,-2.4748666286468506,,0.625,2.201741933822632,,2.4748666286468506,92299,0.1079285591840744,,0.5714285969734192,,,8.0,-0.020974140614271164,0.0,1.1938294172286987,0,56.0,0.1125246211886406,-2.4748666286468506,0.16794061762083967,0.3642156795423418,0.40267041325569153,-0.17148620076477528,,70764.25,,,711,53,-0.03253383934497833,1,0.40267041325569153,0.041294286093638256,0.625,,0.109375,268.05276107788086,,60711,0.1040974035859108,0.0016530044376850128,1.0,283057,263.4184018969536,456,-0.0484745129942894,8.0,0,,56.0,0.5714285969734192,0.012831538915634155,-0.03253383934497833,0.0003975334338618744,3.095660764724016,0,,,11.688636738806963,0.3214285671710968,,19277.841949991,2.8920007571578026,2.4748666286468506,97.23046875,0.625,1,0.0,,,8.0,,,34,8.0,0.001,263.4184018969536,75.69169425964355,245.4104622080922,,0.01021702610130752,,0,,0,0.0,1e-06,0,,64,,1.0,,,,8.0,0.1102660596370697,,70761,,0.625,,nj1g3tzx,LUFFY / logprob / sampling=confidence,True,confidence
54,1767979842.1112103,,,0,4584.265625,0.2731603682041168,275,0.1664617843925953,1.0,0.5714285714285714,,1.182660254027185,,40817,,-0.05314844101667404,216.57772641224162,12048,,,0.007103100419044495,1,,1,0.002596276579424739,,0.44626182317733765,,1.0,1.0,0,,0.11143609508872032,0.015625,79009,353.203125,1.0,-2.4748666286468506,,0.5,2.380000114440918,,1.6201815605163574,100282,0.11761494725942612,,0.4285714328289032,,,8.0,-0.030896319076418877,0.0,1.1798866987228394,0,56.0,0.20094985514879227,-2.4748666286468506,0.18449790584043727,0.23690177073967142,0.31381869316101074,0.05828765407204628,,78999.5,,,494,54,-0.057459067553281784,1,0.31381869316101074,0.03692082428522651,0.5,,0.109375,268.3655548095703,,59465,0.11621133238077164,0.004929691553115845,1.0,315998,364.76280967891216,736,-0.06631091982126236,8.0,0,,56.0,0.4285714328289032,0.007103100419044495,-0.057459067553281784,0.0006359212879473676,2.9721444733440876,0,,,11.666906632483006,0.4285714328289032,,19563.915490251,2.7419071309268475,1.6201815605163574,97.23046875,0.5,1,0.0,,,8.0,,,28,8.0,0.001,364.76280967891216,75.69169425964355,346.9842399097979,,0.008676976217972416,,0,,0,0.0,1e-06,0,,64,,1.0,,,,8.0,0.10435754805803299,,78994,,0.5,,nj1g3tzx,LUFFY / logprob / sampling=confidence,True,confidence
55,1767980128.1847258,,,0,4446.9375,0.3158721625804901,275,0.17499861493706703,1.0,0.5178571428571429,,0.9452095638643679,,62356,,0.0,269.5911314099048,12822,,,0.010224733501672745,1,,1,0.003364068455994129,,0.4213770925998688,,0.75,1.0,0,,0.10939370468258858,0.015625,77135,373.0,1.0,-2.4748666286468506,,0.546875,2.6402292251586914,,2.4748666286468506,111524,0.10686111450195312,,0.4821428656578064,,,8.0,-0.02321324124932289,0.0,1.614838719367981,0,56.0,0.10894358530640602,-2.4748666286468506,0.1924894363276142,0.4161135784903944,0.38391247391700745,0.10939370468258858,,77119.0,,,694,55,-0.021539190784096718,1,0.38391247391700745,0.03621871443741299,0.546875,,0.109375,268.49536895751953,,49168,0.103999063372612,0.001831796020269394,1.0,308476,286.0591132827103,440,-0.03844356909394264,8.0,0,,56.0,0.4821428656578064,0.010224733501672745,-0.021539190784096718,0.00035316713555156974,2.9213937036693096,0,,,11.172604154795408,0.2321428507566452,,19923.417468533,2.633137110620737,2.4748666286468506,97.23046875,0.546875,1,0.0,,,8.0,,,30,8.0,0.001,286.0591132827103,75.69169425964355,269.0104227140546,,0.008535954533321026,,0,,0,0.0,1e-06,0,,64,,1.0,,,,8.0,0.12021782994270325,,77109,,0.546875,,nj1g3tzx,LUFFY / logprob / sampling=confidence,True,confidence
56,1767980487.686713,,,0,5110.140625,0.2639550268650055,275,0.17221609875559807,1.0,0.6071428571428572,,1.041007078793471,,35707,,0.0,244.17373140620316,12641,,,0.008922210894525051,1,,1,0.003409133292734623,,0.40443187952041626,,0.875,1.0,0,,0.18033967167139053,0.015625,87797,375.953125,1.0,-2.4748666286468506,,0.46875,1.8144385814666748,,2.4748666286468506,116518,0.09865421056747437,,0.3928571343421936,,,8.0,-0.03437243774533272,0.0,1.2965770959854126,0,56.0,0.11081485450267792,-2.4748666286468506,0.20455880918508101,0.38299304624155744,0.4265976846218109,0.18033967167139053,,87777.5,,,733,56,-0.04191922768950462,1,0.4265976846218109,0.03568334216103694,0.46875,,0.109375,268.8459243774414,,80811,0.09570188075304031,0.00609748438000679,1.0,351110,359.48789206147194,529,-0.05396908149123192,8.0,0,,56.0,0.3928571343421936,0.008922210894525051,-0.04191922768950462,0.0003156129261561275,3.229280948638916,0,,,12.52877826616168,0.2678571343421936,,20325.923305757,2.9466554820537567,2.4748666286468506,97.23046875,0.46875,1,0.0,,,8.0,,,27,8.0,0.001,359.48789206147194,75.69169425964355,340.4603241123259,,0.008392399766608062,,0,,0,0.0,1e-06,0,,64,,1.0,,,,8.0,0.1547030657529831,,87765,,0.46875,,nj1g3tzx,LUFFY / logprob / sampling=confidence,True,confidence
57,1767980890.1924405,,,0,4054.890625,0.5355454087257385,275,0.2289392538368702,1.0,0.4107142857142857,,1.4757276338754548,,56383,,-0.18178601562976837,175.3212477346731,21580,,,0.007772250100970268,1,,1,0.0014265627833083272,,0.45712438225746155,,1.0,1.0,0,,0.03472013585269451,0.015625,76122,355.390625,1.0,-2.4748666286468506,,0.640625,2.368535041809082,,2.4748666286468506,86724,0.12447609007358551,,0.5892857313156128,,,8.0,-0.04376152902841568,0.0,0.8743003606796265,0,56.0,0.13867535814642906,-2.4748666286468506,0.15138510678424194,0.24156695104408363,0.3498082160949707,-0.14706587977707386,,70564.5,,,512,57,-0.13231481611728668,1,0.3498082160949707,0.04574091637644065,0.640625,,0.109375,269.1409721374512,,30341,0.12271104007959366,0.0024653561413288116,1.0,282258,402.4868686012924,566,-0.14019975066184998,8.0,0,,56.0,0.5892857313156128,0.007772250100970268,-0.13231481611728668,0.0004913070954461133,3.2046954594552517,0,,,12.910739574581385,0.5892857313156128,,20692.546017249,3.0031752698123455,2.4748666286468506,97.23046875,0.640625,1,0.0,,,8.0,,,39,8.0,0.001,402.4868686012924,75.79829835891724,382.9705054499209,,0.010639823387866227,,0,,0,0.0,1e-06,0,,64,,1.0,,,,8.0,0.08399195969104767,,68676,,0.640625,,nj1g3tzx,LUFFY / logprob / sampling=confidence,True,confidence
58,1767981256.8152728,,,0,4076.859375,0.4732098877429962,275,0.15353544801473618,1.0,0.38775510204081637,,1.338257431488002,,55408,,-0.06137051060795784,192.62402161598092,11585,,,0.005327323917299509,1,,1,0.001802236307412386,,0.4461430609226227,,0.8571428656578064,1.0,0,,-0.15120170265436172,0.015625,70619,336.6875,1.0,-1.6201815605163574,,0.59375,2.040471076965332,,2.4748666286468506,85051,0.1212623193860054,,0.5438596606254578,,,7.0,-0.025699688121676445,0.0,0.6881859302520752,0,57.0,0.09196895360946655,-1.6201815605163574,0.1635027299749428,0.27227885845155786,0.33961623907089233,-0.21257221326231956,,70616.75,,,466,58,-0.05701788514852524,1,0.33961623907089233,0.040951467935186815,0.59375,,0.109375,269.6156806945801,,29643,0.12009283900260925,0.0031053051352500916,1.0,282467,366.6040684208274,558,-0.06100910156965256,7.0,0,,57.0,0.5438596606254578,0.005327323917299509,-0.05701788514852524,0.00032559185182505057,2.902915358543396,0,,,11.567438293248415,0.42105263471603394,,21140.315778823,2.6898761428892612,2.4748666286468506,97.23046875,0.59375,1,0.0,,,7.0,,,37,7.0,0.001,366.6040684208274,75.79829835891724,349.176790766418,,0.009522797859180936,,0,,0,1.0,1e-06,0,,64,,1.0,,,,7.0,0.06751905381679535,,70615,,0.59375,,nj1g3tzx,LUFFY / logprob / sampling=confidence,True,confidence
59,1767981704.5849993,,,0,7174.28125,0.18603773415088654,275,0.2546664848923683,1.0,0.7321428571428572,,0.9201721319252848,,94128,,-0.03068525530397892,272.1972069568395,21580,,,0.005229182541370392,1,,1,0.0016831452958285809,,0.3689875304698944,,1.0,1.0,0,,0.08808353915810585,0.015625,123650,443.0,1.0,-1.6201815605163574,,0.359375,1.8288383483886719,,1.6201815605163574,141405,0.08402114361524582,,0.2678571343421936,,,8.0,-0.029647601768374443,0.0,1.3595032691955566,0,56.0,0.14566608890891075,-1.6201815605163574,0.21603904530528328,0.19479843061849494,0.3112308979034424,0.05739828385412693,,121876.5,,,709,59,-0.036776553839445114,1,0.3112308979034424,0.03420823864275955,0.359375,,0.109375,270.1289405822754,,47277,0.08282677084207535,0.004454575479030609,1.0,487506,447.7507369108498,1042,-0.04411633685231209,8.0,0,,56.0,0.2678571343421936,0.005229182541370392,-0.036776553839445114,0.00029879855613861316,4.154385466128588,0,,,16.676721587777138,0.2678571343421936,,21410.828600423,3.9793666787445545,1.6201815605163574,97.23046875,0.359375,1,0.0,,,8.0,,,16,8.0,0.001,447.7507369108498,76.05430126190186,422.5007150620222,,0.008162702979541902,,0,,0,0.0,1e-06,0,,64,,1.0,,,,8.0,0.11005254834890366,,121256,,0.359375,,nj1g3tzx,LUFFY / logprob / sampling=confidence,True,confidence
60,1767981975.0978463,,,0,3926.859375,0.20257623493671417,275,0.16030465811491013,1.0,0.5918367346938777,,1.0158524132397846,,36664,,-0.07185385376214981,252.9842834252736,13329,,,0.008769731037318707,1,,1,0.00245561171323061,,0.46111246943473816,,1.0,1.0,0,,0.2187483347952366,0.015625,68844,350.140625,1.0,-2.4748666286468506,,0.5,1.8979204893112183,,2.4748666286468506,97510,0.12895329296588898,,0.4385964870452881,,,7.0,-0.03634129837155342,0.0,1.2594883441925049,0,57.0,0.09777586162090302,-2.4748666286468506,0.18271289064272977,0.2900544980316713,0.4169679582118988,0.14689448103308678,,68432.0,,,695,60,-0.04934650659561157,1,0.4169679582118988,0.03677001940186649,0.5,,0.125,270.1687927246094,,60846,0.12640514969825745,0.002015087753534317,1.0,273728,270.4990170672536,361,-0.06092619523406029,7.0,0,,57.0,0.4385964870452881,0.008769731037318707,-0.04934650659561157,0.0003572008037939232,2.518028646707535,0,,,10.064983870834112,0.4385964870452881,,21609.094027845,2.33015426248312,2.4748666286468506,97.23046875,0.5,1,0.0,,,7.0,,,29,7.0,0.001,270.4990170672536,76.05430126190186,255.30301264300942,,0.008512663163735971,,0,,0,1.0,1e-06,0,,64,,1.0,,,,7.0,0.1822090893983841,,67249,,0.5,,nj1g3tzx,LUFFY / logprob / sampling=confidence,True,confidence
61,1767982173.3632874,,,0,4853.953125,0.35249051451683044,275,0.15167629718780518,1.0,0.6428571428571428,,0.5849768580945414,,56728,,-0.16067010164260864,418.95578398880804,11437,,,0.013738801702857018,1,,1,0.005558681208640337,,0.45014333724975586,,1.0,1.0,0,,0.13802388310432434,0.015625,83063,337.234375,1.0,-2.4748666286468506,,0.4375,1.8038266897201538,,1.6201815605163574,123870,0.12636320292949677,,0.3571428656578064,,,8.0,-0.04098394513130188,0.0,1.2150278091430664,0,56.0,0.09931647777557373,-2.4748666286468506,0.2106185637419296,0.2142857142857143,0.44279423356056213,-0.022646218538284302,,83059.0,,,560,61,-0.04378769174218178,1,0.44279423356056213,0.03250646828260645,0.4375,,0.109375,270.1996192932129,,67142,0.1219552606344223,0.004358142614364624,1.0,332236,198.25242465734482,457,-0.06132322922348976,8.0,0,,56.0,0.3571428656578064,0.013738801702857018,-0.04378769174218178,0.00029893352248273436,2.8524539656937122,0,,,10.799818996340036,0.3571428656578064,,21854.045024342,2.5879313983023167,1.6201815605163574,97.23046875,0.4375,1,0.0,,,8.0,,,24,8.0,0.001,198.25242465734482,76.05430126190186,181.72481589764357,,0.007789437021581998,,0,,0,0.0,1e-06,0,,64,,1.0,,,,8.0,0.16061101853847504,,83056,,0.4375,,nj1g3tzx,LUFFY / logprob / sampling=confidence,True,confidence
62,1767982418.314223,,,0,4091.1875,0.2520446479320526,275,0.1366550587117672,1.0,0.5714285714285714,,0.8767709346662633,,53943,,-0.06861434131860733,287.92394932983757,9095,,,0.014222643338143826,1,,1,0.006084012798964977,,0.470597505569458,,1.0,1.0,0,,0.11279302462935448,0.015625,70529,316.5625,1.0,-1.6201815605163574,,0.5,1.7923252582550049,,1.6201815605163574,95377,0.13165833055973053,,0.4285714328289032,,,8.0,-0.028791967779397964,0.0,1.0637454986572266,0,56.0,0.1008889488875866,-1.6201815605163574,0.18193612647345403,0.22587697572631282,0.45456230640411377,0.04417868331074715,,70524.0,,,469,62,-0.0306563563644886,1,0.45456230640411377,0.03581248656085139,0.5,,0.109375,270.622745513916,,41434,0.12699954211711884,0.002872273325920105,1.0,282096,244.93967995420098,426,-0.04644621163606644,8.0,0,,56.0,0.4285714328289032,0.014222643338143826,-0.0306563563644886,0.0003576404801471364,2.634169366210699,0,,,10.102559208869934,0.4285714328289032,,22129.716541696,2.3685077130794525,1.6201815605163574,97.23046875,0.5,1,0.0,,,8.0,,,28,8.0,0.001,244.93967995420098,76.05430126190186,229.57019444927573,,0.008396105272954783,,0,,0,0.0,1e-06,0,,64,,1.0,,,,8.0,0.1552184820175171,,70520,,0.5,,nj1g3tzx,LUFFY / logprob / sampling=confidence,True,confidence
63,1767982693.9857721,,,0,4193.921875,0.6434475183486938,275,0.1411726474761963,1.0,0.39285714285714285,,0.9621062979325476,,49966,,-0.12274101749062538,265.8855376140054,10016,,,0.007849901914596558,1,,1,0.0031075961887836456,,0.4062734544277191,,0.875,1.0,0,,0.11304318532347679,0.015625,73307,386.78125,1.0,-2.4748666286468506,,0.65625,1.9243900775909424,,1.6201815605163574,98696,0.0982295349240303,,0.6071428656578064,,,8.0,-0.02648976631462574,0.0,1.0299721956253052,0,56.0,0.10664086416363716,-2.4748666286468506,0.1766033397206807,0.29233402756687327,0.3437507748603821,-0.00969783216714859,,73291.25,,,578,63,-0.03773195669054985,1,0.3437507748603821,0.039420427510766555,0.65625,,0.109375,270.7469902038574,,48730,0.09628696739673615,0.0014655813574790955,1.0,293165,275.649629753083,502,-0.0461796410381794,8.0,0,,56.0,0.6071428656578064,0.007849901914596558,-0.03773195669054985,0.00036375714755730446,2.8987566269934177,0,,,11.556689631193876,0.4821428656578064,,22376.885261956,2.6838378980755806,1.6201815605163574,97.23046875,0.65625,1,0.0,,,8.0,,,39,8.0,0.001,275.649629753083,76.05430126190186,258.23991353437304,,0.009154700929768495,,0,,0,0.0,1e-06,0,,64,,1.0,,,,8.0,0.07607445120811462,,73278,,0.65625,,nj1g3tzx,LUFFY / logprob / sampling=confidence,True,confidence
64,1767982941.154527,,,0,3492.359375,0.2024153470993042,275,0.14336901530623436,1.0,0.375,,1.0327887257033896,,20114,,-0.07323664240539074,248.04113653568146,11217,,,0.013032916001975536,1,,1,0.003869060194119811,,0.4350295662879944,,0.875,1.0,0,,0.11048511229455471,0.015625,61308,339.203125,1.0,-2.4748666286468506,,0.671875,1.9713237285614014,,1.6201815605163574,99924,0.11262518912553787,,0.625,,,8.0,-0.023368719965219498,0.0,0.699120283126831,0,56.0,0.09236078709363937,-2.4748666286468506,0.15515288341910222,0.2666640093405014,0.38296428322792053,0.03724846988916397,,61305.0,,,547,64,-0.04780026897788048,1,0.38296428322792053,0.043746848219920406,0.671875,,0.109375,271.18173599243164,,79810,0.10905536264181137,0.0051011741161346436,1.0,245220,247.15658400952816,433,-0.057663366198539734,8.0,0,,56.0,0.625,0.013032916001975536,-0.04780026897788048,0.00037664459299257554,2.745797637850046,0,,,10.727602120488882,0.5,,22895.30953713,2.579946283251047,1.6201815605163574,97.23046875,0.671875,1,0.0,,,8.0,,,40,8.0,0.001,247.15658400952816,76.05430126190186,230.83964087069035,,0.01052094561312718,,0,,0,0.0,1e-06,0,,64,,1.0,,,,8.0,0.07832641899585724,,61303,,0.671875,,nj1g3tzx,LUFFY / logprob / sampling=confidence,True,confidence
65,1767983459.5787559,,,0,4516.46875,0.20299659669399261,275,0.2095639631152153,1.0,0.44642857142857145,,1.7276648289476533,,54735,,-0.04116860032081604,150.69495097131568,18879,,,0.008195700123906136,1,,1,0.0018912540981546044,,0.39836910367012024,,0.875,1.0,0,,0.015095163136720657,0.015625,78953,366.109375,1.0,-1.6201815605163574,,0.609375,2.027716636657715,,1.6201815605163574,88038,0.0986851155757904,,0.5535714030265808,,,8.0,-0.03613065928220749,0.0,0.9148602485656738,0,56.0,0.11928274482488632,-1.6201815605163574,0.1742882176466735,0.24156695104408366,0.36229297518730164,-0.026073437184095383,,78121.25,,,693,65,-0.093206986784935,1,0.36229297518730164,0.03996545353139811,0.609375,,0.109375,271.6428985595703,,33303,0.09650681167840958,0.002927679568529129,1.0,312485,518.4065524190664,531,-0.1015370711684227,8.0,0,,56.0,0.5535714030265808,0.008195700123906136,-0.093206986784935,0.00038172310614873134,3.2111800275743008,0,,,12.488604746758938,0.4285714328289032,,23124.313630221,2.959281738847494,1.6201815605163574,97.23046875,0.609375,1,0.0,,,8.0,,,35,8.0,0.001,518.4065524190664,76.05430126190186,499.388429466635,,0.009470156131806308,,0,,0,0.0,1e-06,0,,64,,1.0,,,,8.0,0.0835537388920784,,77733,,0.609375,,nj1g3tzx,LUFFY / logprob / sampling=confidence,True,confidence
66,1767983688.582781,,,0,5262.921875,0.25284913182258606,275,0.17320582643151283,1.0,0.625,,0.6224792554021675,,47800,,-0.18075831606984138,394.1353375744992,12018,,,0.00726188812404871,1,,1,0.0030411991756409407,,0.3729104697704315,,1.0,1.0,0,,0.26460386626422405,0.015625,90259,377.8125,1.0,-2.4748666286468506,,0.453125,2.1063313484191895,,1.6201815605163574,111639,0.08433134853839874,,0.375,,,8.0,-0.02040371671319008,0.0,1.1688491106033325,0,56.0,0.10315661504864693,-2.4748666286468506,0.20064940337834336,0.21354037041252497,0.3559053838253021,0.08384555019438267,,90251.75,,,549,66,-0.0249312836676836,1,0.3559053838253021,0.03514206037312285,0.453125,,0.109375,271.9184112548828,,63839,0.08234479278326035,0.0025256946682929993,1.0,361007,228.98669922724366,513,-0.0336638018488884,8.0,0,,56.0,0.375,0.00726188812404871,-0.0249312836676836,0.00028574685545888843,3.2557781152427197,0,,,12.686529789119959,0.375,,23426.061601235,3.071376621723175,1.6201815605163574,97.23046875,0.453125,1,0.0,,,8.0,,,24,8.0,0.001,228.98669922724366,76.05430126190186,209.66782015934587,,0.008507803509968435,,0,,0,0.0,1e-06,0,,64,,1.0,,,,8.0,0.11357114464044571,,90245,,0.453125,,nj1g3tzx,LUFFY / logprob / sampling=confidence,True,confidence
67,1767983990.330754,,,0,4336.828125,0.2105262130498886,275,0.16346770152449608,1.0,0.6071428571428572,,1.0352891053665305,,36336,,-0.04116860032081604,246.77067133262946,13081,,,0.012555979192256927,1,,1,0.0040332661010324955,,0.42108359932899475,,1.0,1.0,0,,0.14355911314487457,0.015625,75241,316.890625,1.0,-1.6201815605163574,,0.46875,1.777836799621582,,2.4748666286468506,108862,0.11053772270679474,,0.3928571343421936,,,8.0,-0.03003288246691227,0.0,1.6347821950912476,0,56.0,0.09972082823514938,-1.6201815605163574,0.21733074543818545,0.2834733547569204,0.38818851113319397,0.10239051282405853,,74459.5,,,420,67,-0.03158421441912651,1,0.38818851113319397,0.03127232516897555,0.46875,,0.109375,272.11957931518555,,72526,0.10700720548629761,0.0029729828238487244,1.0,297838,301.7356138713658,521,-0.0527731291949749,8.0,0,,56.0,0.3928571343421936,0.012555979192256927,-0.03158421441912651,0.0003348156656811736,2.502602905035019,0,,,9.31408678367734,0.3928571343421936,,23763.988516166,2.2777977623045444,2.4748666286468506,97.23046875,0.46875,1,0.0,,,8.0,,,25,8.0,0.001,301.7356138713658,76.05430126190186,287.3517382182181,,0.0076477741668442055,,0,,0,0.0,1e-06,0,,64,,1.0,,,,8.0,0.18795578181743622,,74184,,0.46875,,nj1g3tzx,LUFFY / logprob / sampling=confidence,True,confidence
68,1767984328.257762,,,0,5482.671875,1.6297965049743652,275,0.17784396559000015,1.0,0.38095238095238093,,0.900665100522943,,68654,,0.0,279.4045236180655,13171,,,0.005733974277973175,1,,1,0.0022610400337725878,,0.33442720770835876,,0.8333333134651184,1.0,0,,0.10391288623213768,0.015625,94420,418.171875,1.0,-2.4748666286468506,,0.546875,1.7149378061294556,,1.6201815605163574,121902,0.06969591975212097,,0.5,,,6.0,-0.013328101485967636,0.0,0.7842503190040588,0,58.0,0.1056145541369915,-2.4748666286468506,0.19174162168331849,0.28171808490950556,0.337377667427063,0.10391288623213768,,94413.5,,,733,68,-0.018406081944704056,1,0.337377667427063,0.03829074019218492,0.546875,,0.125,272.20914459228516,,53248,0.06815218180418015,0.003488779067993164,1.0,377654,337.9097044579685,454,-0.02303503453731537,6.0,0,,58.0,0.5,0.005733974277973175,-0.018406081944704056,0.00027965956705606587,3.639992382377386,0,,,14.460651196539402,0.37931033968925476,,24127.913866219,3.4640617854893208,1.6201815605163574,97.23046875,0.546875,1,0.0,,,6.0,,,32,6.0,0.001,337.9097044579685,76.05430126190186,316.035277787596,,0.009172580683613362,,0,,0,2.0,1e-06,0,,64,,1.0,,,,6.0,0.06294955313205719,,94403,,0.546875,,nj1g3tzx,LUFFY / logprob / sampling=confidence,True,confidence
69,1767984692.18311,,,0,4364.953125,0.4688892960548401,275,0.139831330627203,1.0,0.6607142857142858,,1.2460014987665131,,49105,,-0.06861434131860733,206.29043313164493,8586,,,0.011107650585472584,1,,1,0.0053514763712882996,,0.4272846579551697,,1.0,1.0,0,,0.010440254583954811,0.015625,75081,327.0625,1.0,-1.6201815605163574,,0.421875,1.9760042428970337,,2.4748666286468506,118422,0.11005838215351105,,0.3392857015132904,,,8.0,-0.027324048802256584,0.0,1.2837566137313843,0,56.0,0.0858776904642582,-1.6201815605163574,0.19171819737025741,0.236227795630767,0.4241812229156494,-0.05817408673465252,,75072.25,,,474,69,-0.02241770550608635,1,0.4241812229156494,0.03505208158226746,0.421875,,0.109375,272.3837432861328,,69317,0.10653001070022583,0.001903880387544632,1.0,300289,363.9153249152005,564,-0.03708919137716293,8.0,0,,56.0,0.3392857015132904,0.011107650585472584,-0.02241770550608635,0.00028598347080398615,2.6345620825886726,0,,,10.525754526257515,0.3392857015132904,,24490.295821812,2.4299925789237022,2.4748666286468506,97.23046875,0.421875,1,0.0,,,8.0,,,19,8.0,0.001,363.9153249152005,76.05430126190186,348.0792406909168,,0.008092179796541673,,0,,0,0.0,1e-06,0,,64,,1.0,,,,8.0,0.18052701652050018,,75068,,0.421875,,nj1g3tzx,LUFFY / logprob / sampling=confidence,True,confidence
70,1767985054.565021,,,0,5675.765625,0.4551675319671631,275,0.15842758119106293,1.0,0.625,,0.9419822643279728,,75421,,-0.20923177152872086,268.97410195863483,9986,,,0.0063289920799434185,1,,1,0.003406208474189043,,0.3371905982494354,,1.0,1.0,0,,0.048974016681313515,0.015625,97472,415.984375,1.0,-2.4748666286468506,,0.453125,2.0043890476226807,,2.4748666286468506,122958,0.06913109123706818,,0.375,,,8.0,-0.014752117916941643,0.0,1.260113000869751,0,56.0,0.09430617839097977,-2.4748666286468506,0.2061096177588281,0.25691954589175287,0.3675578534603119,-0.16025775484740734,,97468.0,,,560,70,-0.01708897389471531,1,0.3675578534603119,0.03422925225962596,0.453125,,0.109375,273.01261138916016,,47537,0.06723032891750336,0.0014866180717945099,1.0,389872,362.36945969983935,479,-0.025223860517144203,8.0,0,,56.0,0.375,0.0063289920799434185,-0.01708897389471531,0.0002418901033954215,3.4138087779283524,0,,,13.345027036964893,0.375,,24812.856856082,3.1627411283552647,2.4748666286468506,97.23046875,0.453125,1,0.0,,,8.0,,,23,8.0,0.001,362.36945969983935,76.05430126190186,342.1741155348718,,0.00811225512054024,,0,,0,0.0,1e-06,0,,64,,1.0,,,,8.0,0.1066964715719223,,97466,,0.453125,,nj1g3tzx,LUFFY / logprob / sampling=confidence,True,confidence
71,1767985377.1260312,,,0,4662.34375,0.6454318761825562,275,0.1677110306918621,1.0,0.5178571428571428,,1.0146370484759315,,54882,,-0.06861434131860733,251.54212160274713,13761,,,0.007654412183910608,1,,1,0.0024663095828145742,,0.3657968044281006,,1.0,1.0,0,,0.10253225080668926,0.015625,81142,408.546875,1.0,-2.4748666286468506,,0.546875,2.465294361114502,,1.6201815605163574,99720,0.07882434874773026,,0.4821428656578064,,,8.0,-0.011814197525382042,0.0,1.014973521232605,0,56.0,0.10256807506084442,-2.4748666286468506,0.17671908291508315,0.27606472917393404,0.3595053553581238,0.03391790948808193,,81134.25,,,709,71,-0.021404258906841278,1,0.3595053553581238,0.039989725496587074,0.546875,,0.109375,273.46538162231445,,44838,0.07665933668613434,0.002007771283388138,1.0,324537,322.5473709255457,506,-0.02939831279218197,8.0,0,,56.0,0.4821428656578064,0.007654412183910608,-0.021404258906841278,0.0003160443187089436,3.415470454841852,0,,,12.97814554348588,0.4821428656578064,,25182.945669734,3.0915041528642178,1.6201815605163574,97.23046875,0.546875,1,0.0,,,8.0,,,32,8.0,0.001,322.5473709255457,76.05430126190186,302.7575488947332,,0.009525891201509281,,0,,0,0.0,1e-06,0,,64,,1.0,,,,8.0,0.10901735723018646,,81128,,0.546875,,nj1g3tzx,LUFFY / logprob / sampling=confidence,True,confidence
72,1767985747.2149217,,,0,4260.078125,0.1909804493188858,275,0.17785551026463509,1.0,0.4642857142857143,,1.2922029526698144,,22655,,-0.03068525530397892,199.77891568257363,16571,,,0.008006748743355274,1,,1,0.001999025698751211,,0.36669933795928955,,1.0,1.0,0,,-0.054634321480989456,0.015625,75522,360.75,1.0,-2.4748666286468506,,0.59375,2.288411855697632,,2.4748666286468506,137168,0.08109141886234283,,0.5357142686843872,,,8.0,-0.02172347903251648,0.0,1.5003671646118164,0,56.0,0.11601703986525536,-2.4748666286468506,0.18046152254100706,0.34809979802889157,0.2848098874092102,-0.08531957678496838,,73933.25,,,492,72,-0.04152119159698486,1,0.2848098874092102,0.03922466533103585,0.59375,,0.109375,273.8316650390625,,114513,0.07944713532924652,0.0040748231112957,1.0,295733,370.075339268893,396,-0.05396634712815285,8.0,0,,56.0,0.5357142686843872,0.008006748743355274,-0.04152119159698486,0.00039230332720817547,2.923520904034376,0,,,11.600027952343225,0.5357142686843872,,25456.74140283,2.917408514767885,2.4748666286468506,97.23046875,0.59375,1,0.0,,,8.0,,,35,8.0,0.001,370.075339268893,76.05430126190186,352.3126740306616,,0.00986500835134356,,0,,0,0.0,1e-06,0,,64,,1.0,,,,8.0,0.09833040088415146,,73396,,0.59375,,nj1g3tzx,LUFFY / logprob / sampling=confidence,True,confidence
73,1767986021.0106,,,0,3936.8125,0.30290716886520386,275,0.12275944277644157,1.0,0.5714285714285714,,1.031512013022947,,59366,,-0.3119200859218836,247.8942038319132,6986,,,0.011541698127985,1,,1,0.006203071679919958,,0.4100773334503174,,0.875,1.0,0,,-0.09604604914784431,0.015625,67878,305.078125,1.0,-2.4748666286468506,,0.5,1.7838515043258667,,2.4748666286468506,90723,0.10356663912534714,,0.4285714328289032,,,8.0,-0.01730130985379219,0.0,1.6193848848342896,0,56.0,0.08767028898000717,-2.4748666286468506,0.20039609035724454,0.3779644730092272,0.40233272314071655,-0.4079661350697279,,67870.25,,,339,73,-0.009870722889900208,1,0.40233272314071655,0.03317104041773764,0.5,,0.109375,273.982177734375,,31357,0.10007810592651367,0.0026268474757671356,1.0,271481,273.78715980798006,394,-0.02889467030763626,8.0,0,,56.0,0.4285714328289032,0.011541698127985,-0.009870722889900208,0.0003229334243648991,2.4243359714746475,0,,,9.005307223647833,0.3035714328289032,,25798.306301334,2.2249091044068336,2.4748666286468506,97.23046875,0.5,1,0.0,,,8.0,,,27,8.0,0.001,273.78715980798006,76.05430126190186,259.8956407532096,,0.008195450526581358,,0,,0,0.0,1e-06,0,,64,,1.0,,,,8.0,0.18252772092819214,,67864,,0.5,,nj1g3tzx,LUFFY / logprob / sampling=confidence,True,confidence
74,1767986362.575542,,,0,5405.0,0.5000011324882507,275,0.17044350877404213,1.0,0.5535714285714286,,0.9348462590242148,,74200,,-0.19376587122678757,272.27054000268924,12684,,,0.008091466501355171,1,,1,0.0032586525194346905,,0.33926206827163696,,1.0,1.0,0,,0.47135182097554207,0.015625,93000,407.015625,1.0,-2.4748666286468506,,0.515625,2.265376091003418,,2.4748666286468506,120860,0.07053888589143753,,0.4464285671710968,,,8.0,-0.013417467474937439,0.0,1.3883875608444214,0,56.0,0.09634308144450188,-2.4748666286468506,0.22268136799298915,0.30670650066638694,0.3372120261192322,0.2775859497487545,,92992.25,,,737,74,-0.01369503978639841,1,0.3372120261192322,0.032293630427587795,0.515625,,0.109375,274.39078521728516,,46660,0.06836351007223129,0.002513255923986435,1.0,371969,341.5435617789626,467,-0.025132490321993828,8.0,0,,56.0,0.4464285671710968,0.008091466501355171,-0.01369503978639841,0.0002590083621067935,3.0076297894120216,0,,,12.012229416519403,0.4464285671710968,,26175.65254627,2.852707326412201,2.4748666286468506,97.23046875,0.515625,1,0.0,,,8.0,,,29,8.0,0.001,341.5435617789626,76.05430126190186,323.38201792165637,,0.007669207182351758,,0,,0,0.0,1e-06,0,,64,,1.0,,,,8.0,0.10151375085115433,,92984,,0.515625,,nj1g3tzx,LUFFY / logprob / sampling=confidence,True,confidence
75,1767986739.9217987,,,0,5928.484375,0.22013507783412933,275,0.17827171087265015,1.0,0.5357142857142857,,0.9398726989496955,,76933,,-0.22445110976696014,270.3079199310817,12657,,,0.006549418438225985,1,,1,0.002899352228268981,,0.30196884274482727,,1.0,1.0,0,,0.2886182125657797,0.015625,102004,446.28125,1.0,-2.4748666286468506,,0.53125,2.150444269180298,,2.4748666286468506,147384,0.05842876434326172,,0.4642857015132904,,,8.0,-0.010648275725543499,0.0,0.9300323128700256,0,56.0,0.11209797114133835,-2.4748666286468506,0.21891429235731158,0.25505101530510177,0.34860190749168396,0.06416710279881954,,101996.25,,,735,75,-0.01834394969046116,1,0.34860190749168396,0.03363834978799378,0.53125,,0.109375,274.52510833740234,,70451,0.05651576444506645,0.003899775445461273,1.0,407985,377.3335610218346,608,-0.024596212431788445,8.0,0,,56.0,0.4642857015132904,0.006549418438225985,-0.01834394969046116,0.00027476003073970454,3.474474400281906,0,,,13.723942138254642,0.4642857015132904,,26542.016194705,3.2098125256597996,2.4748666286468506,97.23046875,0.53125,1,0.0,,,8.0,,,30,8.0,0.001,377.3335610218346,76.05430126190186,356.6093190535903,,0.007867476808362561,,0,,0,0.0,1e-06,0,,64,,1.0,,,,8.0,0.0811137780547142,,101987,,0.53125,,nj1g3tzx,LUFFY / logprob / sampling=confidence,True,confidence
76,1767987106.285421,,,0,5911.4375,0.464312881231308,275,0.18829072639346123,1.0,0.6428571428571428,,0.9146718176857552,,56744,,-0.09431704506278038,275.69525335579493,11151,,,0.0061321803368628025,1,,1,0.00309168454259634,,0.3031216263771057,,0.875,1.0,0,,0.18868310377001762,0.015625,101008,401.109375,1.0,-1.6201815605163574,,0.4375,1.38889741897583,,2.4748666286468506,139053,0.05961086228489876,,0.3571428656578064,,,8.0,-0.012362771667540073,0.0,1.685636281967163,0,56.0,0.10602892190217972,-1.6201815605163574,0.21605014467928157,0.3571428571428572,0.3032781183719635,0.09436605870723724,,101000.75,,,574,76,-0.008067779242992401,1,0.3032781183719635,0.03310196636277569,0.4375,,0.109375,274.99214935302734,,82309,0.05810743197798729,0.002278260886669159,1.0,404003,366.34925255551934,441,-0.018517961725592613,8.0,0,,56.0,0.3571428656578064,0.0061321803368628025,-0.008067779242992401,0.00026244587763501684,3.437527470290661,0,,,13.373293716460466,0.2321428507566452,,26877.958006495,3.1720702797174454,2.4748666286468506,97.23046875,0.4375,1,0.0,,,8.0,,,22,8.0,0.001,366.34925255551934,76.05430126190186,346.04961812868714,,0.00785160080424513,,0,,0,0.0,1e-06,0,,64,,1.0,,,,8.0,0.10896845161914825,,100985,,0.4375,,nj1g3tzx,LUFFY / logprob / sampling=confidence,True,confidence
77,1767987442.2272358,,,0,5247.546875,1.196916103363037,275,0.16785374656319618,1.0,0.5535714285714286,,0.9404050934439246,,70658,,-0.06861434131860733,269.18992666597876,12586,,,0.006482195574790239,1,,1,0.0025583351962268353,,0.32380837202072144,,0.875,1.0,0,,0.07739310339093208,0.015625,90431,404.171875,1.0,-1.20761239528656,,0.515625,2.106300115585327,,1.20761239528656,109472,0.06544256955385208,,0.4464285671710968,,,8.0,-0.009467706084251404,0.0,0.994082510471344,0,56.0,0.1305299960076809,-1.20761239528656,0.1964550716656823,0.23076514255928723,0.4052693545818329,0.008778762072324753,,90427.5,,,710,77,-0.014192578382790089,1,0.4052693545818329,0.036520616333609424,0.515625,,0.109375,274.9196128845215,,38814,0.06322536617517471,0.0021349377930164337,1.0,361710,335.92453150078654,491,-0.020771058276295662,8.0,0,,56.0,0.4464285671710968,0.006482195574790239,-0.014192578382790089,0.0003608691935740811,3.404016263782978,0,,,13.209872134029865,0.3214285671710968,,27211.819538073,3.150976996868849,1.20761239528656,97.23046875,0.515625,1,0.0,,,8.0,,,29,8.0,0.001,335.92453150078654,76.05430126190186,315.828467797488,,0.008711335038757151,,0,,0,0.0,1e-06,0,,64,,1.0,,,,8.0,0.0970320999622345,,90424,,0.515625,,nj1g3tzx,LUFFY / logprob / sampling=confidence,True,confidence
78,1767987776.088752,,,0,5531.6875,0.25633665919303894,275,0.1806311160326004,1.0,0.7142857142857143,,0.8865640829496314,,63176,,-0.28123483061790466,283.390922392703,12675,,,0.00703051732853055,1,,1,0.0029001212678849697,,0.32065442204475403,,1.0,1.0,0,,0.2720020227134228,0.015625,94617,381.421875,1.0,-1.6201815605163574,,0.375,2.1342241764068604,,2.4748666286468506,116645,0.06407028436660767,,0.2857142984867096,,,8.0,-0.013935917988419533,0.0,1.3207027912139893,0,56.0,0.10389568284153938,-1.6201815605163574,0.19531451126295182,0.2766416675862441,0.3438391089439392,-0.009232807904481888,,94609.75,,,735,78,-0.01343513373285532,1,0.3438391089439392,0.035714220376131374,0.375,,0.109375,275.279727935791,,53469,0.062089432030916214,0.003293905407190323,1.0,378439,333.84890807792544,571,-0.022881224751472473,8.0,0,,56.0,0.2857142984867096,0.00703051732853055,-0.01343513373285532,0.00027453746268629655,3.2786374129354954,0,,,13.515653844922781,0.2857142984867096,,27479.143995777,2.8749668039381504,2.4748666286468506,97.23046875,0.375,1,0.0,,,8.0,,,20,8.0,0.001,333.84890807792544,76.05430126190186,313.8685091584921,,0.0075969094198487745,,0,,0,0.0,1e-06,0,,64,,1.0,,,,8.0,0.15076030790805817,,94605,,0.375,,nj1g3tzx,LUFFY / logprob / sampling=confidence,True,confidence
79,1767988043.4131453,,,0,3819.265625,0.41492339968681335,275,0.14372888579964638,1.0,0.4464285714285714,,1.0306232980079972,,48944,,-0.1901305727660656,248.59830118505883,9090,,,0.009679543785750866,1,,1,0.0038918571081012487,,0.36993399262428284,,1.0,1.0,0,,-0.013052744790911674,0.015625,66461,333.953125,1.0,-2.4748666286468506,,0.609375,2.1720707416534424,,1.6201815605163574,84942,0.08326906710863113,,0.5535714030265808,,,8.0,-0.007204999215900898,0.0,0.7218954563140869,0,56.0,0.09088047593832016,-2.4748666286468506,0.1734609550499522,0.21943224513293763,0.347443163394928,-0.20318331755697727,,66451.5,,,409,79,-0.022903859615325928,1,0.347443163394928,0.03799089782629693,0.609375,,0.109375,275.2229995727539,,35998,0.08068698644638062,0.0019044876098632812,1.0,265806,267.30472285300493,457,-0.030183644965291023,8.0,0,,56.0,0.5535714030265808,0.009679543785750866,-0.022903859615325928,0.0003419052840730464,2.652170956134796,0,,,10.098208587616682,0.5535714030265808,,27858.382019317,2.3712266497313976,1.6201815605163574,97.23046875,0.609375,1,0.0,,,8.0,,,36,8.0,0.001,267.30472285300493,76.05430126190186,251.9183446019888,,0.008920892115796475,,0,,0,0.0,1e-06,0,,64,,1.0,,,,8.0,0.09911732375621796,,66445,,0.609375,,nj1g3tzx,LUFFY / logprob / sampling=confidence,True,confidence
80,1767988422.6512842,,,0,5881.578125,0.3186812400817871,275,0.17237184941768646,1.0,0.7551020408163266,,0.9506636769546422,,74410,,-0.14061741530895233,265.3645034273175,10827,,,0.004006152506917715,1,,1,0.002066523302346468,,0.3244130611419678,,1.0,1.0,0,,0.1174869816750288,0.015625,100637,407.96875,1.0,-2.4748666286468506,,0.34375,1.7485789060592651,,2.4748666286468506,121375,0.06294870376586914,,0.2631579041481018,,,7.0,-0.013886654749512672,0.0,1.9495234489440918,0,57.0,0.10582659021019936,-2.4748666286468506,0.20028729722703173,0.3475384972638041,0.337274432182312,-0.02313043363392353,,100632.75,,,575,80,-0.00982673466205597,1,0.337274432182312,0.03483069463550567,0.34375,,0.109375,276.0438652038574,,46965,0.061845291405916214,0.0017468258738517761,1.0,402531,379.2246087938547,830,-0.017707763239741325,7.0,0,,57.0,0.2631579041481018,0.004006152506917715,-0.00982673466205597,0.0002629029570646717,3.5798234790563583,0,,,14.020434342324734,0.2631579041481018,,28211.702340449,3.456746708601713,2.4748666286468506,97.23046875,0.34375,1,0.0,,,7.0,,,16,7.0,0.001,379.2246087938547,76.05430126190186,357.84977194294333,,0.008587529180613947,,0,,0,1.0,1e-06,0,,64,,1.0,,,,7.0,0.19224165380001068,,100626,,0.34375,,nj1g3tzx,LUFFY / logprob / sampling=confidence,True,confidence
81,1767988775.9715095,,,0,5535.59375,0.3462579846382141,275,0.19562841579318047,1.0,0.5892857142857143,,0.9409126856403284,,86571,,-0.05314844101667404,268.46002007910045,13873,,,0.00797396432608366,1,,1,0.003027270082384348,,0.307740718126297,,0.875,1.0,0,,0.05941429361701012,0.015625,94868,392.46875,1.0,-1.6201815605163574,,0.484375,1.7916693687438965,,2.4748666286468506,101979,0.06047844886779785,,0.4107142984867096,,,8.0,-0.008182711899280548,0.0,1.3293410539627075,0,56.0,0.10658871382474899,-1.6201815605163574,0.20825826393232036,0.29827309086589404,0.321194052696228,0.006265852600336075,,94849.0,,,708,81,-0.0074242413975298405,1,0.321194052696228,0.034435288618380216,0.484375,,0.109375,275.8665962219238,,15408,0.058382805436849594,0.001947697252035141,1.0,379396,353.3077289201319,657,-0.018169239163398743,8.0,0,,56.0,0.4107142984867096,0.00797396432608366,-0.0074242413975298405,0.0002809431670991497,3.490515235811472,0,,,13.06461076065898,0.2857142984867096,,28475.418086542,3.0827757343649864,2.4748666286468506,97.23046875,0.484375,1,0.0,,,8.0,,,26,8.0,0.001,353.3077289201319,76.05430126190186,333.3446644432843,,0.008125482963354875,,0,,0,0.0,1e-06,0,,64,,1.0,,,,8.0,0.09650956839323044,,94834,,0.484375,,nj1g3tzx,LUFFY / logprob / sampling=confidence,True,confidence
82,1767989039.6873424,,,0,3684.59375,0.4196063280105591,275,0.1373288370668888,1.0,0.5178571428571428,,1.0595906535360438,,56087,,-0.03068525716662407,244.0632674593771,10559,,,0.013536091893911362,1,,1,0.004485565237700939,,0.41127899289131165,,1.0,1.0,0,,0.39426897279918194,0.015625,64365,337.890625,1.0,-2.4748666286468506,,0.546875,2.527175188064575,,2.4748666286468506,71458,0.09871302545070648,,0.4821428656578064,,,8.0,-0.014651687815785408,0.0,1.260918140411377,0,56.0,0.09461351484060287,-2.4748666286468506,0.18596683076414552,0.28515570397627343,0.42853495478630066,0.36358371563255787,,64359.75,,,560,82,-0.01264967955648899,1,0.42853495478630066,0.0349801002030246,0.546875,,0.109375,276.5466499328613,,15371,0.09418728202581406,0.0031639598309993744,1.0,257439,263.701091401279,438,-0.030125362798571587,8.0,0,,56.0,0.4821428656578064,0.013536091893911362,-0.01264967955648899,0.0003675181881556519,2.3829745054244995,0,,,9.005242016166449,0.4821428656578064,,28825.418287072,2.1906337924301624,2.4748666286468506,97.23046875,0.546875,1,0.0,,,8.0,,,30,8.0,0.001,263.701091401279,76.05430126190186,249.86631037294865,,0.008509331501560224,,0,,0,0.0,1e-06,0,,64,,1.0,,,,8.0,0.171748086810112,,64349,,0.546875,,nj1g3tzx,LUFFY / logprob / sampling=confidence,True,confidence
83,1767989389.6875455,,,0,5139.796875,0.6759450435638428,275,0.14121907949447632,1.0,0.5714285714285714,,1.007297279592235,,69596,,-0.16791394725441933,252.88294294663734,9563,,,0.008642729371786118,1,,1,0.004412184469401836,,0.3267049789428711,,1.0,1.0,0,,0.22642731294035912,0.015625,88510,391.8125,1.0,-1.6201815605163574,,0.5,1.8745843172073364,,1.20761239528656,98948,0.06601506471633911,,0.4285714328289032,,,8.0,-0.006992789451032877,0.0,1.05686616897583,0,56.0,0.09983925893902779,-1.6201815605163574,0.19806596006529548,0.18898223650461363,0.35646477341651917,0.05851336568593979,,88505.75,,,505,83,-0.013195347040891647,1,0.35646477341651917,0.03495435730566394,0.5,,0.109375,277.4223175048828,,29352,0.06348290294408798,0.002151675522327423,1.0,354023,349.9870294481516,485,-0.02252422831952572,8.0,0,,56.0,0.4285714328289032,0.008642729371786118,-0.013195347040891647,0.00028201348200266024,3.106358539313078,0,,,12.374646436423063,0.4285714328289032,,29085.904677457,2.895728573203087,1.20761239528656,97.23046875,0.5,1,0.0,,,8.0,,,28,8.0,0.001,349.9870294481516,76.05430126190186,331.34741823002696,,0.008179492782116096,,0,,0,0.0,1e-06,0,,64,,1.0,,,,8.0,0.10727473348379135,,88498,,0.5,,nj1g3tzx,LUFFY / logprob / sampling=confidence,True,confidence
84,1767989650.1738532,,,0,4057.53125,0.46450039744377136,275,0.15258032828569412,1.0,0.5535714285714286,,0.9453341660752579,,59641,,-0.05077345483005047,269.016542000543,7722,,,0.010713103227317333,1,,1,0.0053264000453054905,,0.3839620053768158,,1.0,1.0,0,,0.2116213720291853,0.015625,70073,321.921875,1.0,-2.4748666286468506,,0.515625,2.6651268005371094,,2.4748666286468506,76852,0.08517686277627945,,0.4464285671710968,,,8.0,-0.013918938115239143,0.0,1.1865901947021484,0,56.0,0.10553540661931038,-2.4748666286468506,0.18690377432484723,0.35310214166580695,0.3034631907939911,0.16084791719913483,,70071.25,,,439,84,-0.017015233635902405,1,0.3034631907939911,0.03516005406068029,0.515625,,0.109375,277.6177177429199,,17211,0.08281301707029343,0.001604471355676651,1.0,280285,260.4719006456435,549,-0.030049216002225876,8.0,0,,56.0,0.4464285671710968,0.010713103227317333,-0.017015233635902405,0.00037652891385307947,2.5124278627336025,0,,,9.854835752397776,0.4464285671710968,,29421.579706396,2.335282940417528,2.4748666286468506,97.23046875,0.515625,1,0.0,,,8.0,,,28,8.0,0.001,260.4719006456435,76.05430126190186,245.4862669147551,,0.008331815617737404,,0,,0,0.0,1e-06,0,,64,,1.0,,,,8.0,0.11912845820188522,,70068,,0.515625,,nj1g3tzx,LUFFY / logprob / sampling=confidence,True,confidence
85,1767989985.8488474,,,0,5052.6875,0.2987661361694336,275,0.17083625122904778,1.0,0.4642857142857143,,0.9774691376015289,,59921,,-0.04116860404610634,260.1753816842206,12332,,,0.006803310010582209,1,,1,0.002638345118612051,,0.3294944167137146,,0.75,1.0,0,,-0.08974501863121986,0.015625,87325,404.71875,1.0,-1.20761239528656,,0.59375,2.1908810138702393,,2.4748666286468506,103694,0.06461335718631744,,0.5357142686843872,,,8.0,-0.005873342510312796,0.0,1.285980463027954,0,56.0,0.1008605994284153,-1.20761239528656,0.19574724275355568,0.31743551490412814,0.36557629704475403,-0.1309136226773262,,87318.5,,,697,85,-0.009131872095167637,1,0.36557629704475403,0.0367244540653727,0.59375,,0.109375,278.16040420532227,,43773,0.06255178898572922,0.0016507133841514587,1.0,349274,335.6139978915453,473,-0.018003277480602264,8.0,0,,56.0,0.5357142686843872,0.006803310010582209,-0.009131872095167637,0.0002887721371428028,3.3581323884427547,0,,,12.826896969228983,0.2857142984867096,,29696.640998765,3.0313566252589226,2.4748666286468506,97.23046875,0.59375,1,0.0,,,8.0,,,34,8.0,0.001,335.6139978915453,76.05430126190186,316.0861499644816,,0.008679021700037572,,0,,0,0.0,1e-06,0,,64,,1.0,,,,8.0,0.07405971735715866,,87314,,0.59375,,nj1g3tzx,LUFFY / logprob / sampling=confidence,True,confidence
86,1767990260.910203,,,0,4249.078125,0.36668920516967773,275,0.12960904091596603,1.0,0.5,,0.9551815271807599,,62477,,-0.04116860032081604,266.7476469505272,7982,,,0.009560897015035152,1,,1,0.004822530783712864,,0.38321828842163086,,1.0,1.0,0,,-0.13392372243106365,0.015625,73374,336.46875,1.0,-2.4748666286468506,,0.5625,2.4092695713043213,,1.6201815605163574,92426,0.08716824650764465,,0.5,,,8.0,-0.0076726945117115974,0.0,0.8574526906013489,0,56.0,0.08673899993300438,-2.4748666286468506,0.19368432892082668,0.2575393768188564,0.3720912039279938,-0.1750923227518797,,73368.75,,,442,86,-0.020429329946637154,1,0.3720912039279938,0.0342900255909668,0.5625,,0.109375,278.2651138305664,,29949,0.08441783487796783,0.002753976732492447,1.0,293475,275.0492866151035,584,-0.028903694823384285,8.0,0,,56.0,0.5,0.009560897015035152,-0.020429329946637154,0.0002955583948649949,2.6510245352983475,0,,,10.063265260308981,0.5,,30023.652133502,2.3477352522313595,1.6201815605163574,97.23046875,0.5625,1,0.0,,,8.0,,,31,8.0,0.001,275.0492866151035,76.05430126190186,259.75301968306303,,0.007999779375522138,,0,,0,0.0,1e-06,0,,64,,1.0,,,,8.0,0.09509328752756119,,73361,,0.5625,,nj1g3tzx,LUFFY / logprob / sampling=confidence,True,confidence
87,1767990587.921342,,,0,5076.453125,0.43547171354293823,275,0.15594183653593063,1.0,0.5535714285714286,,0.950875327252098,,60520,,-0.16193918325006962,267.04069159473613,10469,,,0.007171591743826866,1,,1,0.0033045520540326834,,0.33931127190589905,,1.0,1.0,0,,0.4074621219187975,0.015625,87328,381.203125,1.0,-2.4748666286468506,,0.515625,3.6953320503234863,,2.4748666286468506,136093,0.07060538232326508,,0.4464285671710968,,,8.0,-0.003984731622040272,0.0,1.1661163568496704,0,56.0,0.08932185545563698,-2.4748666286468506,0.2079378369478605,0.2714050741709047,0.3398642838001251,0.24552293866872787,,87322.5,,,548,87,-0.015087186358869076,1,0.3398642838001251,0.034166476252667465,0.515625,,0.109375,278.52254486083984,,75573,0.06866041570901871,0.0015080124139785767,1.0,349290,327.00072591379285,510,-0.023619484156370163,8.0,0,,56.0,0.4464285671710968,0.007171591743826866,-0.015087186358869076,0.00025572405581504473,3.042394023388624,0,,,11.934008490294218,0.4464285671710968,,30365.84179556,2.811765171587467,2.4748666286468506,97.23046875,0.515625,1,0.0,,,8.0,,,28,8.0,0.001,327.00072591379285,76.05430126190186,308.93273769691586,,0.008049944663710576,,0,,0,0.0,1e-06,0,,64,,1.0,,,,8.0,0.09739916771650314,,87316,,0.515625,,nj1g3tzx,LUFFY / logprob / sampling=confidence,True,confidence
88,1767990930.1110442,,,0,4974.328125,0.30895233154296875,275,0.17222065851092339,1.0,0.4642857142857143,,1.0121888080080894,,54307,,-0.06861434131860733,251.4236758810495,12747,,,0.006847658660262823,1,,1,0.002526891650632024,,0.35040268301963806,,1.0,1.0,0,,0.06147204339504242,0.015625,86063,402.640625,1.0,-2.4748666286468506,,0.59375,2.617662191390991,,1.6201815605163574,122383,0.07280486077070236,,0.5357142686843872,,,8.0,-0.008280758745968342,0.0,0.8368555307388306,0,56.0,0.11011796444654465,-2.4748666286468506,0.18532107605110432,0.2230356427999428,0.3637593984603882,-0.007142297923564911,,86031.5,,,733,88,-0.019691741093993187,1,0.3637593984603882,0.038207552103687197,0.59375,,0.109375,279.09391021728516,,68076,0.07079876959323883,0.003900669515132904,1.0,344126,342.1774011477828,656,-0.025597527623176575,8.0,0,,56.0,0.5357142686843872,0.006847658660262823,-0.019691741093993187,0.0003199931549680775,3.4279793612658978,0,,,13.14821207523346,0.5357142686843872,,30685.301732336,3.038417622447014,1.6201815605163574,97.23046875,0.59375,1,0.0,,,8.0,,,33,8.0,0.001,342.1774011477828,76.05430126190186,322.2373923510313,,0.008829375352187903,,0,,0,0.0,1e-06,0,,64,,1.0,,,,8.0,0.08710113167762756,,86007,,0.59375,,nj1g3tzx,LUFFY / logprob / sampling=confidence,True,confidence
89,1767991249.5709343,,,0,4824.5625,0.4013073146343231,275,0.17438311129808426,1.0,0.5178571428571428,,0.9766507068636845,,54969,,-0.0920557752251625,260.97436643937124,12713,,,0.007261021062731743,1,,1,0.0026051350869238377,,0.34425026178359985,,1.0,1.0,0,,0.21271279640495777,0.015625,83368,385.796875,1.0,-2.4748666286468506,,0.546875,2.651304006576538,,1.6201815605163574,148618,0.07248404622077942,,0.4821428656578064,,,8.0,-0.002492747502401471,0.0,0.9796535968780518,0,56.0,0.10159731283783913,-2.4748666286468506,0.20212169945999023,0.27606472917393404,0.3438716530799866,0.12065702117979527,,83365.75,,,734,89,-0.018562989309430122,1,0.3438716530799866,0.035285289391692905,0.546875,,0.109375,279.49506759643555,,93649,0.07049908488988876,0.001706235110759735,1.0,333463,319.44037698954344,461,-0.025864072144031525,8.0,0,,56.0,0.4821428656578064,0.007261021062731743,-0.018562989309430122,0.0003046734205529223,3.0687109753489494,0,,,11.76633845642209,0.4821428656578064,,30974.623560613,2.736491270363331,1.6201815605163574,97.23046875,0.546875,1,0.0,,,8.0,,,31,8.0,0.001,319.44037698954344,76.05430126190186,301.5623920597136,,0.008206281567560212,,0,,0,0.0,1e-06,0,,64,,1.0,,,,8.0,0.12062706798315048,,83362,,0.546875,,nj1g3tzx,LUFFY / logprob / sampling=confidence,True,confidence
90,1767991538.8927824,,,0,4184.9375,0.6236613392829895,275,0.13932867348194122,1.0,0.5357142857142858,,1.0197386520713374,,48658,,-0.03068525344133377,251.86975585729758,10156,,,0.007881688885390759,1,,1,0.003081787843257189,,0.3913341760635376,,1.0,1.0,0,,0.07424392364919186,0.015625,72876,369.28125,1.0,-2.4748666286468506,,0.53125,2.620032787322998,,2.4748666286468506,116007,0.08999675512313843,,0.4642857015132904,,,8.0,-0.009725394658744335,0.0,0.9515199661254883,0,56.0,0.08650622889399529,-2.4748666286468506,0.18718869564357546,0.3174355149041282,0.3451448380947113,0.043558670207858086,,72867.5,,,547,90,-0.026157652959227562,1,0.3451448380947113,0.036380209925183135,0.53125,,0.109375,279.5694236755371,,67349,0.08796978741884232,0.0025638118386268616,1.0,291470,289.3062716163695,525,-0.03392462059855461,8.0,0,,56.0,0.4642857015132904,0.007881688885390759,-0.026157652959227562,0.00029679290799737633,2.785963512957096,0,,,10.60373978689313,0.4642857015132904,,31188.880660171,2.545974839478731,2.4748666286468506,97.23046875,0.53125,1,0.0,,,8.0,,,30,8.0,0.001,289.3062716163695,76.05430126190186,273.12272161617875,,0.008734946442099465,,0,,0,0.0,1e-06,0,,64,,1.0,,,,8.0,0.11345329135656357,,72854,,0.53125,,nj1g3tzx,LUFFY / logprob / sampling=confidence,True,confidence
91,1767991753.1497998,,,0,3948.03125,0.9445686936378479,275,0.14681457355618477,1.0,0.4821428571428571,,0.7815005549896963,,56688,,-0.15244803950190544,321.25597283206866,9777,,,0.007321687415242195,1,,1,0.0028007219079881907,,0.3925473988056183,,1.0,1.0,0,,0.29191618598997593,0.015625,68837,353.640625,1.0,-2.4748666286468506,,0.578125,3.32973051071167,,2.4748666286468506,79467,0.09492655098438263,,0.5178571343421936,,,8.0,-0.0052175396122038364,0.0,0.8469493389129639,0,56.0,0.08836704865098,-2.4748666286468506,0.16614798298133282,0.29396567202061297,0.3923839330673218,0.1394681464880705,,68826.75,,,544,91,-0.026919640600681305,1,0.3923839330673218,0.04026256161630464,0.578125,,0.109375,279.77843856811523,,22779,0.09273259341716766,0.0028008967638015747,1.0,275307,214.2427093051374,464,-0.033365026116371155,8.0,0,,56.0,0.5178571343421936,0.007321687415242195,-0.026919640600681305,0.00032097639599058505,2.846510875970125,0,,,11.084565050899982,0.5178571343421936,,31730.750870944,2.58875684812665,2.4748666286468506,97.23046875,0.578125,1,0.0,,,8.0,,,32,8.0,0.001,214.2427093051374,76.05430126190186,197.46487123146653,,0.00940316391565289,,0,,0,0.0,1e-06,0,,64,,1.0,,,,8.0,0.09994665533304214,,68813,,0.578125,,nj1g3tzx,LUFFY / logprob / sampling=confidence,True,confidence
92,1767992295.0200834,,,0,5195.359375,0.39803946018218994,275,0.22526432573795319,1.0,0.6530612244897959,,1.5646704558245905,,49353,,-0.22445111349225044,163.67365980806096,21580,,,0.00910969264805317,1,,1,0.0021420286502689123,,0.36193200945854187,,1.0,1.0,0,,0.08947951346635818,0.015625,91964,347.546875,1.0,-1.6201815605163574,,0.390625,4.210177898406982,,2.4748666286468506,112497,0.0830971822142601,,0.31578946113586426,,,7.0,-0.0190042145550251,0.0,1.5051294565200806,0,57.0,0.12512366101145744,-1.6201815605163574,0.1796562320084545,0.2629407903413291,0.3944709300994873,-0.13497160002589226,,88686.5,,,515,92,-0.0427246056497097,1,0.3944709300994873,0.04002989819950318,0.390625,,0.125,280.2298393249512,,63144,0.0802345797419548,0.003745347261428833,1.0,354746,541.8495566360652,623,-0.05695471540093422,7.0,0,,57.0,0.31578946113586426,0.00910969264805317,-0.0427246056497097,0.0003527133808738011,3.6353351958096027,0,,,14.200446266680956,0.31578946113586426,,31977.825897318,3.374910455197096,2.4748666286468506,97.23046875,0.390625,1,0.0,,,7.0,,,19,7.0,0.001,541.8495566360652,76.05430126190186,520.2576205730438,,0.009513596926243272,,0,,0,1.0,1e-06,0,,64,,1.0,,,,7.0,0.18121238052845,,85418,,0.390625,,nj1g3tzx,LUFFY / logprob / sampling=confidence,True,confidence
93,1767992542.095091,,,0,4217.421875,0.707653820514679,275,0.1447807066142559,1.0,0.7321428571428572,,0.8554509060539366,,46009,,-0.14061741530895233,293.6187936496049,10248,,,0.009147324599325657,1,,1,0.003599377116188407,,0.4157830774784088,,1.0,1.0,0,,0.1592089831829071,0.015625,72544,316.453125,1.0,-1.6201815605163574,,0.359375,3.070542573928833,,2.4748666286468506,91562,0.10582824796438217,,0.2678571343421936,,,8.0,-0.0254701916128397,0.0,1.7474571466445923,0,56.0,0.09802279621362686,-1.6201815605163574,0.1820458054217428,0.28064702938395913,0.42480310797691345,0.018591567873954773,,72542.0,,,470,93,-0.02394617535173893,1,0.42480310797691345,0.036854006338537235,0.359375,,0.109375,280.2649116516113,,45553,0.10288354009389877,0.0019511207938194275,1.0,290168,247.06184198334813,515,-0.04029935970902443,8.0,0,,56.0,0.2678571343421936,0.009147324599325657,-0.02394617535173893,0.0003378139430041454,2.7127984017133713,0,,,10.693853311240673,0.2678571343421936,,32173.22557943,2.4933447763323784,2.4748666286468506,97.23046875,0.359375,1,0.0,,,8.0,,,17,8.0,0.001,247.06184198334813,76.05430126190186,230.89903130754828,,0.00859276273170156,,0,,0,0.0,1e-06,0,,64,,1.0,,,,8.0,0.22163118422031403,,72537,,0.359375,,nj1g3tzx,LUFFY / logprob / sampling=confidence,True,confidence
94,1767992737.4947867,,,0,3382.546875,0.7279067635536194,275,0.12684819474816322,1.0,0.4285714285714286,,0.8315599202804949,,35155,,-0.020088201388716698,305.062236259715,9751,,,0.008300882764160633,1,,1,0.002726031467318535,,0.43282490968704224,,1.0,1.0,0,,-0.04693160392343998,0.015625,59608,342.8125,1.0,-2.4748666286468506,,0.625,3.6289467811584473,,2.4748666286468506,85817,0.11189817637205124,,0.5714285969734192,,,8.0,-0.017153536900877953,0.0,1.029213309288025,0,56.0,0.09635727852582932,-2.4748666286468506,0.15896899221688537,0.25753937681885636,0.3911883533000946,-0.06701980531215668,,59605.75,,,549,94,-0.05722079053521156,1,0.3911883533000946,0.04247919637246818,0.625,,0.109375,280.6693687438965,,50662,0.10956043004989624,0.001526806503534317,1.0,238423,195.3888187892735,511,-0.06631463766098022,8.0,0,,56.0,0.5714285969734192,0.008300882764160633,-0.05722079053521156,0.0004041442248685291,2.5646548457443714,0,,,10.12801743671298,0.5714285969734192,,32507.155526007,2.4150234162807465,2.4748666286468506,97.23046875,0.625,1,0.0,,,8.0,,,37,8.0,0.001,195.3888187892735,76.05430126190186,180.01858622208238,,0.010129154554219796,,0,,0,0.0,1e-06,0,,64,,1.0,,,,8.0,0.10438498109579086,,59602,,0.625,,nj1g3tzx,LUFFY / logprob / sampling=confidence,True,confidence
95,1767993071.42481,,,0,5282.515625,1.3111262321472168,275,0.20971452444791794,1.0,0.6071428571428571,,0.9238269002445327,,31346,,-0.19376585632562637,271.1984090850847,18747,,,0.005729396361857653,1,,1,0.0015685734106227756,,0.3467422127723694,,0.875,1.0,0,,0.27148066461086273,0.015625,93123,377.265625,1.0,-2.4748666286468506,,0.46875,2.952805519104004,,2.4748666286468506,124071,0.07690303772687912,,0.3928571343421936,,,8.0,-0.01721830852329731,0.0,1.250426173210144,0,56.0,0.12322495505213737,-2.4748666286468506,0.18126001262399882,0.34809979802889157,0.31730836629867554,0.07771480828523636,,90556.5,,,548,95,-0.02957065775990486,1,0.31730836629867554,0.0391475894809099,0.46875,,0.109375,281.1826400756836,,92725,0.07551772147417068,0.005265276879072189,1.0,362226,333.91235702857375,668,-0.03694652020931244,8.0,0,,56.0,0.3928571343421936,0.005729396361857653,-0.02957065775990486,0.00034018804572873666,3.6155656054615974,0,,,14.180274747312069,0.2678571343421936,,32818.509421172,3.419414635747671,2.4748666286468506,97.23046875,0.46875,1,0.0,,,8.0,,,26,8.0,0.001,333.91235702857375,76.05430126190186,312.3283222615719,,0.009440003301109449,,0,,0,0.0,1e-06,0,,64,,1.0,,,,8.0,0.10425607860088348,,89699,,0.46875,,nj1g3tzx,LUFFY / logprob / sampling=confidence,True,confidence
96,1767993382.7786999,,,0,4810.65625,0.5438088178634644,275,0.16659000515937805,1.0,0.625,,0.948542664649534,,53886,,-0.20923177152872086,267.6681251963172,12737,,,0.008561722002923489,1,,1,0.003056813031435013,,0.39119696617126465,,1.0,1.0,0,,0.14642172306776047,0.015625,83342,397.828125,1.0,-2.4748666286468506,,0.453125,3.947600841522217,,2.4748666286468506,119868,0.09525211155414581,,0.375,,,8.0,-0.024603113532066345,0.0,1.2559078931808472,0,56.0,0.1128302700817585,-2.4748666286468506,0.18621543193856951,0.3189387696337813,0.35164982080459595,-0.06281004846096039,,83335.75,,,737,96,-0.03162959963083267,1,0.35164982080459595,0.03765357847843409,0.453125,,0.109375,281.26247787475586,,65982,0.09303794056177139,0.003048144280910492,1.0,333343,311.33983524888754,385,-0.042748332023620605,8.0,0,,56.0,0.375,0.008561722002923489,-0.03162959963083267,0.0003384809942964409,3.336881574243307,0,,,12.551556810736656,0.375,,33110.693709651,3.100362826138735,2.4748666286468506,97.23046875,0.453125,1,0.0,,,8.0,,,22,8.0,0.001,311.33983524888754,76.05430126190186,292.0392126776278,,0.009300818754672318,,0,,0,0.0,1e-06,0,,64,,1.0,,,,8.0,0.16833828389644623,,83333,,0.453125,,nj1g3tzx,LUFFY / logprob / sampling=confidence,True,confidence
97,1767993674.962952,,,0,4687.03125,0.38713327050209045,275,0.1410784274339676,1.0,0.5714285714285714,,0.9186563143357558,,59319,,-0.10978294163942337,276.77971106589507,8777,,,0.008734206669032574,1,,1,0.004410893190652132,,0.3959102928638458,,1.0,1.0,0,,0.08633032999932766,0.015625,80872,367.203125,1.0,-2.4748666286468506,,0.453125,6.057782173156738,,2.4748666286468506,102307,0.09724675118923187,,0.38596490025520325,,,7.0,-0.008919869549572468,0.0,0.9624031186103821,0,57.0,0.08366204425692558,-2.4748666286468506,0.1984995331305955,0.2414726442081476,0.3087121844291687,-0.02345261164009571,,80867.75,,,504,97,-0.024869175627827644,1,0.3087121844291687,0.034240602944467596,0.453125,,0.109375,281.50200271606445,,42988,0.09538349509239197,0.0012591592967510223,1.0,323471,292.1736918091774,531,-0.03356819227337837,7.0,0,,57.0,0.38596490025520325,0.008734206669032574,-0.024869175627827644,0.000258638469157747,2.752840183675289,0,,,11.075842075049877,0.38596490025520325,,33365.712154052,2.5310251340270042,2.4748666286468506,97.23046875,0.453125,1,0.0,,,7.0,,,26,7.0,0.001,292.1736918091774,76.05430126190186,275.56933461129665,,0.007824581288668859,,0,,0,1.0,1e-06,0,,64,,1.0,,,,7.0,0.11678945273160934,,80863,,0.453125,,nj1g3tzx,LUFFY / logprob / sampling=confidence,True,confidence
98,1767993929.9813905,,,0,3868.109375,0.45171019434928894,275,0.13126109912991524,1.0,0.5178571428571429,,0.968847784705294,,38978,,-0.09205576777458191,263.4670544330816,8134,,,0.006422711536288261,1,,1,0.0029043429531157017,,0.44405558705329895,,1.0,1.0,0,,0.00796821340918541,0.015625,67188,331.0,1.0,-2.4748666286468506,,0.546875,7.044003009796143,,2.4748666286468506,88746,0.11827623099088669,,0.4821428656578064,,,8.0,-0.0270010344684124,0.0,0.9767306447029114,0,56.0,0.08429867029190063,-2.4748666286468506,0.1786906289843436,0.31083741402730736,0.35305869579315186,-0.0840875543653965,,67185.75,,,420,98,-0.052626579999923706,1,0.35305869579315186,0.03723530365880171,0.546875,,0.109375,281.6949653625488,,49768,0.11675853282213211,0.0031875893473625183,1.0,268743,255.00626689195633,514,-0.05928058549761772,8.0,0,,56.0,0.4821428656578064,0.006422711536288261,-0.052626579999923706,0.00031367764106190907,2.56739554554224,0,,,10.006727211177349,0.4821428656578064,,33747.271860896,2.347201358526945,2.4748666286468506,97.23046875,0.546875,1,0.0,,,8.0,,,31,8.0,0.001,255.00626689195633,76.05430126190186,239.84698873385787,,0.008733999987076668,,0,,0,0.0,1e-06,0,,64,,1.0,,,,8.0,0.13031157851219177,,67181,,0.546875,,nj1g3tzx,LUFFY / logprob / sampling=confidence,True,confidence
1,1767998989.477244,,,0,4759.890625,0.002441606717184186,275,0.15142957866191864,1.0,0.5535714285714286,,0.8734719142464175,,48051,,-0.18178601562976837,273.9099574798849,10571,,,0.0070708030834794044,1,,1,0.0030241934582591057,,0.4173716604709625,,0.875,1.0,0,,0.3060212917625904,0.015625,81788,351.453125,1.0,-1.20761239528656,,0.515625,3.7277350425720215,,2.4748666286468506,139880,0.12623180449008942,,0.4464285671710968,,,8.0,-0.02886308543384075,0.0,1.1491860151290894,0,56.0,0.09990987926721573,-1.20761239528656,0.20021930875294686,0.2895941917897653,0.27703946828842163,0.12423527613282204,,81781.5,,,558,1,-0.04469248652458191,1,0.27703946828842163,0.0475343268804675,0.515625,,0.109375,283.92774963378906,,91829,0.12515787780284882,0.0028710253536701202,1.0,327126,298.5707447528839,551,-0.05319428816437721,8.0,0,,56.0,0.4464285671710968,0.0070708030834794044,-0.04469248652458191,0.00030541711532319576,10.51706813275814,0,,,15.549714215099812,0.3214285671710968,,452.263765755,6.138763632625341,2.4748666286468506,67.9453125,0.515625,1,0.0,,,8.0,,,29,8.0,0.001,298.5707447528839,55.27681827545166,266.0883696526289,,0.01876574663165062,,0,,0,0.0,1e-06,0,,64,,1.0,,,,8.0,0.12405477464199066,,81778,,0.515625,,6iuti28h,LUFFY / logprob / sampling=random,True,random
2,1767999137.4185028,,,0,4428.390625,0.0027738322969526052,275,0.1363944336771965,1.0,0.8571428571428572,,0.4770092340909005,,70843,,-0.14061741530895233,510.71390736760145,5922,,,0.012331652455031872,1,,1,0.008782465942203999,,0.4836885929107666,,1.0,1.0,0,,0.13161580078303814,0.015625,75550,293.375,1.0,-1.20761239528656,,0.25,2.005535840988159,,2.4748666286468506,80333,0.1705796718597412,,0.1428571492433548,,,8.0,-0.054407235234975815,0.0,1.8929648399353027,0,56.0,0.08078287914395332,-1.20761239528656,0.23214710593833868,0.1749635530559413,0.3222615420818329,-0.009001614525914192,,75548.25,,,296,2,-0.04727376252412796,1,0.3222615420818329,0.028128302263929456,0.25,,0.875,284.5785026550293,,9490,0.16868582367897034,0.0010282918810844421,1.0,302193,147.92675294354558,912,-0.07149884849786758,8.0,0,,56.0,0.1428571492433548,0.012331652455031872,-0.04727376252412796,0.00026732213897725403,2.087575774639845,0,,,8.500176046043634,0.1428571492433548,,730.93207283,1.9173944927752018,2.4748666286468506,90.837890625,0.25,1,0.0,,,8.0,,,11,8.0,0.001,147.92675294354558,55.27681827545166,135.19252609834075,,0.006344933511945022,,0,,0,0.0,1e-06,0,,64,,1.0,,,,8.0,0.3203068971633911,,75547,,0.25,,6iuti28h,LUFFY / logprob / sampling=random,True,random
3,1767999416.086998,,,0,5033.296875,0.019243432208895683,275,0.15805000811815262,1.0,0.7321428571428572,,0.8136090327466803,,60458,,-0.23488499224185944,308.9211055628637,9541,,,0.013578326441347599,1,,1,0.006803757976740599,,0.43537795543670654,,1.0,1.0,0,,0.16977432556450367,0.015625,86091,346.859375,1.0,-2.4748666286468506,,0.359375,1.582664132118225,,2.4748666286468506,105870,0.1372355818748474,,0.2678571343421936,,,8.0,-0.03641077131032944,0.0,1.9429398775100708,0,56.0,0.0847802571952343,-2.4748666286468506,0.21162312481532514,0.31491414443836424,0.36895668506622314,-0.06511066667735577,,86082.5,,,504,3,-0.02893282286822796,1,0.36895668506622314,0.031756899994069755,0.359375,,0.109375,285.3157730102539,,45412,0.13404588401317596,0.0015613622963428497,1.0,344330,278.65528916567564,574,-0.05607611685991287,8.0,0,,56.0,0.2678571343421936,0.013578326441347599,-0.02893282286822796,0.00024621803849572883,2.7907325476408005,0,,,10.934853374958038,0.2678571343421936,,973.705266524,2.5805145762860775,2.4748666286468506,95.111328125,0.359375,1,0.0,,,8.0,,,18,8.0,0.001,278.65528916567564,59.672006130218506,262.0886913277209,,0.00749430655558934,,0,,0,0.0,1e-06,0,,64,,1.0,,,,8.0,0.24226252734661102,,86067,,0.359375,,6iuti28h,LUFFY / logprob / sampling=random,True,random
4,1767999658.8595881,,,0,5785.828125,0.008324569091200829,275,0.1642153114080429,1.0,0.8392857142857144,,0.6091048650014519,,76025,,-0.14061741530895233,405.0585994177825,8972,,,0.008501376025378704,1,,1,0.0052110920660197735,,0.39640212059020996,,1.0,1.0,0,,0.15480422601103783,0.015625,98333,359.875,1.0,-0.7245674133300781,,0.265625,1.828233242034912,,2.4748666286468506,122323,0.115264393389225,,0.1607142835855484,,,8.0,-0.035621527582407,0.0,1.7587133646011353,0,56.0,0.08667585998773575,-0.7245674133300781,0.24085493591225718,0.13243211584099396,0.2851159870624542,0.014186810702085495,,98331.25,,,467,4,-0.032186880707740784,1,0.2851159870624542,0.028788078568512565,0.265625,,0.21875,285.60721588134766,,46298,0.1138080358505249,0.0030463486909866333,1.0,393325,242.75808522850275,1743,-0.047542545944452286,8.0,0,,56.0,0.1607142835855484,0.008501376025378704,-0.032186880707740784,0.00022036702469391915,2.9050312750041485,0,,,11.323071002960205,0.1607142835855484,,1211.693727466,2.713692970573902,2.4748666286468506,95.111328125,0.265625,1,0.0,,,8.0,,,13,8.0,0.001,242.75808522850275,59.672006130218506,225.54726777598262,,0.006899365589713093,,0,,0,0.0,1e-06,0,,64,,1.0,,,,8.0,0.21228346228599548,,98330,,0.265625,,6iuti28h,LUFFY / logprob / sampling=random,True,random
5,1767999896.8487084,,,0,4332.890625,0.003356096101924777,275,0.13303758949041367,1.0,0.6607142857142858,,0.8076938080204304,,49624,,-0.24937264248728752,311.3068842304208,7404,,,0.011344908736646175,1,,1,0.006363268475979567,,0.4752013087272644,,1.0,1.0,0,,0.11927355267107487,0.015625,74093,297.421875,1.0,-2.4748666286468506,,0.421875,4.985069751739502,,2.4748666286468506,92587,0.16210918128490448,,0.3392857015132904,,,8.0,-0.03296191617846489,0.0,1.3840445280075073,0,56.0,0.07711023837327957,-2.4748666286468506,0.21165543893865263,0.2569195458917528,0.33174896240234375,-0.13009908981621265,,74085.0,,,321,5,-0.055331602692604065,1,0.33174896240234375,0.03113878333096708,0.421875,,0.109375,285.7132110595703,,42963,0.160162553191185,0.0010502487421035767,1.0,296340,237.9806029126048,501,-0.07184857875108719,8.0,0,,56.0,0.3392857015132904,0.011344908736646175,-0.055331602692604065,0.0002602086737304433,2.391487594693899,0,,,9.227667052298784,0.3392857015132904,,1542.664160409,2.1609070412814617,2.4748666286468506,95.111328125,0.421875,1,0.0,,,8.0,,,21,8.0,0.001,237.9806029126048,59.672006130218506,223.97753143310547,,0.007291985696434709,,0,,0,0.0,1e-06,0,,64,,1.0,,,,8.0,0.17189061641693115,,74078,,0.421875,,6iuti28h,LUFFY / logprob / sampling=random,True,random
6,1768000227.8191,,,0,5919.15625,0.00512105505913496,275,0.18821686506271362,1.0,0.5918367346938774,,0.8203265486813174,,59231,,0.0,305.55942615922163,13176,,,0.004213016014546156,1,,1,0.001796261640265584,,0.3840627372264862,,0.8571428656578064,1.0,0,,0.2803844939917326,0.015625,101134,401.296875,1.0,-2.4748666286468506,,0.421875,2.9273955821990967,,2.4748666286468506,121598,0.10581105202436447,,0.35087719559669495,,,7.0,-0.030358808115124702,0.0,1.5274819135665894,0,57.0,0.10228591412305832,-2.4748666286468506,0.22489522270327128,0.4071415784338776,0.24769963324069977,0.2803844939917326,,101127.25,,,707,6,-0.035634640604257584,1,0.24769963324069977,0.033010997532954785,0.421875,,0.125,286.4451713562012,,62367,0.10521075129508972,0.0026235096156597137,1.0,404509,330.9577167071402,763,-0.04224793612957001,7.0,0,,57.0,0.35087719559669495,0.004213016014546156,-0.035634640604257584,0.0002528643716779066,3.3980608582496643,0,,,13.353245601058006,0.22807016968727112,,1914.074817026,3.1358511559665203,2.4748666286468506,95.111328125,0.421875,1,0.0,,,7.0,,,22,7.0,0.001,330.9577167071402,65.25003099441528,310.76102513074875,,0.0077522407559943544,,0,,0,1.0,1e-06,0,,64,,1.0,,,,7.0,0.13193513453006744,,101122,,0.421875,,6iuti28h,LUFFY / logprob / sampling=random,True,random
7,1768000599.2297158,,,0,6523.671875,0.032144695520401,275,0.17799175530672073,1.0,0.6964285714285714,,0.8408570628792889,,63815,,-0.4832227732986212,298.7806943859931,10566,,,0.0048764715902507305,1,,1,0.0028628960717469454,,0.36437633633613586,,1.0,1.0,0,,0.4311719201505184,0.015625,110973,411.71875,1.0,-1.6201815605163574,,0.390625,2.5969505310058594,,2.4748666286468506,154460,0.09561159461736679,,0.3035714328289032,,,8.0,-0.025496795773506165,0.0,1.6222196817398071,0,56.0,0.09529929235577583,-1.6201815605163574,0.2410650245996368,0.29827309086589404,0.24748267233371735,-0.05205085314810276,,110966.25,,,546,7,-0.03160369396209717,1,0.24748267233371735,0.03016912084988362,0.390625,,0.109375,286.8715286254883,,90645,0.09486737847328186,0.00233299657702446,1.0,443865,371.39698810875416,778,-0.03970803692936897,8.0,0,,56.0,0.3035714328289032,0.0048764715902507305,-0.03160369396209717,0.0002147033272634153,3.503544334322214,0,,,13.391016826033592,0.3035714328289032,,2255.956657531,3.1427414007484913,2.4748666286468506,95.111328125,0.390625,1,0.0,,,8.0,,,20,8.0,0.001,371.39698810875416,65.25003099441528,351.0704366080463,,0.007080399222170009,,0,,0,0.0,1e-06,0,,64,,1.0,,,,8.0,0.12731166183948517,,110950,,0.390625,,6iuti28h,LUFFY / logprob / sampling=random,True,random
8,1768000941.1115263,,,0,6598.609375,0.03100145421922207,275,0.18815811350941658,1.0,0.8035714285714286,,0.7598519915377066,,90051,,-0.06861434876918793,326.61888318078013,10831,,,0.006758052855730057,1,,1,0.003918951377272606,,0.3977060914039612,,1.0,1.0,0,,0.09417346492409706,0.015625,111673,380.21875,1.0,-1.6201815605163574,,0.296875,2.2553887367248535,,2.4748666286468506,131340,0.11002101749181747,,0.1964285671710968,,,8.0,-0.03693610429763794,0.0,1.6481658220291138,0,56.0,0.09541445598006248,-1.6201815605163574,0.2324656735206309,0.236227795630767,0.23567520081996918,0.025559116154909134,,111661.25,,,548,8,-0.0331265889108181,1,0.23567520081996918,0.031059121184852486,0.296875,,0.109375,287.1251640319824,,41289,0.10916606336832047,0.0022030510008335114,1.0,446645,341.8701604530215,595,-0.044566161930561066,8.0,0,,56.0,0.1964285671710968,0.006758052855730057,-0.0331265889108181,0.0002136248160845022,3.5596027858555317,0,,,13.872401181608438,0.1964285671710968,,2551.848633388,3.243115298449993,2.4748666286468506,95.111328125,0.296875,1,0.0,,,8.0,,,12,8.0,0.001,341.8701604530215,65.25003099441528,320.8938543982804,,0.007261058107557441,,0,,0,0.0,1e-06,0,,64,,1.0,,,,8.0,0.17080412805080414,,111654,,0.296875,,6iuti28h,LUFFY / logprob / sampling=random,True,random
9,1768001237.0035264,,,0,4800.375,0.041893120855093,275,0.15066885575652122,1.0,0.5892857142857142,,0.9100874986438338,,28292,,-0.28123484551906586,278.011318993818,9730,,,0.010074082762002945,1,,1,0.0047415802255272865,,0.4205225110054016,,0.75,1.0,0,,0.3065760210156441,0.015625,82259,340.625,1.0,-1.6201815605163574,,0.484375,1.3755947351455688,,2.4748666286468506,108102,0.12559646368026733,,0.4107142984867096,,,8.0,-0.027842385694384575,0.0,1.4481661319732666,0,56.0,0.09251856431365013,-1.6201815605163574,0.21113544229551134,0.41303691093644207,0.2747832238674164,0.025341175496578217,,82256.0,,,469,9,-0.029164696112275124,1,0.2747832238674164,0.0326908720013039,0.484375,,0.109375,287.3921318054199,,79810,0.12407824397087097,0.0013916939496994019,1.0,329024,295.8728453852236,512,-0.044198907911777496,8.0,0,,56.0,0.4107142984867096,0.010074082762002945,-0.029164696112275124,0.00028119092927461256,2.758703615516424,0,,,10.756081469357014,0.1607142835855484,,2858.087341067,2.4988844245672226,2.4748666286468506,95.48046875,0.484375,1,0.0,,,8.0,,,25,8.0,0.001,295.8728453852236,65.25003099441528,279.6007216833532,,0.0075948393569077715,,0,,0,0.0,1e-06,0,,64,,1.0,,,,8.0,0.1525973677635193,,82250,,0.484375,,6iuti28h,LUFFY / logprob / sampling=random,True,random
10,1768001543.2422788,,,0,4951.765625,0.19720077514648438,275,0.18427540734410286,1.0,0.5892857142857143,,0.9063078404528587,,33494,,-0.2858216315507889,278.35070327322416,13663,,,0.00673370948061347,1,,1,0.0023219881113618612,,0.42981722950935364,,0.875,1.0,0,,0.12475435249507427,0.015625,85274,375.515625,1.0,-2.4748666286468506,,0.484375,1.5221242904663086,,2.4748666286468506,149561,0.1254642754793167,,0.4107142984867096,,,8.0,-0.02267671935260296,0.0,1.734889030456543,0,56.0,0.11098157986998558,-2.4748666286468506,0.19703545460197347,0.4068137767819471,0.3269706070423126,-0.1610672790557146,,85236.5,,,697,10,-0.031422968953847885,1,0.3269706070423126,0.03577065817529647,0.484375,,0.109375,287.7001304626465,,116067,0.12409818917512894,0.005266569554805756,1.0,340946,306.21981190517545,618,-0.043397437781095505,8.0,0,,56.0,0.4107142984867096,0.00673370948061347,-0.031422968953847885,0.0003255107256573932,3.5993671528995037,0,,,12.19586282223463,0.2857142984867096,,3059.329498573,2.8734708838164806,2.4748666286468506,95.48046875,0.484375,1,0.0,,,8.0,,,27,8.0,0.001,306.21981190517545,65.72398376464844,287.2207366414368,,0.008427935461382392,,0,,0,0.0,1e-06,0,,64,,1.0,,,,8.0,0.15840180218219757,,85133,,0.484375,,6iuti28h,LUFFY / logprob / sampling=random,True,random
11,1768001744.4831297,,,0,5021.15625,0.021489493548870087,275,0.15113018825650215,1.0,0.6785714285714286,,0.5749691592663738,,60367,,-0.06861434131860733,425.6662243580738,9448,,,0.01116214506328106,1,,1,0.0056510260328650475,,0.44636157155036926,,1.0,1.0,0,,0.24812807328999043,0.015625,85660,332.3125,1.0,-1.6201815605163574,,0.40625,2.149935722351074,,2.4748666286468506,103427,0.1399262249469757,,0.3214285671710968,,,8.0,-0.029788976535201073,0.0,1.236323356628418,0,56.0,0.08672625198960304,-1.6201815605163574,0.214075052454427,0.2230356427999428,0.36325934529304504,0.1795137319713831,,85655.5,,,470,11,-0.03425581008195877,1,0.36325934529304504,0.031702874074387315,0.40625,,0.109375,287.8748474121094,,43060,0.13740520179271698,0.0018904395401477814,1.0,342622,201.22691230475903,1019,-0.04859829321503639,8.0,0,,56.0,0.3214285671710968,0.01116214506328106,-0.03425581008195877,0.00025312516998208823,2.762882687151432,0,,,10.86210212111473,0.3214285671710968,,3380.118981752,2.5747968330979347,2.4748666286468506,95.48046875,0.40625,1,0.0,,,8.0,,,21,8.0,0.001,201.22691230475903,65.72398376464844,184.7686392068863,,0.007514978119028943,,0,,0,0.0,1e-06,0,,64,,1.0,,,,8.0,0.17512738704681396,,85653,,0.40625,,6iuti28h,LUFFY / logprob / sampling=random,True,random
12,1768002065.2739756,,,0,5339.90625,0.04047214984893799,275,0.152610395103693,1.0,0.6428571428571428,,0.8869603313379858,,84827,,-0.14061741530895233,284.7163546711757,8949,,,0.00962095521390438,1,,1,0.0054544005542993546,,0.4055051803588867,,0.875,1.0,0,,0.12518399953842163,0.015625,91334,368.1875,1.0,-1.6201815605163574,,0.4375,1.3242112398147583,,2.4748666286468506,105635,0.11700358986854553,,0.3571428656578064,,,8.0,-0.031118139624595642,0.0,1.606508731842041,0,56.0,0.08442450314760208,-1.6201815605163574,0.21492646050830666,0.3571428571428572,0.31454160809516907,-0.0154334157705307,,91329.5,,,470,12,-0.029841752722859383,1,0.31454160809516907,0.031602091222570905,0.4375,,0.21875,288.2633590698242,,20808,0.11508463323116302,0.001698959618806839,1.0,365318,320.77363488823175,787,-0.045737940818071365,8.0,0,,56.0,0.3571428656578064,0.00962095521390438,-0.029841752722859383,0.00023109866786635776,2.9845759011805058,0,,,11.544812761247158,0.2321428507566452,,3698.84375996,2.8675780966877937,2.4748666286468506,95.48046875,0.4375,1,0.0,,,8.0,,,24,8.0,0.001,320.77363488823175,65.72398376464844,303.122241076082,,0.007849539570149278,,0,,0,0.0,1e-06,0,,64,,1.0,,,,8.0,0.16732388734817505,,91323,,0.4375,,6iuti28h,LUFFY / logprob / sampling=random,True,random
13,1768002383.9986556,,,0,5716.65625,0.1714654117822647,275,0.1904747188091278,1.0,0.625,,0.8125857717506383,,55792,,-0.2623801976442337,306.37173001604634,14001,,,0.007336019072681665,1,,1,0.002851145574823022,,0.4191376268863678,,1.0,1.0,0,,-0.07464986853301525,0.015625,97647,386.125,1.0,-2.4748666286468506,,0.453125,3.0659196376800537,,2.4748666286468506,166629,0.12025436013936996,,0.375,,,8.0,-0.02703036181628704,0.0,1.4795629978179932,0,56.0,0.1024649515748024,-2.4748666286468506,0.2010189994988659,0.28515570397627343,0.29633933305740356,-0.33703006617724895,,97644.5,,,708,13,-0.03589778393507004,1,0.29633933305740356,0.03615239236302075,0.453125,,0.109375,288.673583984375,,110837,0.11895305663347244,0.0019209757447242737,1.0,390578,318.7124999910593,525,-0.04709739238023758,8.0,0,,56.0,0.375,0.007336019072681665,-0.03589778393507004,0.0002623418410018035,3.5876076482236385,0,,,14.120329104363918,0.375,,4018.841847657,3.3856588043272495,2.4748666286468506,95.48046875,0.453125,1,0.0,,,8.0,,,26,8.0,0.001,318.7124999910593,66.30961513519287,297.297505967319,,0.008668329512484701,,0,,0,0.0,1e-06,0,,64,,1.0,,,,8.0,0.12451139092445374,,97639,,0.453125,,6iuti28h,LUFFY / logprob / sampling=random,True,random
14,1768002703.9948442,,,0,5676.84375,0.10403334349393845,275,0.1905166693031788,1.0,0.6785714285714286,,0.8220329815358446,,37870,,-0.32137572579085827,302.6680204580918,13005,,,0.006525963544845581,1,,1,0.0026958866510540247,,0.42184579372406006,,1.0,1.0,0,,0.22818318381905556,0.015625,96859,375.953125,1.0,-2.4748666286468506,,0.40625,1.7306406497955322,,2.4748666286468506,156420,0.12220384925603867,,0.3214285671710968,,,8.0,-0.026704754680395126,0.0,1.3410887718200684,0,56.0,0.10093443468213081,-2.4748666286468506,0.19780966263245778,0.2834733547569204,0.283107191324234,-0.09319254197180271,,96844.75,,,737,14,-0.03667900711297989,1,0.283107191324234,0.036093515948988755,0.40625,,0.109375,289.0351219177246,,118550,0.12114689499139786,0.002300463616847992,1.0,387379,319.9702097810805,566,-0.04572932794690132,8.0,0,,56.0,0.3214285671710968,0.006525963544845581,-0.03667900711297989,0.00026055732159495175,3.6414762772619724,0,,,13.981870114803314,0.3214285671710968,,4315.333883019,3.374699279665947,2.4748666286468506,95.48046875,0.40625,1,0.0,,,8.0,,,20,8.0,0.001,319.9702097810805,66.30961513519287,298.65937878564,,0.008711621640992276,,0,,0,0.0,1e-06,0,,64,,1.0,,,,8.0,0.13421590626239777,,96826,,0.40625,,6iuti28h,LUFFY / logprob / sampling=random,True,random
15,1768003000.4887717,,,0,5224.03125,0.25289228558540344,275,0.16098546609282494,1.0,0.6607142857142857,,0.8364612501103487,,58156,,-0.17130267061293125,300.96562117559404,11025,,,0.00757616525515914,1,,1,0.003419276559725404,,0.42846593260765076,,0.875,1.0,0,,0.3349797520786524,0.015625,89239,352.875,1.0,-1.6201815605163574,,0.421875,1.7797540426254272,,2.4748666286468506,143555,0.12550343573093414,,0.3392857015132904,,,8.0,-0.03220951184630394,0.0,1.673997402191162,0,56.0,0.09100467711687088,-1.6201815605163574,0.2238267933546524,0.3842399069883931,0.25828462839126587,0.16367708146572113,,89230.5,,,550,15,-0.03699305281043053,1,0.25828462839126587,0.031027475713370275,0.421875,,0.109375,289.2149429321289,,85399,0.12448976933956146,0.002886362373828888,1.0,356922,296.48070650547743,527,-0.05005475506186485,8.0,0,,56.0,0.3392857015132904,0.00757616525515914,-0.03699305281043053,0.0002549707698513145,2.829614292830229,0,,,11.074388686567545,0.2142857164144516,,4554.085231196,2.641949936747551,2.4748666286468506,95.48046875,0.421875,1,0.0,,,8.0,,,22,8.0,0.001,296.48070650547743,66.30961513519287,279.66078143939376,,0.007402037242724043,,0,,0,0.0,1e-06,0,,64,,1.0,,,,8.0,0.13131864368915558,,89207,,0.421875,,6iuti28h,LUFFY / logprob / sampling=random,True,random
16,1768003239.2401204,,,0,4837.5,0.0310793649405241,275,0.1760237030684948,1.0,0.4642857142857143,,0.7025039781881279,,22927,,-0.04116860032081604,349.50826155676685,13130,,,0.006870155222713947,1,,1,0.0024015011731535196,,0.43496468663215637,,0.75,1.0,0,,0.0779478382319212,0.015625,83445,377.59375,1.0,-1.6201815605163574,,0.59375,2.009042263031006,,2.4748666286468506,107674,0.12382512539625168,,0.5357142686843872,,,8.0,-0.020838197320699692,0.0,0.8848522305488586,0,56.0,0.10016386210918427,-1.6201815605163574,0.16875256580784506,0.34809979802889157,0.29863443970680237,0.036779237911105156,,83441.5,,,709,16,-0.037575751543045044,1,0.29863443970680237,0.04213445314867322,0.59375,,0.109375,289.76640701293945,,84747,0.12261584401130676,0.002152353525161743,1.0,333766,238.7397071197629,330,-0.04395680874586105,8.0,0,,56.0,0.5357142686843872,0.006870155222713947,-0.037575751543045044,0.00030010205386164036,3.5679627247154713,0,,,14.063047889620066,0.2857142984867096,,4845.665891407,3.3152973502874374,2.4748666286468506,95.48046875,0.59375,1,0.0,,,8.0,,,33,8.0,0.001,238.7397071197629,66.30961513519287,217.49523164704442,,0.009932999018136771,,0,,0,0.0,1e-06,0,,64,,1.0,,,,8.0,0.09936816245317459,,83439,,0.59375,,6iuti28h,LUFFY / logprob / sampling=random,True,random
17,1768003530.8200293,,,0,4881.15625,0.16561277210712433,275,0.16551704704761505,1.0,0.5535714285714286,,0.8775573069281608,,70129,,-0.18178601935505867,287.49745207251533,12053,,,0.011056550778448582,1,,1,0.004283914342522621,,0.47811615467071533,,1.0,1.0,0,,0.27459914050996304,0.015625,83828,357.796875,1.0,-2.4748666286468506,,0.515625,1.6537222862243652,,2.4748666286468506,97440,0.15074282884597778,,0.4464285671710968,,,8.0,-0.034348852932453156,0.0,1.581205129623413,0,56.0,0.09386393055319786,-2.4748666286468506,0.20199445915862665,0.338344559312436,0.3704697787761688,0.09281312115490437,,83823.25,,,545,17,-0.045078523457050323,1,0.3704697787761688,0.034197240597510024,0.515625,,0.109375,289.9498634338379,,27311,0.14828625321388245,0.004349943250417709,1.0,335293,291.5617143586278,978,-0.06326063722372055,8.0,0,,56.0,0.4464285671710968,0.011056550778448582,-0.045078523457050323,0.00027994598918915054,2.9232241064310074,0,,,11.466095391660929,0.4464285671710968,,5198.963494358,2.733562931418419,2.4748666286468506,95.48046875,0.515625,1,0.0,,,8.0,,,29,8.0,0.001,291.5617143586278,66.30961513519287,274.14363734051585,,0.008152758725706826,,0,,0,0.0,1e-06,0,,64,,1.0,,,,8.0,0.15980985760688782,,83820,,0.515625,,6iuti28h,LUFFY / logprob / sampling=random,True,random
18,1768003884.1184301,,,0,6203.0,0.0805230513215065,275,0.19097910076379776,1.0,0.6122448979591836,,0.8363432923866208,,95564,,-0.09205576777458191,300.23104426786506,13080,,,0.005347714759409428,1,,1,0.0024075971450656652,,0.41458091139793396,,1.0,1.0,0,,0.020831789821386337,0.015625,106084,426.171875,1.0,-1.6201815605163574,,0.4375,1.8613449335098267,,2.4748666286468506,117412,0.11492127180099487,,0.3684210479259491,,,7.0,-0.02170558087527752,0.0,1.4764214754104614,0,57.0,0.10673601180315018,-1.6201815605163574,0.21643935787672747,0.22541553096300534,0.3271128237247467,-0.07122397795319557,,106066.75,,,698,18,-0.03877531737089157,1,0.3271128237247467,0.03307351790686746,0.4375,,0.109375,290.0974998474121,,21848,0.1137804388999939,0.002503175288438797,1.0,424267,353.28375271335244,661,-0.04692172631621361,7.0,0,,57.0,0.3684210479259491,0.005347714759409428,-0.03877531737089157,0.00025157745429917993,3.5577452406287193,0,,,14.032002221792936,0.3684210479259491,,5439.829821598,3.351865466684103,2.4748666286468506,95.48046875,0.4375,1,0.0,,,7.0,,,25,7.0,0.001,353.28375271335244,66.30961513519287,332.02159633114934,,0.007900368085861269,,0,,0,1.0,1e-06,0,,64,,1.0,,,,7.0,0.13586977124214172,,106057,,0.4375,,6iuti28h,LUFFY / logprob / sampling=random,True,random
19,1768004124.9847388,,,0,3887.765625,0.060675520449876785,275,0.14158546179533005,1.0,0.5535714285714286,,0.9166413548351392,,39465,,-0.20923175662755966,278.99519861776923,9738,,,0.010340933687984943,1,,1,0.003939551766961813,,0.5433918833732605,,0.75,1.0,0,,0.05475938692688942,0.015625,67200,312.078125,1.0,-1.20761239528656,,0.515625,1.2790464162826538,,2.4748666286468506,125122,0.19114315509796143,,0.4464285671710968,,,8.0,-0.039263688027858734,0.0,1.6552667617797852,0,56.0,0.08286254480481148,-1.20761239528656,0.21436354074622285,0.38090587513752755,0.25983932614326477,-0.15447236970067024,,67197.5,,,467,19,-0.04504244774580002,1,0.25983932614326477,0.031155821707521975,0.515625,,0.109375,290.3142280578613,,85657,0.1904253512620926,0.0018877387046813965,1.0,268790,240.85539942234755,549,-0.06280895322561264,8.0,0,,56.0,0.4464285671710968,0.010340933687984943,-0.04504244774580002,0.0003082798645961958,2.179635927081108,0,,,8.374373316764832,0.1964285671710968,,5653.641946161,1.9799251183867455,2.4748666286468506,95.48046875,0.515625,1,0.0,,,8.0,,,28,8.0,0.001,240.85539942234755,66.30961513519287,228.07595198601484,,0.007366066886367593,,0,,0,0.0,1e-06,0,,64,,1.0,,,,8.0,0.14371663331985474,,67194,,0.515625,,6iuti28h,LUFFY / logprob / sampling=random,True,random
20,1768004338.7969162,,,0,4899.15625,0.25444602966308594,275,0.15811444073915482,1.0,0.5,,0.6235355072144387,,61506,,-0.04116860032081604,393.9337891985963,10750,,,0.006126692518591881,1,,1,0.002657190663740039,,0.4655480980873108,,0.75,1.0,0,,0.0675075575709343,0.015625,84229,364.6875,1.0,-1.20761239528656,,0.5625,1.275285243988037,,1.6201815605163574,113391,0.14408032596111298,,0.5,,,8.0,-0.020328441634774208,0.0,0.9480161666870117,0,56.0,0.09007155522704124,-1.20761239528656,0.19126223260064415,0.3273268353539886,0.2688344717025757,0.026338957250118256,,84221.5,,,546,20,-0.04089204594492912,1,0.2688344717025757,0.03596989470923794,0.5625,,0.109375,290.8976936340332,,51885,0.1433112770318985,0.0015523061156272888,1.0,336886,213.79608022794127,559,-0.04698812589049339,8.0,0,,56.0,0.5,0.006126692518591881,-0.04089204594492912,0.0002673650885671748,3.077552568167448,0,,,12.117753949016333,0.25,,5990.146408194,2.82596817240119,1.6201815605163574,95.48046875,0.5625,1,0.0,,,8.0,,,31,8.0,0.001,213.79608022794127,66.30961513519287,195.5070641450584,,0.008388499885424713,,0,,0,0.0,1e-06,0,,64,,1.0,,,,8.0,0.08154888451099396,,84208,,0.5625,,6iuti28h,LUFFY / logprob / sampling=random,True,random
21,1768004675.3013384,,,0,5310.828125,0.10552696883678436,275,0.18346517533063889,1.0,0.5892857142857143,,0.9315358633965146,,75292,,-0.263358436524868,271.64845204029393,13082,,,0.0066314986906945705,1,,1,0.002553563565015793,,0.4733929932117462,,1.0,1.0,0,,0.15426485985517502,0.015625,91411,402.09375,1.0,-1.6201815605163574,,0.484375,1.4490915536880493,,2.4748666286468506,104788,0.14507512748241425,,0.4107142984867096,,,8.0,-0.02294224686920643,0.0,1.2109119892120361,0,56.0,0.09861035645008087,-1.6201815605163574,0.19225297349603035,0.2519059996368908,0.35675862431526184,-0.109093576669693,,91406.75,,,710,21,-0.03867354989051819,1,0.35675862431526184,0.03582871227800911,0.484375,,0.109375,290.75757598876953,,29496,0.1436619907617569,0.002528160810470581,1.0,365627,336.48912524059415,1519,-0.04701549932360649,8.0,0,,56.0,0.4107142984867096,0.0066314986906945705,-0.03867354989051819,0.0002697020637154282,3.2875387333333492,0,,,13.099944584071636,0.4107142984867096,,6289.476012463,3.1751113198697567,2.4748666286468506,95.48046875,0.484375,1,0.0,,,8.0,,,24,8.0,0.001,336.48912524059415,66.30961513519287,316.62251921743155,,0.00868401764604298,,0,,0,0.0,1e-06,0,,64,,1.0,,,,8.0,0.15919142961502075,,91404,,0.484375,,6iuti28h,LUFFY / logprob / sampling=random,True,random
22,1768004974.6309156,,,0,5048.5,0.03974655270576477,275,0.15779300406575203,1.0,0.6122448979591837,,0.8749816050129287,,45579,,-0.08870254270732403,289.7815497061192,10281,,,0.007660072296857834,1,,1,0.0035721296444535255,,0.4599580764770508,,0.8571428656578064,1.0,0,,0.010315189138054848,0.015625,86743,372.546875,1.0,-2.4748666286468506,,0.4375,1.150744080543518,,2.4748666286468506,139585,0.14181958138942719,,0.3684210479259491,,,7.0,-0.023192742839455605,0.0,1.3913729190826416,0,57.0,0.0917092114686966,-2.4748666286468506,0.2249957150499448,0.3718544318018081,0.35714229941368103,-0.07838735356926918,,86736.75,,,545,22,-0.03125450015068054,1,0.35714229941368103,0.031118201667520103,0.4375,,0.109375,291.42309188842773,,94006,0.14015747606754303,0.003441575914621353,1.0,346947,299.31771048903465,479,-0.042236048728227615,7.0,0,,57.0,0.3684210479259491,0.007660072296857834,-0.03125450015068054,0.00026433204918531244,2.8825668543577194,0,,,10.796366713941097,0.24561403691768646,,6618.514157648,2.6534371860325336,2.4748666286468506,95.48046875,0.4375,1,0.0,,,7.0,,,26,7.0,0.001,299.31771048903465,66.30961513519287,282.7100565060973,,0.007647961175720019,,0,,0,1.0,1e-06,0,,64,,1.0,,,,7.0,0.1531890630722046,,86733,,0.4375,,6iuti28h,LUFFY / logprob / sampling=random,True,random
23,1768005303.6691234,,,0,5434.3125,0.030292097479104996,275,0.1571909561753273,1.0,0.5357142857142857,,0.8931693793568323,,66811,,-0.19376586005091667,283.72384994938847,10409,,,0.006153032183647156,1,,1,0.0030486416071653366,,0.45053765177726746,,0.875,1.0,0,,0.24660702049732208,0.015625,93359,400.234375,1.0,-1.6201815605163574,,0.53125,1.3616923093795776,,2.4748666286468506,133040,0.13083922863006592,,0.4642857015132904,,,8.0,-0.020244350656867027,0.0,1.0315431356430054,0,56.0,0.0952642522752285,-1.6201815605163574,0.2178156540855823,0.2834733547569204,0.26942992210388184,0.05284116044640541,,93352.75,,,559,23,-0.03846682608127594,1,0.26942992210388184,0.03262624092237998,0.53125,,0.109375,291.89079666137695,,66229,0.12998120486736298,0.0016666390001773834,1.0,373411,329.0267984755337,511,-0.04509139060974121,8.0,0,,56.0,0.4642857015132904,0.006153032183647156,-0.03846682608127594,0.00025511903043892254,3.061647519469261,0,,,12.18299724906683,0.3392857015132904,,6866.176718413,2.868349626660347,2.4748666286468506,95.48046875,0.53125,1,0.0,,,8.0,,,30,8.0,0.001,329.0267984755337,66.30961513519287,310.6407374627888,,0.007681481334669699,,0,,0,0.0,1e-06,0,,64,,1.0,,,,8.0,0.08949347585439682,,93345,,0.53125,,6iuti28h,LUFFY / logprob / sampling=random,True,random
24,1768005551.331692,,,0,4391.375,0.2821376919746399,275,0.1489255465567112,1.0,0.5357142857142857,,0.8298093461400308,,58890,,-0.1713026724755764,303.62019315789576,8318,,,0.009229740127921104,1,,1,0.004677042365074158,,0.5205609798431396,,0.875,1.0,0,,0.3753000870347023,0.015625,75196,308.140625,1.0,-1.6201815605163574,,0.53125,1.46005380153656,,2.4748666286468506,104203,0.1755526065826416,,0.4642857015132904,,,8.0,-0.029487458989024162,0.0,1.0276248455047607,0,56.0,0.09440644085407257,-1.6201815605163574,0.21590579598880083,0.30929478706587094,0.35010677576065063,0.2039974145591259,,75192.25,,,348,24,-0.04863983765244484,1,0.35010677576065063,0.03139046977847701,0.53125,,0.109375,291.97819900512695,,45313,0.17392651736736298,0.0023635514080524445,1.0,300769,247.65233569592237,745,-0.058666031807661057,8.0,0,,56.0,0.4642857015132904,0.009229740127921104,-0.04863983765244484,0.0003138835480188203,2.510378934442997,0,,,9.441280204802752,0.3392857015132904,,7181.319472928,2.2182343155145645,2.4748666286468506,95.48046875,0.53125,1,0.0,,,8.0,,,31,8.0,0.001,247.65233569592237,66.30961513519287,233.21625711396337,,0.0073752092652985,,0,,0,0.0,1e-06,0,,64,,1.0,,,,8.0,0.11184702068567276,,75186,,0.53125,,6iuti28h,LUFFY / logprob / sampling=random,True,random
25,1768005866.4743876,,,0,4645.78125,0.09201252460479736,275,0.15523697435855865,1.0,0.38775510204081637,,1.0069863147495117,,65602,,0.0,254.13991921870496,8929,,,0.007765782065689564,1,,1,0.0038389151450246572,,0.4535957872867584,,1.0,1.0,0,,0.21983973495662212,0.015625,80091,359.65625,1.0,-2.4748666286468506,,0.578125,2.175556182861328,,1.6201815605163574,94678,0.13435831665992737,,0.5263158082962036,,,7.0,-0.003745466470718384,0.0,0.6354779601097107,0,57.0,0.08314540237188339,-2.4748666286468506,0.20770014422324806,0.2120878539880258,0.2945983409881592,0.21983973495662212,,80087.0,,,469,25,-0.02967892773449421,1,0.2945983409881592,0.03225619980040492,0.578125,,0.109375,292.42636489868164,,29076,0.13310419023036957,0.0016387589275836945,1.0,320348,315.1295563727617,937,-0.03488481789827347,7.0,0,,57.0,0.5263158082962036,0.007765782065689564,-0.02967892773449421,0.0002595471249137919,2.6232554614543915,0,,,10.333209093660116,0.5263158082962036,,7394.264671113,2.509601727128029,1.6201815605163574,95.48046875,0.578125,1,0.0,,,7.0,,,33,7.0,0.001,315.1295563727617,66.30961513519287,299.4072409644723,,0.007833985937567985,,0,,0,1.0,1e-06,0,,64,,1.0,,,,7.0,0.061109475791454315,,80082,,0.578125,,6iuti28h,LUFFY / logprob / sampling=random,True,random
26,1768006079.4196205,,,0,4975.171875,0.14095866680145264,275,0.1761476807296276,1.0,0.5714285714285714,,0.6084627832829926,,60271,,-0.06861434131860733,400.41480292352526,12301,,,0.00799595471471548,1,,1,0.003060566959902644,,0.4687390923500061,,0.8571428656578064,1.0,0,,0.024694154039025307,0.015625,85262,352.984375,1.0,-2.4748666286468506,,0.4375,1.1531533002853394,,2.4748666286468506,122774,0.1410236358642578,,0.3684210479259491,,,7.0,-0.021986206993460655,0.0,1.4933903217315674,0,57.0,0.09587343409657478,-2.4748666286468506,0.19003851242722197,0.3581618117302907,0.300550639629364,-0.043920187279582024,,85250.5,,,697,26,-0.024289492517709732,1,0.300550639629364,0.03700789784686101,0.4375,,0.109375,292.399356842041,,62503,0.1397377848625183,0.005329713225364685,1.0,341002,212.90546547621489,522,-0.036522604525089264,7.0,0,,57.0,0.3684210479259491,0.00799595471471548,-0.024289492517709732,0.00028115211669308326,3.2266622856259346,0,,,12.619767181575298,0.24561403691768646,,7691.584784555,3.0168957114219666,2.4748666286468506,95.48046875,0.4375,1,0.0,,,7.0,,,24,7.0,0.001,212.90546547621489,66.30961513519287,193.74124328792095,,0.008847149610330634,,0,,0,1.0,1e-06,0,,64,,1.0,,,,7.0,0.13005225360393524,,85244,,0.4375,,6iuti28h,LUFFY / logprob / sampling=random,True,random
27,1768006376.7397144,,,0,4510.953125,0.33791619539260864,275,0.1563383750617504,1.0,0.5178571428571428,,0.968421309195181,,47422,,-0.1524480376392603,262.6793395428938,11432,,,0.010100414976477623,1,,1,0.0037946614902466536,,0.46262669563293457,,0.875,1.0,0,,0.1487533450126648,0.015625,78100,370.046875,1.0,-2.4748666286468506,,0.546875,1.8666621446609497,,1.6201815605163574,108883,0.1378459930419922,,0.4821428656578064,,,8.0,-0.028088832274079323,0.0,1.1449027061462402,0,56.0,0.10817007347941399,-2.4748666286468506,0.18628304903799867,0.3108374140273073,0.38784274458885193,-0.003694692626595497,,78096.0,,,575,27,-0.046273261308670044,1,0.38784274458885193,0.03718720642694105,0.546875,,0.109375,292.8405075073242,,61461,0.13529516756534576,0.0022079795598983765,1.0,312384,297.3054528608918,422,-0.058427389711141586,8.0,0,,56.0,0.4821428656578064,0.010100414976477623,-0.046273261308670044,0.00034627277158693785,3.0508386567234993,0,,,11.616688292473555,0.3571428656578064,,8175.550173413,2.767115280032158,1.6201815605163574,95.48046875,0.546875,1,0.0,,,8.0,,,30,8.0,0.001,297.3054528608918,66.30961513519287,279.58420038595796,,0.008858057006863852,,0,,0,0.0,1e-06,0,,64,,1.0,,,,8.0,0.12568672001361847,,78090,,0.546875,,6iuti28h,LUFFY / logprob / sampling=random,True,random
28,1768006860.7051308,,,0,6691.890625,0.3234177231788635,275,0.2020893394947052,1.0,0.4642857142857143,,1.077312067721361,,54359,,-0.06125679984688759,237.38688286377283,13464,,,0.004999054130166769,1,,1,0.002356351586058736,,0.3775988519191742,,0.875,1.0,0,,0.20884475857019424,0.015625,114887,488.28125,1.0,-2.4748666286468506,,0.59375,1.682450532913208,,1.6201815605163574,178617,0.0915025994181633,,0.5357142686843872,,,8.0,-0.011013041250407696,0.0,0.9125536680221558,0,56.0,0.10432039201259613,-2.4748666286468506,0.23116311679201973,0.2834733547569204,0.30393341183662415,0.14758795872330666,,114882.75,,,733,28,-0.026181349530816078,1,0.30393341183662415,0.031987021753413405,0.59375,,0.109375,293.4689178466797,,124258,0.09043530374765396,0.001629844307899475,1.0,459531,483.94733783975244,1013,-0.03089771419763565,8.0,0,,56.0,0.5357142686843872,0.004999054130166769,-0.026181349530816078,0.0002270149174105689,4.008919473737478,0,,,14.699028093367815,0.4107142984867096,,8361.400262531,3.5185914002358913,1.6201815605163574,98.634765625,0.59375,1,0.0,,,8.0,,,33,8.0,0.001,483.94733783975244,66.30961513519287,461.3922896757722,,0.007656918467384989,,0,,0,0.0,1e-06,0,,64,,1.0,,,,8.0,0.04959286004304886,,114881,,0.59375,,6iuti28h,LUFFY / logprob / sampling=random,True,random
29,1768007046.5552385,,,0,3410.21875,0.2524232566356659,275,0.13283586129546165,1.0,0.3392857142857143,,0.7845309499665156,,38021,,-0.1121439691632986,322.90526897793853,9402,,,0.009351489134132862,1,,1,0.0032229030039161444,,0.4510364532470703,,0.75,1.0,0,,-0.08756217919290066,0.015625,60014,340.296875,1.0,-2.4748666286468506,,0.703125,1.3520864248275757,,1.6201815605163574,84291,0.13364194333553314,,0.6607142686843872,,,8.0,-0.010946816764771938,0.0,0.8618190288543701,0,56.0,0.0978243462741375,-2.4748666286468506,0.17084280897756263,0.31083741402730736,0.26556676626205444,-0.19970614835619926,,60008.25,,,493,29,-0.03574454411864281,1,0.26556676626205444,0.040079021565551105,0.703125,,0.109375,293.7870101928711,,46270,0.13239659368991852,0.003706667572259903,1.0,240033,185.83855937048793,490,-0.04421733319759369,8.0,0,,56.0,0.6607142686843872,0.009351489134132862,-0.03574454411864281,0.0004075454053156753,2.472664747387171,0,,,9.620287783443928,0.4107142984867096,,8685.910278881,2.2618405260145664,1.6201815605163574,98.634765625,0.703125,1,0.0,,,8.0,,,41,8.0,0.001,185.83855937048793,66.30961513519287,171.2270179539919,,0.009423039857080345,,0,,0,0.0,1e-06,0,,64,,1.0,,,,8.0,0.06286461651325226,,60005,,0.703125,,6iuti28h,LUFFY / logprob / sampling=random,True,random
30,1768007371.0652094,,,0,4779.84375,0.5280554294586182,275,0.16818735003471375,1.0,0.4642857142857143,,0.9912558439912615,,70715,,-0.020088201388716698,255.30633302675946,12579,,,0.007436827756464481,1,,1,0.0026704887859523296,,0.4019438326358795,,0.875,1.0,0,,0.2872222363948822,0.015625,82850,398.046875,1.0,-2.4748666286468506,,0.59375,1.7678892612457275,,1.6201815605163574,98213,0.10337299108505249,,0.5357142686843872,,,8.0,-0.011582608334720135,0.0,0.8944618105888367,0,56.0,0.09341000393033028,-2.4748666286468506,0.1669216837717448,0.30929478706587094,0.3231402337551117,0.2671340350061655,,82846.25,,,732,30,-0.027861081063747406,1,0.3231402337551117,0.0424992178848791,0.59375,,0.109375,294.19872283935547,,27498,0.10172638297080994,0.002304237335920334,1.0,331385,324.4974341914058,618,-0.0347716324031353,8.0,0,,56.0,0.5357142686843872,0.007436827756464481,-0.027861081063747406,0.0002818775862828139,3.575183443725109,0,,,14.08360331878066,0.4107142984867096,,9027.092070674,3.320769403129816,1.6201815605163574,98.634765625,0.59375,1,0.0,,,8.0,,,35,8.0,0.001,324.4974341914058,66.30961513519287,303.2350752353668,,0.010020880254476866,,0,,0,0.0,1e-06,0,,64,,1.0,,,,8.0,0.07836783677339554,,82842,,0.59375,,6iuti28h,LUFFY / logprob / sampling=random,True,random
31,1768007712.246963,,,0,5916.625,0.15470458567142487,275,0.18486907333135605,1.0,0.6326530612244898,,0.8457136328181192,,76815,,-0.25272588431835175,296.05036094441056,12558,,,0.006227156613022089,1,,1,0.0027800309471786022,,0.415393590927124,,0.8571428656578064,1.0,0,,0.027196910232305527,0.015625,101009,396.0,1.0,-0.935412585735321,,0.390625,1.440237283706665,,1.6201815605163574,127333,0.10704997926950455,,0.31578946113586426,,,7.0,-0.013144083321094513,0.0,1.248033881187439,0,57.0,0.09693006798624992,-0.935412585735321,0.20887860802103042,0.2842528219833494,0.3645769953727722,-0.22552897408604622,,101002.0,,,695,31,-0.014423864893615246,1,0.3645769953727722,0.03418590184056602,0.390625,,0.109375,294.5077095031738,,50518,0.1054362803697586,0.001762203872203827,1.0,404008,341.1649277433753,578,-0.022334648296236992,7.0,0,,57.0,0.31578946113586426,0.006227156613022089,-0.014423864893615246,0.00023992115994299598,3.5203169025480747,0,,,13.811377830803394,0.19298245012760162,,9409.431188103,3.2864551171660423,1.6201815605163574,98.634765625,0.390625,1,0.0,,,7.0,,,20,7.0,0.001,341.1649277433753,66.30961513519287,320.2413070574403,,0.008134628812216695,,0,,0,1.0,1e-06,0,,64,,1.0,,,,7.0,0.1245424896478653,,100996,,0.390625,,6iuti28h,LUFFY / logprob / sampling=random,True,random
32,1768008094.5860975,,,0,6312.25,0.3763407766819,275,0.1920829378068447,1.0,0.625,,0.8971650554196609,,76507,,-0.05314844101667404,281.8358574594644,12699,,,0.0071859280578792095,1,,1,0.0033759581856429577,,0.35924115777015686,,1.0,1.0,0,,-0.019049212336540222,0.015625,107768,422.328125,1.0,-2.4748666286468506,,0.453125,1.8198620080947876,,2.4748666286468506,125383,0.08519405871629715,,0.375,,,8.0,-0.012561491690576077,0.0,1.3852101564407349,0,56.0,0.1050417423248291,-2.4748666286468506,0.23765131961183658,0.3189387696337813,0.360659658908844,-0.07219765335321426,,107753.25,,,737,32,-0.015078405849635601,1,0.360659658908844,0.030202881756622155,0.453125,,0.109375,295.1024360656738,,48876,0.08320024609565735,0.0024399086833000183,1.0,431013,382.3262624256313,695,-0.025213612243533134,8.0,0,,56.0,0.375,0.0071859280578792095,-0.015078405849635601,0.00024370898864959782,3.4128476567566395,0,,,13.017834674566984,0.375,,9703.508807119,3.1340778693556786,2.4748666286468506,98.634765625,0.453125,1,0.0,,,8.0,,,23,8.0,0.001,382.3262624256313,66.30961513519287,362.4403277486563,,0.007271423064630716,,0,,0,0.0,1e-06,0,,64,,1.0,,,,8.0,0.11930879950523376,,107744,,0.453125,,6iuti28h,LUFFY / logprob / sampling=random,True,random
33,1768008388.6637902,,,0,4493.65625,0.20878060162067413,275,0.14735081046819687,1.0,0.48214285714285715,,0.9651758290905357,,48240,,-0.020088201388716698,264.47521807146427,10221,,,0.00972899328917265,1,,1,0.004059308208525181,,0.4256671965122223,,1.0,1.0,0,,-0.13984952494502068,0.015625,77806,367.09375,1.0,-2.4748666286468506,,0.578125,2.8953933715820312,,1.6201815605163574,101788,0.1136254146695137,,0.5178571343421936,,,8.0,-0.014876204542815685,0.0,0.9275736212730408,0,56.0,0.08981690928339958,-2.4748666286468506,0.19795477192914931,0.25691954589175287,0.3571912348270416,-0.15993772633373737,,77772.0,,,549,33,-0.031563397496938705,1,0.3571912348270416,0.03461080567328514,0.578125,,0.109375,295.01998138427734,,53548,0.11123248189687729,0.0016569346189498901,1.0,311088,294.0615781210363,579,-0.04098651185631752,8.0,0,,56.0,0.5178571343421936,0.00972899328917265,-0.031563397496938705,0.00028871865608252195,2.8300305269658566,0,,,10.767006315290928,0.5178571343421936,,10036.839775165,2.606256630271673,1.6201815605163574,98.634765625,0.578125,1,0.0,,,8.0,,,33,8.0,0.001,294.0615781210363,66.30961513519287,277.5787773914635,,0.008377875810933477,,0,,0,0.0,1e-06,0,,64,,1.0,,,,8.0,0.10952793806791306,,77739,,0.578125,,6iuti28h,LUFFY / logprob / sampling=random,True,random
34,1768008721.9947157,,,0,5118.703125,0.20601607859134674,275,0.15496203303337097,1.0,0.5178571428571429,,0.9621598816989588,,62481,,-0.12274102307856083,264.92634677294734,10084,,,0.006040958687663078,1,,1,0.0029083779081702232,,0.3929780125617981,,0.875,1.0,0,,0.04884890839457512,0.015625,88318,400.34375,1.0,-2.4748666286468506,,0.546875,2.369875192642212,,1.6201815605163574,127018,0.09684733301401138,,0.4821428656578064,,,8.0,-0.011727778241038322,0.0,1.0357997417449951,0,56.0,0.08769362792372704,-2.4748666286468506,0.20492632347460404,0.31083741402730736,0.31784725189208984,-0.07389211468398571,,88304.75,,,548,34,-0.026623588055372238,1,0.31784725189208984,0.03400378394762528,0.546875,,0.109375,295.5710868835449,,64537,0.09550417959690094,0.0019538514316082,1.0,353219,333.3181130364537,390,-0.033080652356147766,8.0,0,,56.0,0.4821428656578064,0.006040958687663078,-0.026623588055372238,0.0002482698493674662,3.006487473845482,0,,,12.010782562196255,0.3571428656578064,,10304.632562274,2.8383463695645332,1.6201815605163574,98.634765625,0.546875,1,0.0,,,8.0,,,32,8.0,0.001,333.3181130364537,66.30961513519287,315.2006907649338,,0.008035655979900665,,0,,0,0.0,1e-06,0,,64,,1.0,,,,8.0,0.08143344521522522,,88291,,0.546875,,6iuti28h,LUFFY / logprob / sampling=random,True,random
35,1768008989.787513,,,0,4221.328125,0.10755311697721481,275,0.15400997921824455,1.0,0.5178571428571428,,0.9263612511146605,,45789,,-0.06861434131860733,273.4078552808706,11337,,,0.011703958734869957,1,,1,0.004147255327552557,,0.4165630638599396,,1.0,1.0,0,,0.20118113048374653,0.015625,73292,354.515625,1.0,-2.4748666286468506,,0.546875,3.3981130123138428,,1.6201815605163574,106781,0.1091608852148056,,0.4821428656578064,,,8.0,-0.01054953970015049,0.0,1.2050825357437134,0,56.0,0.08775071054697037,-2.4748666286468506,0.17745550417058964,0.31083741402730736,0.36801454424858093,0.1325667891651392,,73213.5,,,576,35,-0.022528022527694702,1,0.36801454424858093,0.03925235703939334,0.546875,,0.109375,295.7019500732422,,60992,0.10609538853168488,0.0032642781734466553,1.0,292854,267.7812600694597,417,-0.03706607222557068,8.0,0,,56.0,0.4821428656578064,0.011703958734869957,-0.022528022527694702,0.00029963978824591904,2.9683566577732563,0,,,11.495209768414497,0.4821428656578064,,10451.2639306,2.7791506722569466,1.6201815605163574,98.634765625,0.546875,1,0.0,,,8.0,,,32,8.0,0.001,267.7812600694597,66.30961513519287,250.27038740739226,,0.009489884625980681,,0,,0,0.0,1e-06,0,,64,,1.0,,,,8.0,0.13997797667980194,,73138,,0.546875,,6iuti28h,LUFFY / logprob / sampling=random,True,random
36,1768009136.418889,,,0,3207.6875,0.1661883145570755,275,0.12481053173542023,1.0,0.42857142857142855,,0.65452386369339,,18572,,-0.18411154299974442,384.78221639948896,9152,,,0.0070679811760783195,1,,1,0.002350635128095746,,0.4747258722782135,,0.7142857313156128,1.0,0,,0.2374929804354906,0.015625,56446,318.328125,1.0,-2.4748666286468506,,0.578125,2.1262316703796387,,1.6201815605163574,105794,0.13892881572246552,,0.5263158082962036,,,7.0,-0.014753401279449463,0.0,0.9038249850273132,0,57.0,0.07572247087955475,-2.4748666286468506,0.18689188978065768,0.3818017741606063,0.36608198285102844,0.05338143743574619,,56416.25,,,493,36,-0.02954193763434887,1,0.36608198285102844,0.0353112108119794,0.578125,,0.125,295.96485900878906,,87222,0.1373118758201599,0.001811053603887558,1.0,225665,146.6186523064971,469,-0.036185916513204575,7.0,0,,57.0,0.5263158082962036,0.0070679811760783195,-0.02954193763434887,0.0003355525707555658,2.1005582995712757,0,,,7.968504387885332,0.28070175647735596,,10692.173592825,1.962306223809719,1.6201815605163574,98.634765625,0.578125,1,0.0,,,7.0,,,33,7.0,0.001,146.6186523064971,66.30961513519287,134.36851302534342,,0.008695660487048142,,0,,0,1.0,1e-06,0,,64,,1.0,,,,7.0,0.12115603685379028,,56392,,0.578125,,6iuti28h,LUFFY / logprob / sampling=random,True,random
37,1768009377.3285487,,,0,3103.15625,0.4924074411392212,275,0.13105937093496323,1.0,0.26785714285714285,,1.1436040209766911,,39388,,-0.07185385562479496,227.7424954311088,10280,,,0.011903203092515469,1,,1,0.003410664852708578,,0.4426577389240265,,0.75,1.0,0,,-0.06604091264307499,0.015625,54865,325.75,1.0,-2.4748666286468506,,0.765625,1.9412338733673096,,0.935412585735321,80647,0.11779243499040604,,0.7321428656578064,,,8.0,-0.0113056730479002,0.0,0.5829263925552368,0,56.0,0.08313113078474998,-2.4748666286468506,0.15757339017823271,0.2194322451329376,0.3385584354400635,-0.13789476826786995,,54862.5,,,550,37,-0.029243340715765953,1,0.3385584354400635,0.04074565596041633,0.765625,,0.109375,296.11999893188477,,41259,0.11513296514749527,0.0023565255105495453,1.0,219450,240.89707059785724,647,-0.03661790490150452,8.0,0,,56.0,0.7321428656578064,0.011903203092515469,-0.029243340715765953,0.0003788158158339029,2.490898262709379,0,,,8.941634200513363,0.4821428656578064,,10918.017927446,2.105812393128872,0.935412585735321,98.634765625,0.765625,1,0.0,,,8.0,,,45,8.0,0.001,240.89707059785724,66.30961513519287,227.1220457740128,,0.009595864174658792,,0,,0,0.0,1e-06,0,,64,,1.0,,,,8.0,0.07081857323646545,,54860,,0.765625,,6iuti28h,LUFFY / logprob / sampling=random,True,random
38,1768009603.1728663,,,0,4531.640625,0.43331459164619446,275,0.1504540629684925,1.0,0.4897959183673469,,0.7168071713619998,,42480,,-0.1193877998739481,347.9833067987796,9955,,,0.0050547365099191666,1,,1,0.0021813397761434317,,0.393886536359787,,0.8571428656578064,1.0,0,,0.031976865604519844,0.015625,78588,379.984375,1.0,-2.4748666286468506,,0.5,2.1923816204071045,,1.6201815605163574,134781,0.09462930262088776,,0.4385964870452881,,,7.0,-0.009092536754906178,0.0,0.9786704182624817,0,57.0,0.08662470430135727,-2.4748666286468506,0.1897866049972303,0.32268139389473266,0.34069663286209106,-0.08741093426942825,,78586.0,,,546,38,-0.023261815309524536,1,0.34069663286209106,0.03703896638800558,0.5,,0.109375,296.56761932373047,,92301,0.0933791846036911,0.0028182268142700195,1.0,314344,225.83267204090953,514,-0.028352050110697746,7.0,0,,57.0,0.4385964870452881,0.0050547365099191666,-0.023261815309524536,0.00027557295288396555,3.1235224939882755,0,,,11.642976850271225,0.31578946113586426,,11229.7570108,2.9167702980339527,1.6201815605163574,98.634765625,0.5,1,0.0,,,7.0,,,28,7.0,0.001,225.83267204090953,66.30961513519287,207.891999874264,,0.009278911950073654,,0,,0,1.0,1e-06,0,,64,,1.0,,,,7.0,0.09687962383031845,,78582,,0.5,,6iuti28h,LUFFY / logprob / sampling=random,True,random
39,1768009914.911938,,,0,5396.28125,0.1248634085059166,275,0.14867150411009789,1.0,0.5306122448979592,,0.8542093911933845,,68024,,-0.12987114302814007,296.14099057854526,8736,,,0.008660477586090565,1,,1,0.005062764044851065,,0.3723474144935608,,1.0,1.0,0,,0.07316785864531994,0.015625,92320,373.4375,1.0,-2.4748666286468506,,0.46875,2.4941279888153076,,2.4748666286468506,112772,0.08863214403390884,,0.4035087823867798,,,7.0,-0.009843735955655575,0.0,1.2725006341934204,0,57.0,0.08759047836065292,-2.4748666286468506,0.23097728175180493,0.3121848681791501,0.32372212409973145,-0.05670328438282013,,92315.5,,,495,39,-0.01185685209929943,1,0.32372212409973145,0.029637369966992625,0.46875,,0.109375,296.9530715942383,,44748,0.0865783765912056,0.0017255060374736786,1.0,369262,311.72820695862174,488,-0.02307717315852642,7.0,0,,57.0,0.4035087823867798,0.008660477586090565,-0.01185685209929943,0.00023720414870919,2.885595727711916,0,,,10.94395450875163,0.4035087823867798,,11478.173964925,2.6330727115273476,2.4748666286468506,98.634765625,0.46875,1,0.0,,,7.0,,,26,7.0,0.001,311.72820695862174,66.30961513519287,295.01146376132965,,0.00713063546080384,,0,,0,1.0,1e-06,0,,64,,1.0,,,,7.0,0.09300720691680908,,92308,,0.46875,,6iuti28h,LUFFY / logprob / sampling=random,True,random
40,1768010163.3289495,,,0,3057.78125,0.3898705542087555,275,0.1184559129178524,1.0,0.3928571428571429,,1.2007388409502506,,43500,,-0.08870254270732403,218.81541013894687,8397,,,0.00838025938719511,1,,1,0.0028892771806567907,,0.4322206676006317,,0.75,1.0,0,,-0.0654651578515768,0.015625,54364,339.421875,1.0,-2.4748666286468506,,0.65625,2.222923517227173,,2.4748666286468506,75246,0.11408838629722595,,0.6071428656578064,,,8.0,-0.012850520201027393,0.0,0.8522209525108337,0,56.0,0.08318756893277168,-2.4748666286468506,0.16280142776872256,0.3480997980288915,0.31743213534355164,-0.15416770055890083,,54355.25,,,472,40,-0.03344794362783432,1,0.31743213534355164,0.040325482024257425,0.65625,,0.109375,297.04944229125977,,31746,0.11236989498138428,0.002415727823972702,1.0,217421,248.40686478838325,483,-0.040932804346084595,8.0,0,,56.0,0.6071428656578064,0.00838025938719511,-0.03344794362783432,0.0003826105524892797,2.3062251172959805,0,,,8.767606627196074,0.3571428656578064,,11774.349466126,2.112425558269024,2.4748666286468506,98.634765625,0.65625,1,0.0,,,8.0,,,41,8.0,0.001,248.40686478838325,66.30961513519287,234.98218969628215,,0.009715830385606836,,0,,0,0.0,1e-06,0,,64,,1.0,,,,8.0,0.0950961634516716,,54347,,0.65625,,6iuti28h,LUFFY / logprob / sampling=random,True,random
41,1768010459.5044303,,,0,4404.34375,0.5374376773834229,275,0.1445288509130478,1.0,0.5,,0.994620622838927,,46272,,-0.020088201388716698,257.24794745791445,9565,,,0.011983907781541348,1,,1,0.00525971595197916,,0.37697944045066833,,0.875,1.0,0,,-0.08852852135896683,0.015625,76188,357.25,1.0,-2.4748666286468506,,0.5625,3.3133866786956787,,2.4748666286468506,91070,0.09251715242862701,,0.5,,,8.0,-0.010173430666327477,0.0,1.2869983911514282,0,56.0,0.0905432403087616,-2.4748666286468506,0.19697678349911016,0.3425593945223371,0.39844152331352234,-0.10861672274768353,,76185.5,,,470,41,-0.008802184835076332,1,0.39844152331352234,0.033953052165377286,0.5625,,0.109375,297.3400688171387,,44798,0.08880651742219925,0.0013061314821243286,1.0,304742,296.1559100970626,508,-0.024519294500350952,8.0,0,,56.0,0.5,0.011983907781541348,-0.008802184835076332,0.00029711441254819354,2.72651094943285,0,,,10.346921022981405,0.375,,12079.910270596,2.4662034139037132,2.4748666286468506,98.634765625,0.5625,1,0.0,,,8.0,,,30,8.0,0.001,296.1559100970626,66.30961513519287,280.36167192459106,,0.008092758510161753,,0,,0,0.0,1e-06,0,,64,,1.0,,,,8.0,0.12169938534498215,,76183,,0.5625,,6iuti28h,LUFFY / logprob / sampling=random,True,random
42,1768010765.0651846,,,0,4979.0,0.34205809235572815,275,0.1560886912047863,1.0,0.5918367346938777,,0.904932127929558,,32694,,-0.02008819952607155,279.3459996616264,10506,,,0.005975095555186272,1,,1,0.0027045453898608685,,0.3889162242412567,,0.8571428656578064,1.0,0,,0.024264510720968246,0.015625,85355,355.609375,1.0,-2.4748666286468506,,0.421875,2.0167839527130127,,2.4748666286468506,110116,0.09366468340158463,,0.35087719559669495,,,7.0,-0.011557593941688538,0.0,1.282274603843689,0,57.0,0.08754468336701393,-2.4748666286468506,0.20645885693262933,0.3534797566467096,0.360704630613327,0.004176311194896698,,85353.75,,,494,42,-0.01575993373990059,1,0.360704630613327,0.03329782216155379,0.421875,,0.109375,297.7397117614746,,77422,0.09205949306488037,0.00263865664601326,1.0,341415,305.5484957844019,473,-0.023562435060739517,7.0,0,,57.0,0.35087719559669495,0.005975095555186272,-0.01575993373990059,0.000256417214729915,2.8565945513546467,0,,,11.368375953286886,0.22807016968727112,,12289.239052446,2.695373695343733,2.4748666286468506,98.634765625,0.421875,1,0.0,,,7.0,,,24,7.0,0.001,305.5484957844019,66.30961513519287,288.36205215752125,,0.007894713751134931,,0,,0,1.0,1e-06,0,,64,,1.0,,,,7.0,0.12809965014457703,,85352,,0.421875,,6iuti28h,LUFFY / logprob / sampling=random,True,random
43,1768010974.3918445,,,0,4224.453125,0.5318295359611511,275,0.14945906773209572,1.0,0.5535714285714286,,0.714337222569263,,48278,,-0.19135536439716816,348.89504532294274,10006,,,0.00630998844280839,1,,1,0.0025452354457229376,,0.40728333592414856,,0.875,1.0,0,,0.20952457003295422,0.015625,73044,339.859375,1.0,-1.6201815605163574,,0.515625,2.8898704051971436,,2.4748666286468506,120437,0.10383112728595734,,0.4464285671710968,,,8.0,-0.013504534028470516,0.0,1.2061359882354736,0,56.0,0.09511218965053558,-1.6201815605163574,0.18653659181797747,0.33071891388307384,0.32146862149238586,0.018169205635786057,,73029.0,,,467,43,-0.02887994423508644,1,0.32146862149238586,0.036656720592259044,0.515625,,0.109375,297.9413070678711,,72159,0.10244911164045334,0.002904590219259262,1.0,292116,209.315096270293,693,-0.03672236576676369,8.0,0,,56.0,0.4464285671710968,0.00630998844280839,-0.02887994423508644,0.00032559733000087494,2.7854569032788277,0,,,10.708014592528343,0.3214285671710968,,12597.311265152,2.4237866327166557,2.4748666286468506,98.634765625,0.515625,1,0.0,,,8.0,,,29,8.0,0.001,209.315096270293,66.30961513519287,193.1317831799388,,0.008297342948406304,,0,,0,0.0,1e-06,0,,64,,1.0,,,,8.0,0.12193646281957626,,73015,,0.515625,,6iuti28h,LUFFY / logprob / sampling=random,True,random
44,1768011282.4662592,,,0,4443.640625,0.19288629293441772,275,0.14367930218577385,1.0,0.4285714285714286,,1.0289698785088368,,65787,,-0.050773460417985916,250.24966146938038,9369,,,0.010387035086750984,1,,1,0.004655194003134966,,0.3926636576652527,,1.0,1.0,0,,-0.01004398800432682,0.015625,77104,374.640625,1.0,-2.4748666286468506,,0.625,2.4315218925476074,,2.4748666286468506,99777,0.09741061180830002,,0.5714285969734192,,,8.0,-0.012402497231960297,0.0,0.812725305557251,0,56.0,0.08673132583498955,-2.4748666286468506,0.20240967618484798,0.2672612419124244,0.3308303952217102,-0.060817448422312737,,77092.5,,,546,44,-0.023648884147405624,1,0.3308303952217102,0.03285012647809657,0.625,,0.109375,297.93931579589844,,33990,0.09496061503887177,0.0020315051078796387,1.0,308370,308.06235479936004,912,-0.03242751583456993,8.0,0,,56.0,0.5714285969734192,0.010387035086750984,-0.023648884147405624,0.0002812573396730861,2.6069918163120747,0,,,10.129993502050638,0.5714285969734192,,12853.111169252,2.4426646940410137,2.4748666286468506,98.634765625,0.625,1,0.0,,,8.0,,,35,8.0,0.001,308.06235479936004,66.30961513519287,292.63183065876365,,0.007921213782277827,,0,,0,0.0,1e-06,0,,64,,1.0,,,,8.0,0.09971630573272705,,77080,,0.625,,6iuti28h,LUFFY / logprob / sampling=random,True,random
45,1768011538.2661073,,,0,3477.90625,0.45182204246520996,275,0.13152643665671349,1.0,0.3214285714285714,,1.0877553789541916,,41547,,-0.12274102494120598,238.74973469723878,9263,,,0.012570422142744064,1,,1,0.004480757284909487,,0.43881019949913025,,0.875,1.0,0,,-0.23983995243906975,0.015625,61077,338.875,1.0,-2.4748666286468506,,0.71875,3.1319892406463623,,1.6201815605163574,92818,0.12111981213092804,,0.6785714030265808,,,8.0,-0.00934793520718813,0.0,0.6448029279708862,0,56.0,0.08259246498346329,-2.4748666286468506,0.17713676195816064,0.23419423301078576,0.42136725783348083,-0.3625809773802757,,61068.5,,,494,45,-0.0313437320291996,1,0.42136725783348083,0.03704544117230092,0.71875,,0.109375,298.6039924621582,,51271,0.11729752272367477,0.0015113800764083862,1.0,244274,255.7845774255693,496,-0.0399513803422451,8.0,0,,56.0,0.6785714030265808,0.012570422142744064,-0.0313437320291996,0.00033811402352875575,2.2243275828659534,0,,,9.049238096922636,0.5535714030265808,,13157.811900353,2.160254832357168,1.6201815605163574,98.634765625,0.71875,1,0.0,,,8.0,,,44,8.0,0.001,255.7845774255693,66.30961513519287,242.1191187798977,,0.00884357251429611,,0,,0,0.0,1e-06,0,,64,,1.0,,,,8.0,0.07357872277498245,,61059,,0.71875,,6iuti28h,LUFFY / logprob / sampling=random,True,random
46,1768011842.9666755,,,0,4344.703125,0.1287699192762375,275,0.16596106067299843,1.0,0.5178571428571429,,1.0318592982983463,,53010,,-0.12176278978586197,248.606816314032,12766,,,0.008681547828018665,1,,1,0.002793774474412203,,0.4302028715610504,,1.0,1.0,0,,0.2683841325342655,0.015625,76768,389.515625,1.0,-2.4748666286468506,,0.546875,3.0295958518981934,,2.4748666286468506,100422,0.11338324844837189,,0.4821428656578064,,,8.0,-0.018932828679680824,0.0,1.1312566995620728,0,56.0,0.09671930968761444,-2.4748666286468506,0.17877289009961636,0.2666640093405014,0.29044079780578613,0.14662134274840355,,75747.5,,,735,46,-0.030831214040517807,1,0.29044079780578613,0.03894133754390557,0.546875,,0.109375,299.3893585205078,,47412,0.1118326485157013,0.0017477013170719147,1.0,302990,304.68794509768486,750,-0.04100828617811203,8.0,0,,56.0,0.4821428656578064,0.008681547828018665,-0.030831214040517807,0.0003192161777207645,2.9375529251992702,0,,,11.79883586242795,0.4821428656578064,,13384.104281588,2.7481250278651714,2.4748666286468506,102.876953125,0.546875,1,0.0,,,8.0,,,30,8.0,0.001,304.68794509768486,66.30961513519287,286.9198283441365,,0.00907001890446936,,0,,0,0.0,1e-06,0,,64,,1.0,,,,8.0,0.13212934136390686,,74819,,0.546875,,6iuti28h,LUFFY / logprob / sampling=random,True,random
47,1768012069.259223,,,0,4888.9375,0.12281525135040283,275,0.170026995241642,1.0,0.5535714285714286,,0.6652598972344628,,40223,,-0.16067011654376984,372.6220745753809,13756,,,0.007405111100524664,1,,1,0.0025022896006703377,,0.40815648436546326,,0.875,1.0,0,,0.16481486521661282,0.015625,84327,380.765625,1.0,-2.4748666286468506,,0.515625,1.9352526664733887,,2.4748666286468506,127996,0.10099215060472488,,0.4464285671710968,,,8.0,-0.01410682313144207,0.0,1.386094570159912,0,56.0,0.1098392866551876,-2.4748666286468506,0.2055399973558388,0.3229132378575915,0.276985764503479,0.004144748672842979,,84315.25,,,712,47,-0.026142200455069542,1,0.276985764503479,0.03461714020269843,0.515625,,0.109375,299.4042549133301,,87773,0.09967917203903198,0.002510588616132736,1.0,337261,226.27551010251045,518,-0.03667798638343811,8.0,0,,56.0,0.4464285671710968,0.007405111100524664,-0.026142200455069542,0.0003256803681872129,3.2822545617818832,0,,,11.675011321902275,0.3214285671710968,,13662.088090445,2.8532381989061832,2.4748666286468506,102.876953125,0.515625,1,0.0,,,8.0,,,30,8.0,0.001,226.27551010251045,66.30961513519287,208.15449976548553,,0.008460030062492204,,0,,0,0.0,1e-06,0,,64,,1.0,,,,8.0,0.10207431018352509,,84310,,0.515625,,6iuti28h,LUFFY / logprob / sampling=random,True,random
48,1768012347.243064,,,0,3909.609375,0.2976217269897461,275,0.1386030949652195,1.0,0.375,,1.0491885628519309,,49545,,-0.06125680170953274,245.9076153645013,9746,,,0.009180105291306973,1,,1,0.0034824979957193136,,0.41314616799354553,,1.0,1.0,0,,-0.06725171767175198,0.015625,68363,362.609375,1.0,-2.4748666286468506,,0.671875,2.2087607383728027,,1.6201815605163574,117293,0.10883220285177231,,0.625,,,8.0,-0.01020139455795288,0.0,0.8181983232498169,0,56.0,0.0860203169286251,-2.4748666286468506,0.18081093897365136,0.2569195458917528,0.32100194692611694,-0.1285085193812847,,68355.5,,,560,48,-0.03345828875899315,1,0.32100194692611694,0.036780497543324936,0.671875,,0.109375,299.76347732543945,,67748,0.10686641186475754,0.0035070814192295074,1.0,273422,277.97227791696787,490,-0.04134901985526085,8.0,0,,56.0,0.625,0.009180105291306973,-0.03345828875899315,0.0003146064213143972,2.7448376454412937,0,,,10.05659719929099,0.625,,13954.153301407,2.393811449408531,1.6201815605163574,102.876953125,0.671875,1,0.0,,,8.0,,,43,8.0,0.001,277.97227791696787,66.30961513519287,262.5227162539959,,0.008755006727361117,,0,,0,0.0,1e-06,0,,64,,1.0,,,,8.0,0.06490842252969742,,68349,,0.671875,,6iuti28h,LUFFY / logprob / sampling=random,True,random
49,1768012639.3082314,,,0,4289.90625,0.22345489263534546,275,0.16781705245375633,1.0,0.30612244897959184,,1.002642756850551,,50776,,-0.03068525344133377,255.8545318770303,11917,,,0.007597776595503092,1,,1,0.0025841393508017063,,0.42395803332328796,,0.7142857313156128,1.0,0,,0.10922954976558685,0.015625,74726,380.21875,1.0,-1.6201815605163574,,0.640625,1.6681523323059082,,1.6201815605163574,89617,0.11186601966619492,,0.5964912176132202,,,7.0,-0.008691278286278248,0.0,0.8517745137214661,0,57.0,0.09476767107844353,-1.6201815605163574,0.18634887004461417,0.26920216241373307,0.37917929887771606,0.07854429632425308,,74722.0,,,696,49,-0.022054633125662804,1,0.37917929887771606,0.036987288594796316,0.640625,,0.109375,300.0248260498047,,38841,0.10981948673725128,0.0015836283564567566,1.0,298888,292.04876478761435,469,-0.028744619339704514,7.0,0,,57.0,0.5964912176132202,0.007597776595503092,-0.022054633125662804,0.00031706750046319533,2.817613858729601,0,,,11.05505671352148,0.35087719559669495,,15084.715512995,2.613866351544857,1.6201815605163574,102.876953125,0.640625,1,0.0,,,7.0,,,38,7.0,0.001,292.04876478761435,66.30961513519287,275.27957946434617,,0.008745303764436368,,0,,0,1.0,1e-06,0,,64,,1.0,,,,7.0,0.05408608913421631,,74720,,0.640625,,6iuti28h,LUFFY / logprob / sampling=random,True,random
50,1768013769.8701656,0.16666666666666666,1.0,0,1850.390625,1.2055294513702393,275,0.09882699698209763,1.0,0.19642857142857145,0.5714285714285714,0.8354226378529339,0.021,29791,0.0,-0.04116860032081604,30.373568367794014,7085,0.0,0.33407590316929797,0.016516782343387604,1,0.2319499326250001,1,0.004128393717110157,0.0,0.576060950756073,0.0,0.625,1.0,0,0.6276595744680851,-0.01128152385354042,0.015625,34339,295.78125,1.0,-2.4748666286468506,1.0,0.828125,2.31691575050354,0.356,0.7245674133300781,42990,0.20198243856430054,0.803625,0.8035714030265808,0.14338409953687334,0.0,8.0,-0.012695826590061188,0.0,0.4447018504142761,0,56.0,0.06814534589648247,-2.4748666286468506,0.12859531210911587,0.17404989901444579,0.4019486606121063,-0.05245012417435646,0.26083833111531246,34338.75,1.0,0.28792466063500727,318,50,-0.0810093879699707,1,0.4019486606121063,0.04836136520566333,0.828125,1.0,0.109375,300.1986846923828,0.3427885645700568,13199,0.1986241638660431,0.001451745629310608,1.0,137355,1130.5471120215952,430,-0.08983828127384186,8.0,0,1021.3393828608096,56.0,0.8035714030265808,0.016516782343387604,-0.0810093879699707,0.0004961257027154633,1.7896864786744118,0,0.0,0.0,6.642675317823887,0.4285714328289032,0.0,15235.645452131,1.6555684134364128,0.7245674133300781,102.876953125,0.828125,1,0.0,0.48342841563837285,0.6622666666666667,8.0,0.0,0.5,52,8.0,0.001,1130.5471120215952,66.30961513519287,98.9349258877337,0.4124789556921527,0.01205320820819346,0.978,0,0.03160696125855822,0,0.0,1e-06,0,0.14668333238647124,64,1.0,1.0,0.5,0.001,0.22424999999999998,8.0,0.05544435605406761,0.136,34338,0.0,0.828125,0.0,6iuti28h,LUFFY / logprob / sampling=random,True,random
51,1768013920.800401,,,0,3072.25,0.6708149909973145,275,0.13750114291906357,1.0,0.41071428571428575,,0.692665331656475,,44613,,-0.05314844474196434,359.3908038360596,9287,,,0.009942835196852684,1,,1,0.003154691308736801,,0.48829108476638794,,0.875,1.0,0,,0.0695653110742569,0.015625,54241,317.65625,1.0,-2.4748666286468506,,0.640625,2.7045817375183105,,1.20761239528656,64703,0.14608798921108246,,0.5892857313156128,,,8.0,-0.01766861602663994,0.0,0.8298957943916321,0,56.0,0.08560798317193985,-2.4748666286468506,0.14664254490798526,0.21943224513293763,0.3403396010398865,0.016416866332292557,,54238.5,,,396,51,-0.05932793393731117,1,0.3403396010398865,0.04456189299912329,0.640625,,0.109375,301.1783218383789,,20090,0.1441371738910675,0.0038475319743156433,1.0,216954,150.91788499057293,491,-0.068258136510849,8.0,0,,56.0,0.5892857313156128,0.009942835196852684,-0.05932793393731117,0.00039459048080210484,2.555897291749716,0,,,9.667880933731794,0.4642857015132904,,15535.229966126,2.2517199777066708,1.20761239528656,102.876953125,0.640625,1,0.0,,,8.0,,,40,8.0,0.001,150.91788499057293,66.30961513519287,136.19462817162275,,0.010378789871155501,,0,,0,0.0,1e-06,0,,64,,1.0,,,,8.0,0.08619412779808044,,54236,,0.640625,,6iuti28h,LUFFY / logprob / sampling=random,True,random
52,1768014220.3849359,,,0,4493.609375,0.15117868781089783,275,0.15128157287836075,1.0,0.4642857142857143,,0.9855153805843776,,53302,,-0.10253910720348358,260.7986945184318,10011,,,0.008720718324184418,1,,1,0.0037119919434189796,,0.43017610907554626,,1.0,1.0,0,,0.18692721612751484,0.015625,78141,389.40625,1.0,-2.4748666286468506,,0.59375,2.1046526432037354,,2.4748666286468506,131517,0.11287016421556473,,0.5357142686843872,,,8.0,-0.015121111646294594,0.0,1.0535222291946411,0,56.0,0.08961998298764229,-2.4748666286468506,0.1991967153656833,0.2923340275668732,0.3375515043735504,0.08438810892403126,,78128.25,,,546,52,-0.033708516508340836,1,0.3375515043735504,0.034446289397833035,0.59375,,0.109375,301.6295356750488,,78215,0.11089353263378143,0.0014247745275497437,1.0,312513,299.5730103030801,736,-0.043273359537124634,8.0,0,,56.0,0.5357142686843872,0.008720718324184418,-0.033708516508340836,0.00028677201584459617,2.669134460389614,0,,,10.764913238584995,0.5357142686843872,,15798.019025086,2.4518137127161026,2.4748666286468506,102.876953125,0.59375,1,0.0,,,8.0,,,34,8.0,0.001,299.5730103030801,66.30961513519287,283.42535381764174,,0.007845477508827161,,0,,0,0.0,1e-06,0,,64,,1.0,,,,8.0,0.0916721373796463,,78120,,0.59375,,6iuti28h,LUFFY / logprob / sampling=random,True,random
53,1768014483.1739771,,,0,4049.4375,0.42376258969306946,275,0.15746783465147018,1.0,0.4642857142857143,,0.9432099415315217,,31662,,0.0,268.0683609076462,12423,,,0.012895309366285801,1,,1,0.003975844942033291,,0.44854092597961426,,0.75,1.0,0,,0.10469974763691425,0.015625,70745,353.203125,1.0,-1.6201815605163574,,0.59375,1.9500404596328735,,2.4748666286468506,96214,0.1218474879860878,,0.5357142686843872,,,8.0,-0.018964575603604317,0.0,1.1915016174316406,0,56.0,0.09864252805709839,-1.6201815605163574,0.1621501498659703,0.34809979802889157,0.3985278308391571,0.10469974763691425,,70442.25,,,711,53,-0.029006995260715485,1,0.3985278308391571,0.04258644762593886,0.59375,,0.109375,301.8481864929199,,64552,0.11823299527168274,0.004015035927295685,1.0,281769,262.7771877348423,493,-0.044951435178518295,8.0,0,,56.0,0.5357142686843872,0.012895309366285801,-0.029006995260715485,0.00035008296887556256,3.0550886541604996,0,,,11.999540761113167,0.2857142984867096,,16072.616453853,2.985492505133152,2.4748666286468506,102.876953125,0.59375,1,0.0,,,8.0,,,34,8.0,0.001,262.7771877348423,66.30961513519287,244.44606128707528,,0.01059553217399058,,0,,0,0.0,1e-06,0,,64,,1.0,,,,8.0,0.11859115213155746,,70139,,0.59375,,6iuti28h,LUFFY / logprob / sampling=random,True,random
54,1768014757.7714348,,,0,3991.640625,0.38261574506759644,275,0.13719189167022705,1.0,0.4285714285714286,,1.0126705296912004,,55713,,-0.10629688203334808,253.17142937484576,8772,,,0.008157673291862011,1,,1,0.0035141916014254093,,0.44262585043907166,,0.875,1.0,0,,0.09113135747611523,0.015625,69520,353.203125,1.0,-2.4748666286468506,,0.625,2.310981035232544,,0.935412585735321,84707,0.11792507767677307,,0.5714285969734192,,,8.0,-0.01394642237573862,0.0,0.7693198919296265,0,56.0,0.08669358491897583,-2.4748666286468506,0.17149168744435378,0.21428571428571427,0.3076581656932831,-0.015165524557232857,,69517.5,,,494,54,-0.03798473998904228,1,0.3076581656932831,0.038227296691262895,0.625,,0.109375,302.24691009521484,,28994,0.11636458337306976,0.001164119690656662,1.0,278070,274.58667106181383,928,-0.044624634087085724,8.0,0,,56.0,0.5714285969734192,0.008157673291862011,-0.03798473998904228,0.00031176892479942397,2.6095507964491844,0,,,10.629864390939474,0.4464285671710968,,16370.441257019,2.40517021715641,0.935412585735321,102.876953125,0.625,1,0.0,,,8.0,,,36,8.0,0.001,274.58667106181383,66.30961513519287,258.70187686756253,,0.008649513493567844,,0,,0,0.0,1e-06,0,,64,,1.0,,,,8.0,0.08090458810329437,,69515,,0.625,,6iuti28h,LUFFY / logprob / sampling=random,True,random
55,1768015055.5961752,,,0,4371.703125,0.7162272930145264,275,0.16121071577072144,1.0,0.4642857142857143,,0.9994849101984984,,56708,,-0.040176404640078545,254.90917479056452,12769,,,0.01040069479495287,1,,1,0.0033773118630051613,,0.42943310737609863,,0.875,1.0,0,,0.38374267891049385,0.015625,75917,373.0,1.0,-2.4748666286468506,,0.59375,2.1331043243408203,,2.4748666286468506,106032,0.11180183291435242,,0.5357142686843872,,,8.0,-0.019324321299791336,0.0,1.1953696012496948,0,56.0,0.09440510720014572,-2.4748666286468506,0.17879447038837057,0.3553526561095071,0.38075771927833557,0.3435662742704153,,75915.25,,,694,55,-0.029217571020126343,1,0.38075771927833557,0.03924055596844677,0.59375,,0.109375,302.3333206176758,,49324,0.10897509753704071,0.006165128201246262,1.0,303661,297.812936950475,454,-0.04208798706531525,8.0,0,,56.0,0.5357142686843872,0.01040069479495287,-0.029217571020126343,0.00031088979882219227,3.131436098366976,0,,,11.915826465934515,0.4107142984867096,,16608.693327243,2.8262061402201653,2.4748666286468506,102.876953125,0.59375,1,0.0,,,8.0,,,33,8.0,0.001,297.812936950475,66.30961513519287,279.64488353952765,,0.009307109375982314,,0,,0,0.0,1e-06,0,,64,,1.0,,,,8.0,0.0991077572107315,,75913,,0.59375,,6iuti28h,LUFFY / logprob / sampling=random,True,random
56,1768015293.8482277,,,0,4734.3125,0.34521201252937317,275,0.1707877553999424,1.0,0.5714285714285714,,0.731622246446357,,35801,,0.0,343.2083007291853,13062,,,0.009630490094423294,1,,1,0.003305092453956604,,0.43191659450531006,,0.875,1.0,0,,0.09991405159235,0.015625,81773,375.953125,1.0,-1.6201815605163574,,0.5,2.194915771484375,,1.6201815605163574,112895,0.11226915568113327,,0.4285714328289032,,,8.0,-0.025286326184868813,0.0,1.0070009231567383,0,56.0,0.09820178151130676,-1.6201815605163574,0.2160080349216221,0.2672612419124244,0.4203304648399353,0.09991405159235,,81764.25,,,733,56,-0.0426691509783268,1,0.4203304648399353,0.03276857146969103,0.5,,0.109375,302.89348220825195,,77094,0.1092735156416893,0.0023266002535820007,1.0,327057,238.23505965992808,654,-0.05287628620862961,8.0,0,,56.0,0.4285714328289032,0.009630490094423294,-0.0426691509783268,0.0003002589197335839,2.8907801508903503,0,,,10.71719067916274,0.3035714328289032,,16865.151788227,2.655177716165781,1.6201815605163574,102.876953125,0.5,1,0.0,,,8.0,,,29,8.0,0.001,238.23505965992808,66.30961513519287,221.67861418426037,,0.00811839439659075,,0,,0,0.0,1e-06,0,,64,,1.0,,,,8.0,0.11960955709218979,,81754,,0.5,,6iuti28h,LUFFY / logprob / sampling=random,True,random
57,1768015550.3067536,,,0,3504.5625,1.1933642625808716,275,0.13684430718421936,1.0,0.37500000000000006,,1.071805373835934,,38005,,-0.12163511477410793,240.83071163087868,10467,,,0.00899274181574583,1,,1,0.0028705368749797344,,0.44236454367637634,,1.0,1.0,0,,0.042938483878970146,0.015625,61765,355.390625,1.0,-2.4748666286468506,,0.671875,2.6478731632232666,,1.6201815605163574,85534,0.11610294133424759,,0.625,,,8.0,-0.014399347826838493,0.0,0.836219310760498,0,56.0,0.08914671093225479,-2.4748666286468506,0.15700546110458546,0.25691954589175287,0.34967201948165894,-0.07869663089513779,,61759.25,,,512,57,-0.0532379187643528,1,0.34967201948165894,0.04314482270576616,0.671875,,0.109375,303.0044059753418,,47529,0.11398345977067947,0.0033921152353286743,1.0,247037,256.44258401170373,389,-0.06130916252732277,8.0,0,,56.0,0.625,0.00899274181574583,-0.0532379187643528,0.0003608638015044499,2.6201864033937454,0,,,10.658367566764355,0.625,,17134.833786696,2.515675887465477,1.6201815605163574,102.876953125,0.671875,1,0.0,,,8.0,,,39,8.0,0.001,256.44258401170373,66.30961513519287,240.39737090840936,,0.010183397173158179,,0,,0,0.0,1e-06,0,,64,,1.0,,,,8.0,0.08734013140201569,,61752,,0.671875,,6iuti28h,LUFFY / logprob / sampling=random,True,random
58,1768015819.9887307,,,0,3954.375,0.40140005946159363,275,0.1530468501150608,1.0,0.44897959183673475,,1.000505038458334,,46565,,-0.1524480413645506,254.5977012815989,10961,,,0.005492334254086018,1,,1,0.0019006519578397274,,0.4543844759464264,,1.0,1.0,0,,0.05694222263991833,0.015625,68661,336.6875,1.0,-2.4748666286468506,,0.53125,2.111575126647949,,1.6201815605163574,89341,0.1227680966258049,,0.4736842215061188,,,7.0,-0.02112097106873989,0.0,0.8351861238479614,0,57.0,0.09549099206924438,-2.4748666286468506,0.16874922938494105,0.2581451151157861,0.3322254419326782,-0.09550581872463226,,68657.0,,,466,58,-0.049796149134635925,1,0.3322254419326782,0.039804955501906054,0.53125,,0.109375,303.3061180114746,,42776,0.1216113418340683,0.002172674983739853,1.0,274628,269.66857773810625,577,-0.054683610796928406,7.0,0,,57.0,0.4736842215061188,0.005492334254086018,-0.049796149134635925,0.00034771032840513126,2.7628910653293133,0,,,10.931555319577456,0.4736842215061188,,17482.854051464,2.497017979621887,1.6201815605163574,102.876953125,0.53125,1,0.0,,,7.0,,,32,7.0,0.001,269.66857773810625,66.30961513519287,253.20781513303518,,0.009092364870376972,,0,,0,1.0,1e-06,0,,64,,1.0,,,,7.0,0.08638708293437958,,68649,,0.53125,,6iuti28h,LUFFY / logprob / sampling=random,True,random
59,1768016168.0090387,,,0,5646.578125,0.2335948348045349,275,0.18395612761378288,1.0,0.5892857142857143,,0.9058594892546362,,63620,,-0.07185385935008526,279.97567473294987,14048,,,0.006643957458436489,1,,1,0.002542225643992424,,0.37142616510391235,,1.0,1.0,0,,0.15614581853151321,0.015625,97443,443.0,1.0,-1.6201815605163574,,0.484375,3.0048067569732666,,2.4748666286468506,138784,0.0835806205868721,,0.4107142984867096,,,8.0,-0.019293978810310364,0.0,1.102080225944519,0,56.0,0.10353491455316544,-1.6201815605163574,0.20331205513088463,0.2806470293839592,0.3087546229362488,0.08429195918142796,,97433.25,,,709,59,-0.029817849397659302,1,0.3087546229362488,0.034887244398459874,0.484375,,0.109375,303.46488189697266,,75164,0.08207456767559052,0.0015743747353553772,1.0,389733,348.00612622126937,962,-0.037388432770967484,8.0,0,,56.0,0.4107142984867096,0.006643957458436489,-0.029817849397659302,0.000265656012072792,3.483691282570362,0,,,13.596710421144962,0.4107142984867096,,17653.771515876,3.256034445017576,2.4748666286468506,102.876953125,0.484375,1,0.0,,,8.0,,,26,8.0,0.001,348.00612622126937,66.30961513519287,327.3604080863297,,0.008354525906242418,,0,,0,0.0,1e-06,0,,64,,1.0,,,,8.0,0.09861060231924057,,97424,,0.484375,,6iuti28h,LUFFY / logprob / sampling=random,True,random
60,1768016338.9264133,,,0,4071.9375,0.2889626622200012,275,0.16401438787579536,1.0,0.4693877551020408,,0.5865926775962448,,36196,,-0.06861434131860733,413.9944247251382,12765,,,0.008457276038825512,1,,1,0.002558506792411208,,0.42717838287353516,,1.0,1.0,0,,0.1290186569094658,0.015625,70881,350.140625,1.0,-2.4748666286468506,,0.53125,3.496159791946411,,2.4748666286468506,128376,0.11128544062376022,,0.4736842215061188,,,7.0,-0.01808248832821846,0.0,0.9251189231872559,0,57.0,0.09314541518688202,-2.4748666286468506,0.16320605405595737,0.24994793293705897,0.4087817072868347,0.06040431559085846,,70753.25,,,695,60,-0.034303031861782074,1,0.4087817072868347,0.042387886883083106,0.53125,,0.125,304.19713973999023,,92180,0.10874797403812408,0.0018679983913898468,1.0,283013,170.90387158468366,532,-0.042486339807510376,7.0,0,,57.0,0.4736842215061188,0.008457276038825512,-0.034303031861782074,0.00032912062409458934,2.98796796053648,0,,,11.996323030442,0.4736842215061188,,17910.855668743,2.7734270729124546,2.4748666286468506,102.876953125,0.53125,1,0.0,,,7.0,,,31,7.0,0.001,170.90387158468366,66.30961513519287,152.86839815229177,,0.009799645503607448,,0,,0,1.0,1e-06,0,,64,,1.0,,,,7.0,0.12035109102725983,,70457,,0.53125,,6iuti28h,LUFFY / logprob / sampling=random,True,random
61,1768016596.01051,,,0,4310.859375,0.9655719995498657,275,0.1504247486591339,1.0,0.6607142857142858,,0.8779059466396592,,67346,,-0.262380201369524,289.29923895125035,10724,,,0.015469653531908989,1,,1,0.00590991647914052,,0.4413543939590454,,1.0,1.0,0,,0.17016490548849106,0.015625,74377,337.234375,1.0,-1.6201815605163574,,0.421875,2.1339941024780273,,2.4748666286468506,83583,0.12142874300479889,,0.3392857015132904,,,8.0,-0.025778496637940407,0.0,1.643181324005127,0,56.0,0.09241246432065964,-1.6201815605163574,0.20123321834141,0.26666400934050144,0.4403197467327118,-0.09221529588103294,,74369.5,,,560,61,-0.01815810799598694,1,0.4403197467327118,0.032996451756866815,0.421875,,0.109375,304.4033432006836,,16237,0.11641810089349747,0.003348618745803833,1.0,297478,257.06773467361927,469,-0.044262271374464035,8.0,0,,56.0,0.3392857015132904,0.015469653531908989,-0.01815810799598694,0.0003106531048368607,2.4780525974929333,0,,,9.815718475729227,0.3392857015132904,,18153.742726678,2.298928964883089,2.4748666286468506,102.876953125,0.421875,1,0.0,,,8.0,,,22,8.0,0.001,257.06773467361927,66.30961513519287,242.20986114814878,,0.0077280638060061215,,0,,0,0.0,1e-06,0,,64,,1.0,,,,8.0,0.22137075662612915,,74361,,0.421875,,6iuti28h,LUFFY / logprob / sampling=random,True,random
62,1768016838.897582,,,0,4066.140625,0.3044642210006714,275,0.15902622789144516,1.0,0.625,,0.8770004471265319,,59211,,-0.12176278606057167,288.72210403171283,12231,,,0.014310252852737904,1,,1,0.004581693094223738,,0.452096551656723,,1.0,1.0,0,,0.19900795258581638,0.015625,70149,316.5625,1.0,-1.6201815605163574,,0.453125,2.808737277984619,,2.4748666286468506,78607,0.1253727525472641,,0.375,,,8.0,-0.0342392697930336,0.0,1.4344414472579956,0,56.0,0.098538339138031,-1.6201815605163574,0.19403716165693138,0.21354037041252497,0.4552302956581116,0.07724516652524471,,70123.25,,,469,62,-0.05353379249572754,1,0.4552302956581116,0.03410568965143375,0.453125,,0.109375,304.2881546020508,,19396,0.12058388441801071,0.005084294825792313,1.0,280493,242.87454621866345,667,-0.0751362219452858,8.0,0,,56.0,0.375,0.014310252852737904,-0.05353379249572754,0.0003513040936423761,2.4549163840711117,0,,,9.566407207399607,0.375,,18426.93434625,2.330608144402504,2.4748666286468506,102.876953125,0.453125,1,0.0,,,8.0,,,23,8.0,0.001,242.87454621866345,66.30961513519287,228.2244573570788,,0.008308970792149907,,0,,0,0.0,1e-06,0,,64,,1.0,,,,8.0,0.18695013225078583,,70098,,0.453125,,6iuti28h,LUFFY / logprob / sampling=random,True,random
63,1768017112.0893352,,,0,3802.140625,0.6973499059677124,275,0.14110004901885986,1.0,0.3392857142857143,,1.059769257703651,,33593,,-0.04116860032081604,245.34323264008125,10664,,,0.008658773265779018,1,,1,0.002928471425548196,,0.3829367458820343,,0.75,1.0,0,,-0.02814788557589054,0.015625,67025,386.78125,1.0,-2.4748666286468506,,0.703125,2.9910550117492676,,1.6201815605163574,107513,0.08949004858732224,,0.6607142686843872,,,8.0,-0.0046538421884179115,0.0,0.7510156035423279,0,56.0,0.08609818294644356,-2.4748666286468506,0.183094259946531,0.27606472917393404,0.3468632996082306,-0.06931648589670658,,67022.75,,,578,63,-0.022797126322984695,1,0.3468632996082306,0.037426176763582335,0.703125,,0.109375,304.8982048034668,,73920,0.08724204450845718,0.002058945596218109,1.0,268091,273.17953415215015,520,-0.029555916786193848,8.0,0,,56.0,0.6607142686843872,0.008658773265779018,-0.022797126322984695,0.0003211528285039168,2.5852644108235836,0,,,10.033621154725552,0.4107142984867096,,18662.189731535,2.4342867769300938,1.6201815605163574,102.876953125,0.703125,1,0.0,,,8.0,,,42,8.0,0.001,273.17953415215015,66.30961513519287,257.88107186183333,,0.009080076455121931,,0,,0,0.0,1e-06,0,,64,,1.0,,,,8.0,0.05381915718317032,,67018,,0.703125,,6iuti28h,LUFFY / logprob / sampling=random,True,random
64,1768017347.3434896,,,0,3391.140625,0.8296622037887573,275,0.1340055949985981,1.0,0.375,,1.0141865846599742,,26282,,-0.08870254270732403,253.7421595546142,9830,,,0.013421921990811825,1,,1,0.004386202432215214,,0.4227650761604309,,1.0,1.0,0,,-0.03509536199271679,0.015625,59692,339.203125,1.0,-2.4748666286468506,,0.671875,2.8738255500793457,,1.6201815605163574,99821,0.10803385078907013,,0.625,,,8.0,-0.009768672287464142,0.0,0.6898093819618225,0,56.0,0.08752991259098053,-2.4748666286468506,0.16149432725483093,0.25691954589175287,0.3853793144226074,-0.12379790470004082,,59685.5,,,547,64,-0.03242265060544014,1,0.3853793144226074,0.0415054417133547,0.671875,,0.109375,304.8458061218262,,73539,0.10426070541143417,0.0019356757402420044,1.0,238742,235.22106103599072,452,-0.04224827140569687,8.0,0,,56.0,0.625,0.013421921990811825,-0.03242265060544014,0.00036662971991095213,2.489208858460188,0,,,9.909092165529728,0.625,,18938.103929816,2.4668796062469482,1.6201815605163574,102.876953125,0.671875,1,0.0,,,8.0,,,40,8.0,0.001,235.22106103599072,66.30961513519287,220.1119570285082,,0.010332826256992687,,0,,0,0.0,1e-06,0,,64,,1.0,,,,8.0,0.07946503907442093,,59675,,0.671875,,6iuti28h,LUFFY / logprob / sampling=random,True,random
65,1768017623.2588427,,,0,4019.3125,0.490403950214386,275,0.1647600643336773,1.0,0.4464285714285714,,1.0066557717655764,,49422,,-0.03068525530397892,254.3163392500392,12223,,,0.00920944195240736,1,,1,0.0028658737428486347,,0.3809114396572113,,0.75,1.0,0,,0.1454553958028555,0.015625,70180,366.109375,1.0,-2.4748666286468506,,0.609375,2.802438497543335,,2.4748666286468506,90308,0.09194797277450562,,0.5535714030265808,,,8.0,-0.012465451844036579,0.0,1.2240636348724365,0,56.0,0.08784747496247292,-2.4748666286468506,0.17766330988262205,0.4068137767819471,0.3592504560947418,0.11477014049887657,,70166.75,,,693,65,-0.014751876704394817,1,0.3592504560947418,0.03877969087566515,0.609375,,0.109375,305.4139862060547,,40886,0.08946339040994644,0.0022884197533130646,1.0,280667,275.90342880412936,502,-0.02626672387123108,8.0,0,,56.0,0.5535714030265808,0.00920944195240736,-0.014751876704394817,0.0003129953822945801,3.0963208004832268,0,,,10.884179499000311,0.3035714328289032,,19132.091906681,2.701848391443491,2.4748666286468506,102.876953125,0.609375,1,0.0,,,8.0,,,35,8.0,0.001,275.90342880412936,66.30961513519287,258.9481041058898,,0.009626526778864246,,0,,0,0.0,1e-06,0,,64,,1.0,,,,8.0,0.09824707359075546,,70148,,0.609375,,6iuti28h,LUFFY / logprob / sampling=random,True,random
66,1768017817.2463531,,,0,4154.640625,0.6265963315963745,275,0.15166645497083664,1.0,0.4464285714285714,,0.6684613073893724,,50610,,-0.06861433386802673,373.8632674915044,9535,,,0.009199051186442375,1,,1,0.003790038637816906,,0.3927600085735321,,0.875,1.0,0,,0.3071127198636532,0.015625,72532,377.8125,1.0,-1.6201815605163574,,0.609375,3.237920045852661,,1.6201815605163574,98397,0.09354226291179657,,0.5535714030265808,,,8.0,-0.010801373980939388,0.0,0.8414010405540466,0,56.0,0.08431227132678032,-1.6201815605163574,0.18216411527458895,0.2519059996368908,0.36219435930252075,0.23849838599562645,,72519.25,,,549,66,-0.02672605775296688,1,0.36219435930252075,0.03667305726093781,0.609375,,0.109375,305.80733489990234,,47787,0.0910479724407196,0.0019066184759140015,1.0,290077,193.97265338897705,649,-0.03478614613413811,8.0,0,,56.0,0.5535714030265808,0.009199051186442375,-0.02672605775296688,0.0002906547962326566,2.7654165662825108,0,,,10.638010431081057,0.4285714328289032,,19385.759082161,2.5722446627914906,1.6201815605163574,102.876953125,0.609375,1,0.0,,,8.0,,,36,8.0,0.001,193.97265338897705,66.30961513519287,177.74185625091195,,0.008867454719924332,,0,,0,0.0,1e-06,0,,64,,1.0,,,,8.0,0.08369474112987518,,72512,,0.609375,,6iuti28h,LUFFY / logprob / sampling=random,True,random
67,1768018070.9139767,,,0,4249.640625,0.455308198928833,275,0.15365705266594887,1.0,0.6964285714285714,,0.8837610302970792,,31418,,0.0,288.0467118188489,9057,,,0.012813583947718143,1,,1,0.005745818838477135,,0.4180586636066437,,1.0,1.0,0,,0.027882400900125504,0.015625,73065,316.890625,1.0,-2.4748666286468506,,0.390625,2.713916063308716,,2.4748666286468506,108244,0.10628240555524826,,0.3035714328289032,,,8.0,-0.015939196571707726,0.0,1.9220613241195679,0,56.0,0.0881902351975441,-2.4748666286468506,0.22308273478217808,0.33071891388307384,0.3889092803001404,0.027882400900125504,,73064.5,,,420,67,-0.006335738580673933,1,0.3889092803001404,0.02974246003254329,0.390625,,0.109375,305.8830223083496,,76826,0.10261393338441849,0.001942172646522522,1.0,292258,253.6550392769277,567,-0.031366147100925446,8.0,0,,56.0,0.3035714328289032,0.012813583947718143,-0.006335738580673933,0.0003017547345069907,2.2602770142257214,0,,,8.692471884191036,0.3035714328289032,,19723.871293229,2.0672530233860016,2.4748666286468506,102.876953125,0.390625,1,0.0,,,8.0,,,19,8.0,0.001,253.6550392769277,66.30961513519287,240.3626737371087,,0.0070733838710522945,,0,,0,0.0,1e-06,0,,64,,1.0,,,,8.0,0.2118365615606308,,73064,,0.390625,,6iuti28h,LUFFY / logprob / sampling=random,True,random
68,1768018409.0262587,,,0,5737.0,1.5872814655303955,275,0.17546968162059784,1.0,0.4523809523809524,,0.8598787205448644,,61832,,-0.12176278233528137,291.28585991874866,12988,,,0.005479780491441488,1,,1,0.0022911960259079933,,0.3340548574924469,,0.8333333134651184,1.0,0,,0.08974502235651016,0.015625,98498,418.171875,1.0,-2.4748666286468506,,0.453125,2.4841067790985107,,1.6201815605163574,148208,0.06967155635356903,,0.3965517282485962,,,6.0,-0.005340611096471548,0.0,0.9186209440231323,0,58.0,0.09727426618337631,-2.4748666286468506,0.19809822744128272,0.30210898905832195,0.3404240012168884,-0.03201775997877121,,98482.75,,,733,68,-0.01015336811542511,1,0.3404240012168884,0.037700836756149686,0.453125,,0.125,306.32532119750977,,86376,0.06817971915006638,0.00708465650677681,1.0,393931,338.0965695604682,454,-0.015270891599357128,6.0,0,,58.0,0.3965517282485962,0.005479780491441488,-0.01015336811542511,0.0002469322449448668,3.7008507885038853,0,,,14.851528324186802,0.27586206793785095,,19887.89911921,3.517561923712492,1.6201815605163574,102.876953125,0.453125,1,0.0,,,6.0,,,28,6.0,0.001,338.0965695604682,66.30961513519287,315.71995006501675,,0.008929385917108559,,0,,0,2.0,1e-06,0,,64,,1.0,,,,6.0,0.06934496760368347,,98469,,0.453125,,6iuti28h,LUFFY / logprob / sampling=random,True,random
69,1768018573.053949,,,0,3822.03125,0.6993651986122131,275,0.14586271345615387,1.0,0.5178571428571429,,0.6069884310319961,,32741,,-0.17130267061293125,404.7677551947762,8631,,,0.012685499154031277,1,,1,0.005325027275830507,,0.4152413010597229,,0.875,1.0,0,,-0.005496148020029068,0.015625,66395,327.0625,1.0,-1.6201815605163574,,0.546875,2.69506573677063,,2.4748666286468506,122085,0.1020813137292862,,0.4821428656578064,,,8.0,-0.01610436476767063,0.0,1.1870973110198975,0,56.0,0.09257020056247711,-1.6201815605163574,0.17819135964669355,0.31083741402730736,0.42853018641471863,-0.17679881863296032,,66385.5,,,474,69,-0.018204009160399437,1,0.42853018641471863,0.037782030568938585,0.546875,,0.109375,306.4836120605469,,89344,0.09788693487644196,0.0030183009803295135,1.0,265542,164.0088647082448,334,-0.03369031101465225,8.0,0,,56.0,0.4821428656578064,0.012685499154031277,-0.018204009160399437,0.000348608508493862,2.7240340560674667,0,,,10.03271596133709,0.3571428656578064,,20236.260361611,2.5143141075968742,2.4748666286468506,102.876953125,0.546875,1,0.0,,,8.0,,,30,8.0,0.001,164.0088647082448,66.30961513519287,148.47544011473656,,0.00946861177364362,,0,,0,0.0,1e-06,0,,64,,1.0,,,,8.0,0.12317175418138504,,66372,,0.546875,,6iuti28h,LUFFY / logprob / sampling=random,True,random
70,1768018921.415186,,,0,5817.921875,0.33572492003440857,275,0.1748526729643345,1.0,0.6607142857142858,,0.8816957003945318,,74681,,-0.21381855010986328,286.3286185870029,9849,,,0.006174348294734955,1,,1,0.0034510400146245956,,0.33777353167533875,,0.875,1.0,0,,0.3613173570483923,0.015625,99757,415.984375,1.0,-0.935412585735321,,0.421875,2.907369375228882,,2.4748666286468506,127228,0.06932444870471954,,0.3392857015132904,,,8.0,-0.009056673385202885,0.0,1.2928636074066162,0,56.0,0.09680883958935738,-0.935412585735321,0.21366805085938861,0.27606472917393404,0.37548738718032837,0.14749880693852901,,99742.5,,,560,70,-0.01269588340073824,1,0.37548738718032837,0.03320045728504136,0.421875,,0.109375,307.00846099853516,,52547,0.06742234528064728,0.0014670677483081818,1.0,398970,348.34974056109786,479,-0.020806943997740746,8.0,0,,56.0,0.3392857015132904,0.006174348294734955,-0.01269588340073824,0.00024264691477894924,3.374865595251322,0,,,13.245986443012953,0.2142857164144516,,20551.48750784,3.139055348932743,2.4748666286468506,102.876953125,0.421875,1,0.0,,,8.0,,,22,8.0,0.001,348.34974056109786,66.30961513519287,328.29674895480275,,0.007867898210223183,,0,,0,0.0,1e-06,0,,64,,1.0,,,,8.0,0.09990493953227997,,99719,,0.421875,,6iuti28h,LUFFY / logprob / sampling=random,True,random
71,1768019236.642433,,,0,4419.125,0.512785792350769,275,0.1906716451048851,1.0,0.41071428571428575,,1.042276420601405,,69587,,-0.0992995984852314,245.05564690287952,13815,,,0.008075693622231483,1,,1,0.002457140013575554,,0.3618015944957733,,1.0,1.0,0,,0.12348344549536705,0.015625,77260,408.546875,1.0,-2.4748666286468506,,0.640625,4.308850288391113,,1.6201815605163574,92366,0.07810026407241821,,0.5892857313156128,,,8.0,-0.006040900945663452,0.0,0.6791571974754333,0,56.0,0.10028772428631783,-2.4748666286468506,0.16043244859668734,0.23076514255928726,0.36817142367362976,0.02418384701013565,,77242.75,,,709,71,-0.022074272856116295,1,0.36817142367362976,0.04317955163685891,0.640625,,0.109375,307.2617988586426,,22779,0.07573866099119186,0.0036674030125141144,1.0,308971,315.2049380466342,506,-0.027783311903476715,8.0,0,,56.0,0.5892857313156128,0.008075693622231483,-0.022074272856116295,0.0003245862048098942,3.579619836062193,0,,,13.341229248791933,0.5892857313156128,,20812.529743205,3.1807595416903496,1.6201815605163574,102.876953125,0.640625,1,0.0,,,8.0,,,35,8.0,0.001,315.2049380466342,66.30961513519287,294.7807863801718,,0.010294686367621394,,0,,0,0.0,1e-06,0,,64,,1.0,,,,8.0,0.08694163709878922,,77227,,0.640625,,6iuti28h,LUFFY / logprob / sampling=random,True,random
72,1768019497.6846273,,,0,3151.84375,0.7002830505371094,275,0.1316736899316311,1.0,0.3035714285714286,,1.224044345473736,,19846,,-0.12274102121591568,215.311377328915,9110,,,0.010822039097547531,1,,1,0.0035523197147995234,,0.3863517642021179,,0.875,1.0,0,,0.16386385448276997,0.015625,56210,360.75,1.0,-2.4748666286468506,,0.734375,4.862545013427734,,1.6201815605163574,98235,0.08663560450077057,,0.6964285969734192,,,8.0,-0.0033853354398161173,0.0,0.6178786158561707,0,56.0,0.08074910566210747,-2.4748666286468506,0.16131856667969213,0.24156695104408363,0.2959250509738922,0.041122833266854286,,56201.5,,,492,72,-0.024617794901132584,1,0.2959250509738922,0.04143662097221747,0.734375,,0.109375,307.72932052612305,,78389,0.08434589207172394,0.002972915768623352,1.0,224806,261.0242928043008,396,-0.03164698928594589,8.0,0,,56.0,0.6964285969734192,0.010822039097547531,-0.024617794901132584,0.00035919461963696464,2.3393538407981396,0,,,9.31520101428032,0.5714285969734192,,20969.111737612,2.2219209745526314,1.6201815605163574,102.876953125,0.734375,1,0.0,,,8.0,,,45,8.0,0.001,261.0242928043008,66.30961513519287,246.91177728027105,,0.009883726299799077,,0,,0,0.0,1e-06,0,,64,,1.0,,,,8.0,0.05788898095488548,,56194,,0.734375,,6iuti28h,LUFFY / logprob / sampling=random,True,random
73,1768019654.2667003,,,0,3577.453125,0.7135146260261536,275,0.11899429187178612,1.0,0.5535714285714286,,0.6289148824133202,,36498,,-0.09929958917200565,396.75920145028454,7251,,,0.012701074592769146,1,,1,0.005986495409160852,,0.419989675283432,,1.0,1.0,0,,0.14901886507868767,0.015625,62129,305.078125,1.0,-2.4748666286468506,,0.515625,5.052318572998047,,2.4748666286468506,92172,0.1082577034831047,,0.4464285671710968,,,8.0,-0.01650880090892315,0.0,1.3142335414886475,0,56.0,0.08192866295576096,-2.4748666286468506,0.20038095191102234,0.31491414443836424,0.41786086559295654,0.049719275906682014,,62120.5,,,339,73,-0.01894984394311905,1,0.41786086559295654,0.03323447011100132,0.515625,,0.109375,307.9830627441406,,55674,0.10427480936050415,0.0013889297842979431,1.0,248482,156.56977777183056,411,-0.036100536584854126,8.0,0,,56.0,0.4464285671710968,0.012701074592769146,-0.01894984394311905,0.0003297166915742829,2.092500925064087,0,,,8.25816760212183,0.4464285671710968,,21290.777596405,2.007143724709749,2.4748666286468506,102.876953125,0.515625,1,0.0,,,8.0,,,27,8.0,0.001,156.56977777183056,66.30961513519287,143.99446473270655,,0.008077622220964694,,0,,0,0.0,1e-06,0,,64,,1.0,,,,8.0,0.1435258537530899,,62110,,0.515625,,6iuti28h,LUFFY / logprob / sampling=random,True,random
74,1768019975.932538,,,0,4523.78125,0.5768720507621765,275,0.1646193042397499,1.0,0.3928571428571429,,1.0524413483669441,,67550,,0.0,245.2782924663392,12724,,,0.009667659178376198,1,,1,0.0032489693257957697,,0.3439900875091553,,0.625,1.0,0,,0.046111369505524635,0.015625,78917,407.015625,1.0,-2.4748666286468506,,0.65625,2.5277347564697266,,2.4748666286468506,98416,0.07107692956924438,,0.6071428656578064,,,8.0,-0.007959095761179924,0.0,1.1646004915237427,0,56.0,0.0897221527993679,-2.4748666286468506,0.2026800255431344,0.37627334831616926,0.35307177901268005,0.046111369505524635,,78892.75,,,737,74,-0.007830541580915451,1,0.35307177901268005,0.035150135381404206,0.65625,,0.109375,308.39501190185547,,30866,0.06832408905029297,0.0017558522522449493,1.0,315571,321.64587092772126,467,-0.019275855273008347,8.0,0,,56.0,0.6071428656578064,0.009667659178376198,-0.007830541580915451,0.0002843168504056707,2.8839217238128185,0,,,11.092363372445107,0.2321428507566452,,21743.736816839,2.6751513555645943,2.4748666286468506,102.876953125,0.65625,1,0.0,,,8.0,,,39,8.0,0.001,321.64587092772126,66.30961513519287,304.7049240618944,,0.008477177419866193,,0,,0,0.0,1e-06,0,,64,,1.0,,,,8.0,0.06199946254491806,,78877,,0.65625,,6iuti28h,LUFFY / logprob / sampling=random,True,random
75,1768020428.8917265,,,0,6249.0,0.27087923884391785,275,0.1848803609609604,1.0,0.6785714285714286,,1.0771721144394457,,86133,,-0.03068525344133377,236.50620598766284,12807,,,0.00621349411085248,1,,1,0.0028672371990978718,,0.2997070848941803,,1.0,1.0,0,,0.18977451510727406,0.015625,107134,446.28125,1.0,-1.6201815605163574,,0.40625,3.8302299976348877,,2.4748666286468506,122743,0.057105470448732376,,0.3214285671710968,,,8.0,-0.009914406575262547,0.0,1.5345743894577026,0,56.0,0.10025981068611145,-1.6201815605163574,0.21356113981715588,0.2834733547569205,0.3628060221672058,0.15908926166594028,,107124.5,,,735,75,-0.010699741542339325,1,0.3628060221672058,0.034271437082171737,0.40625,,0.109375,309.06964111328125,,36610,0.055194128304719925,0.0038120895624160767,1.0,428498,452.9458309672773,608,-0.02036132477223873,8.0,0,,56.0,0.3214285671710968,0.00621349411085248,-0.010699741542339325,0.00023397964678040844,3.6713901311159134,0,,,14.685242246836424,0.3214285671710968,,22088.948049259,3.480771277099848,2.4748666286468506,102.876953125,0.40625,1,0.0,,,8.0,,,21,8.0,0.001,452.9458309672773,66.30961513519287,430.7999067604542,,0.00812319142002961,,0,,0,0.0,1e-06,0,,64,,1.0,,,,8.0,0.11270361393690109,,107117,,0.40625,,6iuti28h,LUFFY / logprob / sampling=random,True,random
76,1768020774.103015,,,0,5443.375,0.5272995233535767,275,0.1599770039319992,1.0,0.6428571428571429,,0.9387405049424947,,51666,,-0.18411152809858322,270.8929004684563,10262,,,0.006659471429884434,1,,1,0.0033453304786235094,,0.3275124430656433,,0.875,1.0,0,,0.14163606986403465,0.015625,93518,401.109375,1.0,-0.935412585735321,,0.4375,2.556987762451172,,1.6201815605163574,122958,0.06782175600528717,,0.3571428656578064,,,8.0,-0.01167296152561903,0.0,1.3099265098571777,0,56.0,0.08804964646697044,-0.935412585735321,0.21892181482517065,0.2766416675862441,0.3240417242050171,-0.04247545823454857,,93511.75,,,574,76,-0.015035166405141354,1,0.3240417242050171,0.03195690393322626,0.4375,,0.109375,309.22857666015625,,71292,0.06610403209924698,0.0027603283524513245,1.0,374047,345.19823088124394,583,-0.02391786314547062,8.0,0,,56.0,0.3571428656578064,0.006659471429884434,-0.015035166405141354,0.00023539728020000278,3.044779200106859,0,,,11.953384045511484,0.2321428507566452,,22331.414566068,2.892323672771454,1.6201815605163574,102.876953125,0.4375,1,0.0,,,8.0,,,23,8.0,0.001,345.19823088124394,66.30961513519287,327.03466214984655,,0.007732514023027732,,0,,0,0.0,1e-06,0,,64,,1.0,,,,8.0,0.09083440154790878,,93503,,0.4375,,6iuti28h,LUFFY / logprob / sampling=random,True,random
77,1768021016.5694637,,,0,5206.671875,0.8510191440582275,275,0.17267601564526558,1.0,0.5892857142857143,,0.6639749258809852,,60695,,-0.3012875020503998,370.27344215663373,12616,,,0.006533083971589804,1,,1,0.002552575897425413,,0.33570459485054016,,1.0,1.0,0,,-0.08399871550500393,0.015625,89788,404.171875,1.0,-2.4748666286468506,,0.484375,3.8805935382843018,,2.4748666286468506,111017,0.07094733417034149,,0.4107142984867096,,,8.0,-0.013737664557993412,0.0,1.2711820602416992,0,56.0,0.10285121947526932,-2.4748666286468506,0.17949865545922183,0.28959419178976525,0.41602131724357605,-0.3852862175554037,,89773.5,,,710,77,-0.015476689673960209,1,0.41602131724357605,0.03903703590884786,0.484375,,0.109375,309.56925201416016,,50322,0.0686781108379364,0.0017613209784030914,1.0,359094,242.45190116018057,491,-0.02393781766295433,8.0,0,,56.0,0.4107142984867096,0.006533083971589804,-0.015476689673960209,0.00028641865215032645,3.563609439879656,0,,,14.017965372651815,0.4107142984867096,,22658.527333064,3.319368466734886,2.4748666286468506,102.876953125,0.484375,1,0.0,,,8.0,,,25,8.0,0.001,242.45190116018057,66.30961513519287,221.25437262654305,,0.009243731353726005,,0,,0,0.0,1e-06,0,,64,,1.0,,,,8.0,0.11376134306192398,,89745,,0.484375,,6iuti28h,LUFFY / logprob / sampling=random,True,random
78,1768021343.682311,,,0,5480.265625,0.3199461102485657,275,0.17105836793780327,1.0,0.6428571428571429,,0.8734046887796685,,51443,,-0.08870254270732403,286.72716715005515,12626,,,0.007096485234797001,1,,1,0.0029107569716870785,,0.3319184482097626,,1.0,1.0,0,,0.2748492807149887,0.015625,93792,381.421875,1.0,-2.4748666286468506,,0.4375,3.301326036453247,,2.4748666286468506,141672,0.06807741522789001,,0.3571428656578064,,,8.0,-0.011757959611713886,0.0,1.1459846496582031,0,56.0,0.10665471479296684,-2.4748666286468506,0.19637390356936094,0.2766416675862441,0.361477255821228,0.18614673800766468,,93787.0,,,735,78,-0.014946091920137405,1,0.361477255821228,0.03665079557689557,0.4375,,0.109375,310.23362731933594,,90229,0.06598041206598282,0.003311600536108017,1.0,375148,327.09492069482803,571,-0.023243503645062447,8.0,0,,56.0,0.3571428656578064,0.007096485234797001,-0.014946091920137405,0.0002843003689023181,3.4913844875991344,0,,,13.74947265908122,0.3571428656578064,,22923.803234619,3.217074081301689,2.4748666286468506,102.876953125,0.4375,1,0.0,,,8.0,,,22,8.0,0.001,327.09492069482803,66.30961513519287,306.3353403285146,,0.008575479760792246,,0,,0,0.0,1e-06,0,,64,,1.0,,,,8.0,0.1153695285320282,,93783,,0.4375,,6iuti28h,LUFFY / logprob / sampling=random,True,random
79,1768021608.9581685,,,0,3626.9375,0.6668204069137573,275,0.12207809090614319,1.0,0.4285714285714286,,1.0771962946483018,,38447,,-0.17439297959208488,238.90922128207472,8141,,,0.010192828252911568,1,,1,0.004323830362409353,,0.38599520921707153,,0.875,1.0,0,,0.12953434884548187,0.015625,63381,333.953125,1.0,-1.6201815605163574,,0.625,3.8186395168304443,,1.6201815605163574,87335,0.0918206200003624,,0.5714285969734192,,,8.0,-0.00985155813395977,0.0,0.6301863789558411,0,56.0,0.08450818061828613,-1.6201815605163574,0.16965477099818552,0.22587697572631282,0.3611584007740021,-0.04485863074660301,,63374.25,,,409,79,-0.026861637830734253,1,0.3611584007740021,0.039634411134599916,0.625,,0.109375,310.01294326782227,,48888,0.08904702216386795,0.007266085594892502,1.0,253497,265.264980815351,457,-0.03362778201699257,8.0,0,,56.0,0.5714285969734192,0.010192828252911568,-0.026861637830734253,0.0003333695492186737,2.5768880173563957,0,,,10.047204319387674,0.4464285671710968,,23269.849239065,2.3528603352606297,1.6201815605163574,102.876953125,0.625,1,0.0,,,8.0,,,38,8.0,0.001,265.264980815351,66.30961513519287,250.04311269894242,,0.00928161017787441,,0,,0,0.0,1e-06,0,,64,,1.0,,,,8.0,0.08445578813552856,,63369,,0.625,,6iuti28h,LUFFY / logprob / sampling=random,True,random
80,1768021955.0041358,,,0,5462.40625,0.6970220804214478,275,0.16100509837269783,1.0,0.6326530612244898,,0.9371571303143837,,71163,,-0.07185385562479496,271.4384256982411,10155,,,0.004313575103878975,1,,1,0.00219594594091177,,0.3463859558105469,,1.0,1.0,0,,0.2325879316776991,0.015625,93935,407.96875,1.0,-1.6201815605163574,,0.4375,3.96065616607666,,2.4748666286468506,120702,0.07171284407377243,,0.3684210479259491,,,7.0,-0.010288516990840435,0.0,1.191550850868225,0,57.0,0.09987805411219597,-1.6201815605163574,0.21873224574885078,0.22725568827877643,0.34932103753089905,0.16073407605290413,,93926.0,,,575,80,-0.016943523660302162,1,0.34932103753089905,0.031668007795575215,0.4375,,0.109375,310.62889862060547,,49539,0.07051017880439758,0.003676328808069229,1.0,375704,346.0305951833725,576,-0.02217903919517994,7.0,0,,57.0,0.3684210479259491,0.004313575103878975,-0.016943523660302162,0.00026584240282827965,3.205534342676401,0,,,11.89779720082879,0.3684210479259491,,23593.414116421,3.0214397199451923,2.4748666286468506,102.876953125,0.4375,1,0.0,,,7.0,,,24,7.0,0.001,346.0305951833725,66.30961513519287,327.62450981512666,,0.008042074931183038,,0,,0,1.0,1e-06,0,,64,,1.0,,,,7.0,0.11597646772861481,,93922,,0.4375,,6iuti28h,LUFFY / logprob / sampling=random,True,random
81,1768022278.5690925,,,0,5095.0625,0.4231446385383606,275,0.17383304610848427,1.0,0.5535714285714286,,0.9322536793167506,,72384,,-0.08870254084467888,271.36479854460214,12956,,,0.008663412183523178,1,,1,0.0032304320484399796,,0.33163294196128845,,1.0,1.0,0,,0.3612963482737541,0.015625,87815,392.46875,1.0,-2.4748666286468506,,0.515625,4.189920425415039,,1.6201815605163574,113758,0.06980791687965393,,0.4464285671710968,,,8.0,-0.01094820536673069,0.0,0.8858232498168945,0,56.0,0.1075025126338005,-2.4748666286468506,0.19162585720976297,0.24156695104408363,0.33951058983802795,0.27259380742907524,,87800.5,,,708,81,-0.014647183008491993,1,0.33951058983802795,0.03650746601244892,0.515625,,0.109375,311.1228942871094,,41374,0.06745094805955887,0.0028777942061424255,1.0,351202,323.55154563486576,675,-0.022516503930091858,8.0,0,,56.0,0.4464285671710968,0.008663412183523178,-0.014647183008491993,0.00030609880534222616,3.327422570437193,0,,,12.821495078504086,0.4464285671710968,,23776.347092826,3.090255968272686,1.6201815605163574,102.876953125,0.515625,1,0.0,,,8.0,,,30,8.0,0.001,323.55154563486576,66.30961513519287,303.9930087663233,,0.008799084197335681,,0,,0,0.0,1e-06,0,,64,,1.0,,,,8.0,0.1051885262131691,,87780,,0.515625,,6iuti28h,LUFFY / logprob / sampling=random,True,random
82,1768022461.502061,,,0,4030.375,0.898740291595459,275,0.15744534879922867,1.0,0.5714285714285714,,0.6530924609618801,,63522,,-0.12500229477882385,382.1020135045134,10673,,,0.01237477920949459,1,,1,0.004440042655915022,,0.40762779116630554,,1.0,1.0,0,,0.16328810900449753,0.015625,69902,337.890625,1.0,-1.6201815605163574,,0.5,4.658625602722168,,1.6201815605163574,81252,0.09742056578397751,,0.4285714328289032,,,8.0,-0.014670955017209053,0.0,1.1279369592666626,0,56.0,0.12402752414345741,-1.6201815605163574,0.19581124370199227,0.2142857142857143,0.44104549288749695,0.038285814225673676,,69892.25,,,560,82,-0.01767858862876892,1,0.44104549288749695,0.03361921403397894,0.5,,0.109375,311.4007911682129,,17730,0.09311500936746597,0.00294693186879158,1.0,279569,182.91515754908323,789,-0.032032959163188934,8.0,0,,56.0,0.4285714328289032,0.01237477920949459,-0.01767858862876892,0.0004436383295124188,2.398998335003853,0,,,9.398890048265457,0.4285714328289032,,24107.513104934,2.3337463811039925,1.6201815605163574,102.876953125,0.5,1,0.0,,,8.0,,,29,8.0,0.001,182.91515754908323,66.30961513519287,168.4612817503512,,0.008347657934549226,,0,,0,0.0,1e-06,0,,64,,1.0,,,,8.0,0.16282083094120026,,69882,,0.5,,6iuti28h,LUFFY / logprob / sampling=random,True,random
83,1768022792.6680498,,,0,4990.875,0.511987566947937,275,0.16091331094503403,1.0,0.5357142857142857,,0.9750098226651238,,70169,,-0.09431704133749008,260.0696637695536,11253,,,0.008900618180632591,1,,1,0.0037780129350721836,,0.3290771543979645,,1.0,1.0,0,,0.21557543985545635,0.015625,86132,391.8125,1.0,-1.6201815605163574,,0.53125,4.698873996734619,,2.4748666286468506,100717,0.06797291338443756,,0.4642857015132904,,,8.0,-0.012775563634932041,0.0,1.2385027408599854,0,56.0,0.09467412531375885,-1.6201815605163574,0.18428138032774183,0.22303564279994278,0.3783903121948242,0.12125839851796627,,86123.0,,,505,83,-0.019343312829732895,1,0.3783903121948242,0.03780410673108165,0.53125,,0.109375,311.8030319213867,,30548,0.06518519669771194,0.0016458220779895782,1.0,344492,331.1535792052746,757,-0.030639460310339928,8.0,0,,56.0,0.4642857015132904,0.008900618180632591,-0.019343312829732895,0.0002748224205896185,3.330831576138735,0,,,13.02321233600378,0.4642857015132904,,24359.996835422,3.0878522731363773,2.4748666286468506,102.876953125,0.53125,1,0.0,,,8.0,,,29,8.0,0.001,331.1535792052746,66.30961513519287,311.4337375164032,,0.008963494865298403,,0,,0,0.0,1e-06,0,,64,,1.0,,,,8.0,0.09873371571302414,,86106,,0.53125,,6iuti28h,LUFFY / logprob / sampling=random,True,random
84,1768023045.1517913,,,0,3703.59375,0.5821473598480225,275,0.12438509613275528,1.0,0.41071428571428575,,1.0037135486373348,,57816,,0.0,255.11100555952783,9068,,,0.011736910790205002,1,,1,0.004572289064526558,,0.39754819869995117,,0.875,1.0,0,,0.07178723253309727,0.015625,64413,321.921875,1.0,-2.4748666286468506,,0.640625,4.165514945983887,,2.4748666286468506,79098,0.09236052632331848,,0.5892857313156128,,,8.0,-0.011129289865493774,0.0,0.9527996778488159,0,56.0,0.08426248282194138,-2.4748666286468506,0.17976567222899179,0.29827309086589404,0.31356045603752136,0.07178723253309727,,64408.25,,,439,84,-0.018038753420114517,1,0.31356045603752136,0.03721639306328441,0.640625,,0.109375,312.0353889465332,,21282,0.08973348140716553,0.002842094749212265,1.0,257633,252.47146769985557,435,-0.02956872060894966,8.0,0,,56.0,0.5892857313156128,0.011736910790205002,-0.018038753420114517,0.00032706401284750546,2.4311204589903355,0,,,9.588170994073153,0.4642857015132904,,24746.237270056,2.3140207938849926,2.4748666286468506,102.876953125,0.640625,1,0.0,,,8.0,,,38,8.0,0.001,252.47146769985557,66.30961513519287,237.91022243350744,,0.00898184935115064,,0,,0,0.0,1e-06,0,,64,,1.0,,,,8.0,0.0749843642115593,,64404,,0.640625,,6iuti28h,LUFFY / logprob / sampling=random,True,random
85,1768023431.3922024,,,0,5398.5625,0.1646469533443451,275,0.2020418420433998,1.0,0.5178571428571429,,1.0490762642241278,,71423,,-0.09205576777458191,240.41436189320135,17810,,,0.0063674356788396835,1,,1,0.0018574052955955267,,0.3330823481082916,,0.75,1.0,0,,0.3433385491371155,0.015625,92858,404.71875,1.0,-1.20761239528656,,0.546875,4.014596462249756,,2.4748666286468506,111652,0.06812751293182373,,0.4821428656578064,,,8.0,-0.017344025894999504,0.0,1.4347140789031982,0,56.0,0.10923047363758087,-1.20761239528656,0.1761799220362619,0.3566961492042532,0.3844253122806549,0.25128278136253357,,92852.5,,,697,85,-0.021448923274874687,1,0.3844253122806549,0.04219534289578186,0.546875,,0.109375,312.4463806152344,,40229,0.0661006048321724,0.002543758600950241,1.0,371410,386.2186071947217,433,-0.03078036569058895,8.0,0,,56.0,0.4821428656578064,0.0063674356788396835,-0.021448923274874687,0.0002940967492463339,3.998808965086937,0,,,15.671772304922342,0.2321428507566452,,24923.777394009,3.7445787228643894,2.4748666286468506,102.876953125,0.546875,1,0.0,,,8.0,,,30,8.0,0.001,386.2186071947217,66.73415088653564,362.46424189954996,,0.010082062203129667,,0,,0,0.0,1e-06,0,,64,,1.0,,,,8.0,0.09134752303361893,,92845,,0.546875,,6iuti28h,LUFFY / logprob / sampling=random,True,random
86,1768023608.9323387,,,0,4186.90625,0.37132713198661804,275,0.25567658990621567,1.0,0.5178571428571428,,0.6055932959913829,,53749,,-0.10392189398407936,407.6728031642962,9201,,,0.00970286875963211,1,,1,0.004212900530546904,,0.3735619783401489,,0.875,1.0,0,,0.06477000936865807,0.015625,72382,336.46875,1.0,-2.4748666286468506,,0.546875,3.6395745277404785,,2.4748666286468506,97390,0.08343532681465149,,0.4821428656578064,,,8.0,-0.013121454045176506,0.0,0.8789095282554626,0,56.0,0.08864665776491165,-2.4748666286468506,0.19429942247147858,0.326839378887913,0.3867828845977783,-0.039151884615421295,,72374.0,,,442,86,-0.021116506308317184,1,0.3867828845977783,0.03429451135016026,0.546875,,0.109375,312.40480041503906,,43641,0.08046314120292664,0.0041831061244010925,1.0,289496,177.52962532266974,475,-0.029934905469417572,8.0,0,,56.0,0.4821428656578064,0.00970286875963211,-0.021116506308317184,0.0003062103026118207,2.5613569356501102,0,,,9.928123857825994,0.3571428656578064,,25244.21378426,2.3884111382067204,2.4748666286468506,102.876953125,0.546875,1,0.0,,,8.0,,,31,8.0,0.001,177.52962532266974,66.73415088653564,162.27599078044295,,0.008250238822666704,,0,,0,0.0,1e-06,0,,64,,1.0,,,,8.0,0.09864697605371475,,72356,,0.546875,,6iuti28h,LUFFY / logprob / sampling=random,True,random
87,1768023929.3687246,,,0,5071.28125,0.4701651334762573,275,0.1740732304751873,1.0,0.5714285714285714,,0.9285947173595474,,47086,,-0.15244803205132484,272.26299745107764,12019,,,0.007178905885666609,1,,1,0.002896972233429551,,0.3295733630657196,,0.875,1.0,0,,0.272011648863554,0.015625,87248,381.203125,1.0,-1.6201815605163574,,0.5,4.954702377319336,,2.4748666286468506,133628,0.0665670782327652,,0.4285714328289032,,,8.0,-0.010896068997681141,0.0,1.044118881225586,0,56.0,0.1117367185652256,-1.6201815605163574,0.19660144304733956,0.28571428571428575,0.35908058285713196,0.11956361681222916,,87239.75,,,548,87,-0.020373456180095673,1,0.35908058285713196,0.03595627681575915,0.5,,0.109375,312.84566497802734,,86542,0.06445196270942688,0.002365272492170334,1.0,348959,320.42455573007464,482,-0.02807060070335865,8.0,0,,56.0,0.4285714328289032,0.007178905885666609,-0.020373456180095673,0.0003202001340135248,3.1883176006376743,0,,,12.547266401350498,0.3035714328289032,,25561.805669173,2.990658424794674,2.4748666286468506,102.876953125,0.5,1,0.0,,,8.0,,,26,8.0,0.001,320.42455573007464,66.73415088653564,301.3865586556494,,0.008570228665243406,,0,,0,0.0,1e-06,0,,64,,1.0,,,,8.0,0.09314632415771484,,87235,,0.5,,6iuti28h,LUFFY / logprob / sampling=random,True,random
88,1768024246.9606225,,,0,5024.328125,0.4191538095474243,275,0.17438214644789696,1.0,0.5,,0.9228390727145116,,63067,,-0.06125680170953274,273.42228227072707,13921,,,0.006779513321816921,1,,1,0.002324450761079788,,0.32414382696151733,,1.0,1.0,0,,0.24415867403149605,0.015625,86844,402.640625,1.0,-2.4748666286468506,,0.5625,4.1279072761535645,,2.4748666286468506,126998,0.06586217135190964,,0.5,,,8.0,-0.020560817793011665,0.0,1.0469114780426025,0,56.0,0.10526758059859276,-2.4748666286468506,0.1826931609159195,0.31134992453861954,0.3802585005760193,0.1829018723219633,,86831.5,,,733,88,-0.03165855258703232,1,0.3802585005760193,0.03940767071652554,0.5625,,0.109375,313.25049591064453,,63931,0.06371615827083588,0.0020757876336574554,1.0,347326,317.5728740133345,515,-0.039020638912916183,8.0,0,,56.0,0.5,0.006779513321816921,-0.03165855258703232,0.0003030800475593326,3.6067860648036003,0,,,13.687308639287949,0.5,,25859.587939834,3.2105316668748856,2.4748666286468506,102.876953125,0.5625,1,0.0,,,8.0,,,32,8.0,0.001,317.5728740133345,66.73415088653564,296.7453637048602,,0.009243568482851516,,0,,0,0.0,1e-06,0,,64,,1.0,,,,8.0,0.09386223554611206,,86821,,0.5625,,6iuti28h,LUFFY / logprob / sampling=random,True,random
89,1768024544.7427707,,,0,4631.359375,0.513390839099884,275,0.18204927444458008,1.0,0.5,,0.9429170051339031,,55133,,-0.1404682043939829,269.58734903451375,15012,,,0.007563923951238394,1,,1,0.0022247713059186935,,0.3397238254547119,,1.0,1.0,0,,0.4377231076359749,0.015625,80297,385.796875,1.0,-1.6201815605163574,,0.5625,6.308156967163086,,1.6201815605163574,130985,0.07256143540143967,,0.5,,,8.0,-0.01937822625041008,0.0,0.8492646813392639,0,56.0,0.10553489625453949,-1.6201815605163574,0.18932408526125108,0.18898223650461365,0.35822755098342896,0.297254903241992,,80274.5,,,734,89,-0.03836534544825554,1,0.35822755098342896,0.03703058642633348,0.5625,,0.109375,313.83995056152344,,75852,0.0703842043876648,0.0025852546095848083,1.0,321098,297.76805286854506,449,-0.04513048380613327,8.0,0,,56.0,0.5,0.007563923951238394,-0.03836534544825554,0.00032866880595500283,3.194741204380989,0,,,11.890447240322828,0.5,,26129.126584582,2.8837393261492252,1.6201815605163574,102.876953125,0.5625,1,0.0,,,8.0,,,33,8.0,0.001,297.76805286854506,66.73415088653564,279.4872007407248,,0.008980869784767346,,0,,0,0.0,1e-06,0,,64,,1.0,,,,8.0,0.11233548820018768,,80252,,0.5625,,6iuti28h,LUFFY / logprob / sampling=random,True,random
90,1768024814.2814138,,,0,4145.625,0.9755321741104126,275,0.1542813554406166,1.0,0.5357142857142857,,0.9549671211321349,,33534,,-0.1121439691632986,268.02237887896626,11253,,,0.007956430315971375,1,,1,0.0027952860109508038,,0.3721865713596344,,0.875,1.0,0,,-0.21201198361814022,0.015625,72240,369.28125,1.0,-2.4748666286468506,,0.53125,5.909361839294434,,1.6201815605163574,127107,0.08209188282489777,,0.4642857015132904,,,8.0,-0.017199058085680008,0.0,0.8849515318870544,0,56.0,0.10366157442331314,-2.4748666286468506,0.18636277805578033,0.3253726278265821,0.35786059498786926,-0.3241559527814388,,72238.5,,,547,90,-0.032401952892541885,1,0.35786059498786926,0.03681281387865347,0.53125,,0.109375,313.8130111694336,,93573,0.07988015562295914,0.0022022947669029236,1.0,288954,269.5241356417537,499,-0.039759352803230286,8.0,0,,56.0,0.4642857015132904,0.007956430315971375,-0.032401952892541885,0.00035874767064416187,2.6967803835868835,0,,,10.637209821492434,0.3392857015132904,,26311.743020367,2.537550587207079,1.6201815605163574,102.876953125,0.53125,1,0.0,,,8.0,,,31,8.0,0.001,269.5241356417537,66.73415088653564,253.37187657877803,,0.008781849661908397,,0,,0,0.0,1e-06,0,,64,,1.0,,,,8.0,0.0988222062587738,,72236,,0.53125,,6iuti28h,LUFFY / logprob / sampling=random,True,random
91,1768024996.8980033,,,0,4213.109375,0.4957940876483917,275,0.14555319398641586,1.0,0.5892857142857143,,0.6135927209852746,,59543,,-0.14520420879125595,400.1435195210302,10599,,,0.006861025467514992,1,,1,0.002594117308035493,,0.35031965374946594,,0.875,1.0,0,,0.1372370310127735,0.015625,73075,353.640625,1.0,-1.20761239528656,,0.484375,4.763099670410156,,2.4748666286468506,85396,0.07860217243432999,,0.4107142984867096,,,8.0,-0.02672668918967247,0.0,1.1961026191711426,0,56.0,0.10082828626036644,-1.20761239528656,0.1743275578737926,0.3229132378575915,0.40255245566368103,-0.007967177778482437,,73068.0,,,544,91,-0.038210898637771606,1,0.40255245566368103,0.03883274811085838,0.484375,,0.109375,314.02109146118164,,25853,0.0763641819357872,0.0016132891178131104,1.0,292272,182.60448173061013,450,-0.04673806577920914,8.0,0,,56.0,0.4107142984867096,0.006861025467514992,-0.038210898637771606,0.0003449809980441727,2.8479437939822674,0,,,11.3497249558568,0.2857142984867096,,26562.347470437,2.688863929361105,2.4748666286468506,102.876953125,0.484375,1,0.0,,,8.0,,,27,8.0,0.001,182.60448173061013,66.73415088653564,165.44852769374847,,0.009199868373847323,,0,,0,0.0,1e-06,0,,64,,1.0,,,,8.0,0.14755673706531525,,73062,,0.484375,,6iuti28h,LUFFY / logprob / sampling=random,True,random
92,1768025247.502441,,,0,4800.75,0.869674026966095,275,0.15932651236653328,1.0,0.7142857142857143,,0.7600660992815679,,55665,,-0.3013230301439762,328.7134369211205,11256,,,0.00985848531126976,1,,1,0.00402073934674263,,0.3490563631057739,,1.0,1.0,0,,0.24811272881925106,0.015625,82384,347.546875,1.0,-2.4748666286468506,,0.328125,5.89371395111084,,2.4748666286468506,117170,0.07715743035078049,,0.24561403691768646,,,7.0,-0.02644900232553482,0.0,1.698695182800293,0,57.0,0.09696954861283302,-2.4748666286468506,0.20134268724427512,0.31484180858247984,0.39546287059783936,-0.05321030132472515,,82372.75,,,515,92,-0.015980135649442673,1,0.39546287059783936,0.034004620567941596,0.328125,,0.125,314.32151794433594,,61505,0.0739881694316864,0.0021625012159347534,1.0,329491,250.5913684926927,597,-0.03305254504084587,7.0,0,,57.0,0.24561403691768646,0.00985848531126976,-0.015980135649442673,0.00029430105408898276,2.895443197339773,0,,,11.204216435551643,0.24561403691768646,,26701.927086761,2.685101680457592,2.4748666286468506,102.876953125,0.328125,1,0.0,,,7.0,,,17,7.0,0.001,250.5913684926927,66.73415088653564,233.52878887206316,,0.008149241346372411,,0,,0,1.0,1e-06,0,,64,,1.0,,,,7.0,0.2587905824184418,,82352,,0.328125,,6iuti28h,LUFFY / logprob / sampling=random,True,random
93,1768025387.0820708,,,0,2834.21875,1.2317625284194946,275,0.10874184221029282,1.0,0.4642857142857143,,0.7028242453511333,,38847,,-0.1807583086192608,361.19315028672463,6572,,,0.013611555099487305,1,,1,0.005478290840983391,,0.4266268312931061,,0.875,1.0,0,,0.24659165181219578,0.015625,50415,316.453125,1.0,-2.4748666286468506,,0.59375,13.57255744934082,,1.6201815605163574,60203,0.10768257826566696,,0.5357142686843872,,,8.0,-0.016393283382058144,0.0,1.1947976350784302,0,56.0,0.0785953514277935,-2.4748666286468506,0.16486969499770412,0.36246041303900783,0.41755542159080505,0.06583334319293499,,50410.75,,,470,93,-0.0275502260774374,1,0.41755542159080505,0.039563803370207755,0.59375,,0.109375,314.63895416259766,,21356,0.10340652614831924,0.0023472383618354797,1.0,201643,139.5672923475504,713,-0.04441787302494049,8.0,0,,56.0,0.5357142686843872,0.013611555099487305,-0.0275502260774374,0.0003897747575060553,2.037872266024351,0,,,7.977764002978802,0.4107142984867096,,26953.21068217,1.8531828969717026,1.6201815605163574,102.876953125,0.59375,1,0.0,,,8.0,,,34,8.0,0.001,139.5672923475504,66.73415088653564,127.48528986424208,,0.009190415223795037,,0,,0,0.0,1e-06,0,,64,,1.0,,,,8.0,0.14993634819984436,,50408,,0.59375,,6iuti28h,LUFFY / logprob / sampling=random,True,random
94,1768025638.3656454,,,0,3191.75,0.6033677458763123,275,0.13088764995336533,1.0,0.4285714285714286,,1.160721260369445,,33747,,-0.07086166180670261,225.06680435007598,10052,,,0.008797094225883484,1,,1,0.0026486299466341734,,0.39082467555999756,,1.0,1.0,0,,0.15014934912323952,0.015625,56558,342.8125,1.0,-2.4748666286468506,,0.625,11.530241966247559,,2.4748666286468506,87136,0.08892358839511871,,0.5714285969734192,,,8.0,-0.02766910381615162,0.0,1.0299506187438965,0,56.0,0.08533641323447227,-2.4748666286468506,0.1610283835267792,0.31134992453861954,0.39077237248420715,0.0792876873165369,,56553.0,,,549,94,-0.0558026023209095,1,0.39077237248420715,0.040984990655007845,0.625,,0.109375,314.65937423706055,,53389,0.0862446278333664,0.0020577609539031982,1.0,226212,251.27206192538142,379,-0.06543884426355362,8.0,0,,56.0,0.5714285969734192,0.008797094225883484,-0.0558026023209095,0.00037724087685212226,2.402398243546486,0,,,9.271296706050634,0.5714285969734192,,27246.524274037,2.261323604732752,2.4748666286468506,102.876953125,0.625,1,0.0,,,8.0,,,37,8.0,0.001,251.27206192538142,66.73415088653564,237.10285329818726,,0.00999647942961802,,0,,0,0.0,1e-06,0,,64,,1.0,,,,8.0,0.11708798259496689,,56546,,0.625,,6iuti28h,LUFFY / logprob / sampling=random,True,random
95,1768025931.67926,,,0,4493.5625,0.6968587040901184,275,0.1639253832399845,1.0,0.5535714285714286,,0.9664976533732862,,55659,,-0.3576754964888096,265.7100906118739,10835,,,0.006735329516232014,1,,1,0.0026588442269712687,,0.32758423686027527,,0.875,1.0,0,,0.1000448577105999,0.015625,77957,377.265625,1.0,-1.6201815605163574,,0.515625,7.940249443054199,,2.4748666286468506,97614,0.067064069211483,,0.4464285671710968,,,8.0,-0.01693173311650753,0.0,1.2165898084640503,0,56.0,0.09198939055204391,-1.6201815605163574,0.2101178133016107,0.3458020844828051,0.31969061493873596,-0.2576306387782097,,77933.25,,,548,95,-0.022113585844635963,1,0.31969061493873596,0.03222320359013158,0.515625,,0.109375,314.92388916015625,,41955,0.06535100191831589,0.0027173273265361786,1.0,311733,293.3018080741167,691,-0.030513236299157143,8.0,0,,56.0,0.4464285671710968,0.006735329516232014,-0.022113585844635963,0.00029509031944659024,2.5901176892220974,0,,,10.045035924762487,0.3214285671710968,,27554.250262939,2.4341582916677,2.4748666286468506,102.876953125,0.515625,1,0.0,,,8.0,,,29,8.0,0.001,293.3018080741167,66.73415088653564,277.95312713831663,,0.007808471646144938,,0,,0,0.0,1e-06,0,,64,,1.0,,,,8.0,0.12138132750988007,,77915,,0.515625,,6iuti28h,LUFFY / logprob / sampling=random,True,random
96,1768026239.4051359,,,0,4505.71875,0.635166347026825,275,0.18951423838734627,1.0,0.6071428571428572,,1.007869589990137,,58861,,-0.20923177152872086,254.97014783472872,12794,,,0.009141161106526852,1,,1,0.003043936099857092,,0.317331463098526,,0.875,1.0,0,,0.13723703660070896,0.015625,78468,397.828125,1.0,-1.6201815605163574,,0.46875,8.768902778625488,,2.4748666286468506,105119,0.06159452721476555,,0.3928571343421936,,,8.0,-0.016072608530521393,0.0,1.2322725057601929,0,56.0,0.09546040743589401,-1.6201815605163574,0.19741332966499098,0.36246041303900783,0.34699997305870056,-0.0719947349280119,,78456.75,,,737,96,-0.016228236258029938,1,0.34699997305870056,0.03547569348381444,0.46875,,0.109375,315.482120513916,,46258,0.05896152928471565,0.0018348470330238342,1.0,313827,307.7095521427691,462,-0.02774627134203911,8.0,0,,56.0,0.3928571343421936,0.009141161106526852,-0.016228236258029938,0.00030418162693424724,2.925095185637474,0,,,11.133230458945036,0.2678571343421936,,27751.810936564,2.706360712647438,2.4748666286468506,102.876953125,0.46875,1,0.0,,,8.0,,,26,8.0,0.001,307.7095521427691,66.73415088653564,290.6353221870959,,0.00862373445448428,,0,,0,0.0,1e-06,0,,64,,1.0,,,,8.0,0.1638009399175644,,78450,,0.46875,,6iuti28h,LUFFY / logprob / sampling=random,True,random
97,1768026436.965809,,,0,3945.203125,0.5841065645217896,275,0.1421641930937767,1.0,0.36734693877551017,,0.7193414815922541,,47458,,0.0,349.2750590976095,10104,,,0.010376525111496449,1,,1,0.0038591157644987106,,0.3335931599140167,,0.7142857313156128,1.0,0,,-0.04612673446536064,0.015625,69003,367.203125,1.0,-1.6201815605163574,,0.625,11.313942909240723,,1.6201815605163574,83625,0.06540076434612274,,0.5789473652839661,,,7.0,-0.007718534674495459,0.0,0.6245561242103577,0,57.0,0.08864613994956017,-1.6201815605163574,0.17871777120936755,0.2842528219833494,0.2974072992801666,-0.04612673446536064,,68998.5,,,504,97,-0.01807171292603016,1,0.2974072992801666,0.03784989062853134,0.625,,0.109375,315.71706771850586,,36167,0.06296809017658234,0.0014395564794540405,1.0,275994,197.54774411395192,398,-0.024809876456856728,7.0,0,,57.0,0.5789473652839661,0.010376525111496449,-0.01807171292603016,0.0003211886488458451,2.6228993237018585,0,,,10.446342714130878,0.3333333432674408,,28032.363202724,2.597237516194582,1.6201815605163574,102.876953125,0.625,1,0.0,,,7.0,,,37,7.0,0.001,197.54774411395192,66.73415088653564,181.62868871167302,,0.009410485431547723,,0,,0,1.0,1e-06,0,,64,,1.0,,,,7.0,0.06593962758779526,,68994,,0.625,,6iuti28h,LUFFY / logprob / sampling=random,True,random
98,1768026717.5181513,,,0,4270.890625,0.3292699158191681,275,0.1372801847755909,1.0,0.6428571428571429,,0.967908569013023,,46156,,-0.12274102494120598,262.4580093236913,8618,,,0.005816995166242123,1,,1,0.002748810686171055,,0.31603607535362244,,0.875,1.0,0,,0.14189192093908787,0.015625,73637,331.0,1.0,-1.6201815605163574,,0.4375,11.880158424377441,,2.4748666286468506,89294,0.05828145146369934,,0.3571428656578064,,,8.0,-0.008217324502766132,0.0,1.2300448417663574,0,56.0,0.0843873992562294,-1.6201815605163574,0.1857432824543514,0.335029697130245,0.33954939246177673,0.01915089599788189,,73630.25,,,420,98,-0.010408773086965084,1,0.33954939246177673,0.035876745590205705,0.4375,,0.109375,316.10776138305664,,43138,0.056635744869709015,0.0018883012235164642,1.0,294521,280.5410670824349,480,-0.017666703090071678,8.0,0,,56.0,0.3571428656578064,0.005816995166242123,-0.010408773086965084,0.0002865242181583975,2.724859081208706,0,,,10.566454987972975,0.2321428507566452,,28385.77160599,2.4422581754624844,2.4748666286468506,102.876953125,0.4375,1,0.0,,,8.0,,,23,8.0,0.001,280.5410670824349,66.73415088653564,264.5652245283127,,0.008292305728496386,,0,,0,0.0,1e-06,0,,64,,1.0,,,,8.0,0.14726711809635162,,73626,,0.4375,,6iuti28h,LUFFY / logprob / sampling=random,True,random
1,1767242040.4666522,,,0,6432.546875,0.002040051156654954,296,0.19880818203091621,,,,0.8457752605490862,,79228,,,287.2723272102284,15245,,,,1,,1,0.0,,,,,,0,,,0.015625,109869,434.0,,-1.6201815605163574,,0.453125,4.502662181854248,,2.4748666286468506,143398,0.10374356061220169,,,,,,,,,0,,0.010555148124694824,-1.6201815605163574,0.2345723701191678,,,-0.2117464691400528,,109864.75,,,737,1,-0.03280450031161308,1,,0.04039254588317952,0.453125,,0.125,248.27017974853516,,64170,,0.00271499902009964,,439459,382.44111803919077,1379,,,0,,,,,-0.03280450031161308,2.401850485413844e-05,10.007474329322577,0,,,17.750867821276188,,,620.712179519,6.257941711694002,2.4748666286468506,82.873046875,0.453125,1,,,,,,,29,,0.001,382.44111803919077,62.19846820831299,348.1912965886295,,0.014240103654024613,,0,,0,,1e-06,0,,64,,,,,,,,,109863,,0.453125,,9ggix50f,Vanilla GRPO,,
2,1767242273.315917,,,0,4299.609375,0.004271904472261667,296,0.1243431456387043,,,,0.7934810285229466,,61116,,,317.6348097568453,8092,,,,1,,1,0.0,,,,,,0,,,0.015625,73964,322.75,,-1.20761239528656,,0.4375,2.4121146202087402,,2.4748666286468506,85836,0.14494165778160095,,,,,,,,,0,,0.005758371204137802,-1.20761239528656,0.2075230150755523,,,0.006876800209283829,,73957.75,,,409,2,-0.022436870262026787,1,,0.03263690922598299,0.4375,,0.125,249.20911026000977,,24720,,0.0011265762150287628,,295831,232.83893240988255,528,,,0,,,,,-0.022436870262026787,1.9465070273696138e-05,2.4199954718351364,0,,,9.655009493231773,,,799.649183952,2.2757471911609173,2.4748666286468506,82.873046875,0.4375,1,,,,,,,28,,0.001,232.83893240988255,62.19846820831299,218.3461420238018,,0.007692727236702433,,0,,0,,1e-06,0,,64,,,,,,,,,73950,,0.4375,,9ggix50f,Vanilla GRPO,,
3,1767242452.2529144,,,0,4934.78125,0.003869352862238884,296,0.13142211735248566,,,,0.5170642650748585,,71200,,,470.11176751894425,8178,,,,1,,1,0.0,,,,,,0,,,0.015625,84133,322.5,,-2.4748666286468506,,0.375,6.563695430755615,,2.4748666286468506,98124,0.1530771255493164,,,,,,,,,0,,0.005690902471542358,-2.4748666286468506,0.2171427745322639,,,-0.1934784110635519,,84116.5,,,409,3,-0.0407087579369545,1,,0.030886593303055127,0.375,,0.125,249.65103149414062,,26924,,0.0021050460636615753,,336466,178.92872676625848,670,,,0,,,,,-0.0407087579369545,1.6913751973579375e-05,2.6523916125297546,0,,,10.392288502305746,,,1058.943555103,2.42920633405447,2.4748666286468506,82.873046875,0.375,1,,,,,,,24,,0.001,178.92872676625848,62.19846820831299,163.30233858153224,,0.00721976762601413,,0,,0,,1e-06,0,,64,,,,,,,,,84109,,0.375,,9ggix50f,Vanilla GRPO,,
4,1767242711.5472887,,,0,5330.515625,0.005413070321083069,296,0.15155449137091637,,,,0.7096330918585944,,81562,,,351.607323040408,10594,,,,1,,1,0.0,,,,,,0,,,0.015625,91171,367.375,,-1.6201815605163574,,0.390625,4.108371734619141,,2.4748666286468506,107625,0.13783183693885803,,,,,,,,,0,,0.006725717335939407,-1.6201815605163574,0.21972034106836713,,,0.11687783524394035,,91166.25,,,574,4,-0.037925053387880325,1,,0.031132131266171904,0.390625,,0.125,249.75745010375977,,26063,,0.002223048359155655,,364665,259.284275457263,596,,,0,,,,,-0.037925053387880325,1.8443550480411904e-05,2.9642046615481377,0,,,11.352798648178577,,,1271.936951216,2.6999621279537678,2.4748666286468506,82.873046875,0.390625,1,,,,,,,25,,0.001,259.284275457263,62.19846820831299,242.09345818683505,,0.00740395192287104,,0,,0,,1e-06,0,,64,,,,,,,,,91160,,0.390625,,9ggix50f,Vanilla GRPO,,
5,1767242924.5406792,,,0,3489.8125,0.006899972911924124,296,0.12198563292622566,,,,0.89551169578165,,39124,,,286.5237573503543,8070,,,,1,,1,0.0,,,,,,0,,,0.015625,61028,324.25,,-1.6201815605163574,,0.53125,5.663419723510742,,1.6201815605163574,95250,0.17707449197769165,,,,,,,,,0,,0.006758574396371841,-1.6201815605163574,0.19040563021022083,,,0.02662685140967369,,61025.0,,,420,5,-0.07157374918460846,1,,0.0348871222032186,0.53125,,0.125,249.66397857666016,,56126,,0.001093849539756775,,244100,212.98408398777246,392,,,0,,,,,-0.07157374918460846,2.7687727965472517e-05,2.263301193714142,0,,,8.51594652980566,,,1569.983807208,2.0490914061665535,1.6201815605163574,82.873046875,0.53125,1,,,,,,,34,,0.001,212.98408398777246,62.19846820831299,200.01074622943997,,0.008394475240338196,,0,,0,,1e-06,0,,64,,,,,,,,,61024,,0.53125,,9ggix50f,Vanilla GRPO,,
6,1767243222.5875113,,,0,5955.78125,0.005157222039997578,296,0.17298414558172226,,,,0.7347004953564147,,52184,,,340.9773035840477,13269,,,,1,,1,0.0,,,,,,0,,,0.015625,101633,395.625,,-2.4748666286468506,,0.34375,1.8563380241394043,,2.4748666286468506,157666,0.11855284869670868,,,,,,,,,0,,0.009722720831632614,-2.4748666286468506,0.24805312792587117,,,0.1597246378660202,,101622.5,,,737,6,-0.018502408638596535,1,,0.02937518268608807,0.34375,,0.125,250.72728729248047,,105482,,0.0024357661604881287,,406490,298.0330330841243,963,,,0,,,,,-0.018502408638596535,2.3918720833557073e-05,3.0539282001554966,0,,,11.94071801006794,,,1875.392793587,2.78816045075655,2.4748666286468506,96.361328125,0.34375,1,,,,,,,22,,0.001,298.0330330841243,65.02839660644531,280.0457878150046,,0.006859112034137494,,0,,0,,1e-06,0,,64,,,,,,,,,101612,,0.34375,,9ggix50f,Vanilla GRPO,,
7,1767243527.9965487,,,0,6303.359375,0.008620803244411945,296,0.16524039581418037,,,,0.7108654270830879,,90582,,,349.08879541524004,11532,,,,1,,1,0.0,,,,,,0,,,0.015625,106619,359.875,,-1.6201815605163574,,0.296875,4.966005325317383,,2.4748666286468506,120922,0.1344263255596161,,,,,,,,,0,,0.007833953946828842,-1.6201815605163574,0.2441160279813797,,,0.013037405908107758,,106611.75,,,494,7,-0.029316360130906105,1,,0.028910528448103705,0.296875,,0.125,250.9178237915039,,30340,,0.0015624836087226868,,426447,305.40009132400155,1287,,,0,,,,,-0.029316360130906105,1.8370287390528817e-05,3.229071516543627,0,,,12.32880812510848,,,2149.429656647,2.8786978758871555,2.4748666286468506,96.66796875,0.296875,1,,,,,,,19,,0.001,305.40009132400155,65.02839660644531,286.77377626672387,,0.006750423559990235,,0,,0,,1e-06,0,,64,,,,,,,,,106606,,0.296875,,9ggix50f,Vanilla GRPO,,
8,1767243802.033365,,,0,4963.328125,0.07904871553182602,296,0.15128501504659653,,,,0.811085680436479,,66813,,,310.3673071607081,9913,,,,1,,1,0.0,,,,,,0,,,0.015625,85055,352.25,,-2.4748666286468506,,0.4375,1.8656110763549805,,2.4748666286468506,108924,0.13995499908924103,,,,,,,,,0,,0.006439175456762314,-2.4748666286468506,0.22093800188286222,,,0.31154117174446583,,85049.25,,,467,8,-0.017909789457917213,1,,0.03169427567910109,0.4375,,0.125,251.21332168579102,,42111,,0.001851554960012436,,340197,274.02773435786366,563,,,0,,,,,-0.017909789457917213,1.8927784362479135e-05,2.8471001610159874,0,,,10.782297503203154,,,2475.682245164,2.578124202787876,2.4748666286468506,96.66796875,0.4375,1,,,,,,,28,,0.001,274.02773435786366,65.02839660644531,257.64379964768887,,0.0075783272715158456,,0,,0,,1e-06,0,,64,,,,,,,,,85042,,0.4375,,9ggix50f,Vanilla GRPO,,
9,1767244128.2859466,,,0,6191.671875,0.031445253640413284,296,0.17758939415216446,,,,0.7699100414510598,,78861,,,323.4646002122797,12957,,,,1,,1,0.0,,,,,,0,,,0.015625,105542,403.75,,-2.4748666286468506,,0.4375,1.6922450065612793,,1.6201815605163574,157446,0.12547124922275543,,,,,,,,,0,,0.007645461708307266,-2.4748666286468506,0.21807873990550058,,,-0.16223307885229588,,105526.75,,,733,9,-0.0305374413728714,1,,0.033000808810998074,0.4375,,0.125,251.9509620666504,,78585,,0.001976892352104187,,422107,326.2389452531934,593,,,0,,,,,-0.0305374413728714,1.811261530443055e-05,3.7015130817890167,0,,,13.929872404783964,,,2742.775082731,3.313103448599577,1.6201815605163574,96.66796875,0.4375,1,,,,,,,28,,0.001,326.2389452531934,65.02839660644531,305.0899423956871,,0.00784896589869293,,0,,0,,1e-06,0,,64,,,,,,,,,105518,,0.4375,,9ggix50f,Vanilla GRPO,,
10,1767244395.3788145,,,0,5469.09375,0.2635052800178528,296,0.1645263396203518,,,,0.7126663295706959,,30835,,,350.0952879792014,13144,,,,1,,1,0.0,,,,,,0,,,0.015625,93509,374.875,,-2.4748666286468506,,0.328125,1.5717562437057495,,1.6201815605163574,131628,0.15976589918136597,,,,,,,,,0,,0.036114826798439026,-2.4748666286468506,0.22826687521138578,,,-0.08960459940135479,,93503.5,,,735,10,-0.023684637621045113,1,,0.031176826926391146,0.328125,,0.125,251.84249877929688,,100793,,0.0024262703955173492,,374014,267.0801442079246,541,,,0,,,,,-0.023684637621045113,9.656009346826329e-05,2.9714848399162292,0,,,11.660569746047258,,,2936.524087404,2.778800718486309,1.6201815605163574,96.66796875,0.328125,1,,,,,,,21,,0.001,267.0801442079246,65.04615640640259,249.4488940089941,,0.007429670329148933,,0,,0,,1e-06,0,,64,,,,,,,,,93497,,0.328125,,9ggix50f,Vanilla GRPO,,
11,1767244589.1278026,,,0,4275.0625,0.04640762135386467,296,0.1293582245707512,,,,0.6555408306135664,,42293,,,381.28991057434035,9175,,,,1,,1,0.0,,,,,,0,,,0.015625,73872,341.875,,-2.4748666286468506,,0.53125,1.8899132013320923,,2.4748666286468506,133742,0.17070239782333374,,,,,,,,,0,,0.006665829569101334,-2.4748666286468506,0.21458675959949988,,,0.3373267501592636,,73871.0,,,469,11,-0.04195250943303108,1,,0.032132838564208024,0.53125,,0.125,252.46734619140625,,91449,,0.0028210319578647614,,295484,193.73971865326166,594,,,0,,,,,-0.04195250943303108,2.2559020350006543e-05,2.4478579498827457,0,,,9.494739670306444,,,3242.61749731,2.2858856096863747,2.4748666286468506,97.859375,0.53125,1,,,,,,,34,,0.001,193.73971865326166,65.04615640640259,179.35859341919422,,0.007736072375107873,,0,,0,,1e-06,0,,64,,,,,,,,,73870,,0.53125,,9ggix50f,Vanilla GRPO,,
12,1767244895.221234,,,0,5404.625,0.10709276795387268,296,0.16680466756224632,,,,0.8304473162711489,,63124,,,301.4502550274854,12929,,,,1,,1,0.0,,,,,,0,,,0.015625,92273,362.125,,-2.4748666286468506,,0.578125,1.5716960430145264,,2.4748666286468506,132206,0.1403629034757614,,,,,,,,,0,,0.008703377097845078,-2.4748666286468506,0.20872520175943698,,,0.10047448612749577,,92268.0,,,707,12,-0.03413965180516243,1,,0.03386165987863822,0.578125,,0.125,252.58843612670898,,69082,,0.001973949372768402,,369072,306.0803514383733,555,,,0,,,,,-0.03413965180516243,2.3581786474847938e-05,3.1970666274428368,0,,,12.497390534728765,,,3537.727606939,2.945007409900427,2.4748666286468506,97.859375,0.578125,1,,,,,,,37,,0.001,306.0803514383733,65.04615640640259,287.2484049089253,,0.007979492917101342,,0,,0,,1e-06,0,,64,,,,,,,,,92258,,0.578125,,9ggix50f,Vanilla GRPO,,
13,1767245190.3313475,,,0,4731.609375,0.11549682170152664,296,0.1748678907752037,,,,0.9057149194099748,,45204,,,278.50249652031357,13742,,,,1,,1,0.0,,,,,,0,,,0.015625,82794,405.0,,-2.4748666286468506,,0.578125,1.3699899911880493,,2.4748666286468506,144993,0.15379397571086884,,,,,,,,,0,,0.007860753685235977,-2.4748666286468506,0.17556187004647625,,,-0.005535224452614784,,82185.75,,,735,13,-0.056501634418964386,1,,0.04080155724233057,0.578125,,0.125,252.94421005249023,,99789,,0.0015180222690105438,,328743,295.09879095107317,499,,,0,,,,,-0.056501634418964386,2.391154696901828e-05,3.9358054473996162,0,,,13.413226332515478,,,3837.924809174,3.2727346047759056,2.4748666286468506,97.859375,0.578125,1,,,,,,,37,,0.001,295.09879095107317,65.31225967407227,274.2713090404868,,0.009955298226200728,,0,,0,,1e-06,0,,64,,,,,,,,,81971,,0.578125,,9ggix50f,Vanilla GRPO,,
14,1767245490.5285158,,,0,5868.6875,0.021018795669078827,296,0.16988500580191612,,,,0.7472156185357371,,71044,,,333.72936744200365,12589,,,,1,,1,0.0,,,,,,0,,,0.015625,100191,392.625,,-1.20761239528656,,0.421875,1.2463582754135132,,1.20761239528656,123709,0.14491021633148193,,,,,,,,,0,,0.008160106837749481,-1.20761239528656,0.21882867765533015,,,-0.030190307646989822,,100181.0,,,693,14,-0.021961377933621407,1,,0.03207390817351293,0.421875,,0.125,253.36349487304688,,52665,,0.0021711811423301697,,400724,300.18634790182114,699,,,0,,,,,-0.021961377933621407,2.0363409323498173e-05,3.4520634189248085,0,,,12.852784778922796,,,4086.275102227,3.0332269109785557,1.20761239528656,99.615234375,0.421875,1,,,,,,,27,,0.001,300.18634790182114,65.31225967407227,280.6511974595487,,0.007569366723676535,,0,,0,,1e-06,0,,64,,,,,,,,,100173,,0.421875,,9ggix50f,Vanilla GRPO,,
15,1767245738.878814,,,0,4263.453125,0.3980960249900818,296,0.13423103094100952,,,,0.8549099509807151,,52503,,,295.1957164645197,9218,,,,1,,1,0.0,,,,,,0,,,0.015625,73315,318.375,,-2.4748666286468506,,0.484375,1.121240496635437,,2.4748666286468506,116973,0.1800767183303833,,,,,,,,,0,,0.007244568318128586,-2.4748666286468506,0.1968439144683461,,,-0.01849450170993805,,73309.25,,,467,15,-0.02915375307202339,1,,0.03415561777405139,0.484375,,0.125,253.65887451171875,,64470,,0.0016447566449642181,,293237,248.34117133542895,584,,,0,,,,,-0.02915375307202339,2.4705505506223928e-05,2.54548442363739,0,,,10.015690889209509,,,4434.127586749,2.3505038283765316,2.4748666286468506,99.615234375,0.484375,1,,,,,,,31,,0.001,248.34117133542895,65.31225967407227,233.2715841345489,,0.008015713666339963,,0,,0,,1e-06,0,,64,,,,,,,,,73306,,0.484375,,9ggix50f,Vanilla GRPO,,
16,1767246086.731311,,,0,6720.015625,0.10629962384700775,296,0.2118312306702137,,,,0.7558110455172794,,88442,,,329.0960855906237,17110,,,,1,,1,0.0,,,,,,0,,,0.015625,114476,434.5,,-0.7245674133300781,,0.28125,1.2680575847625732,,2.4748666286468506,125583,0.13789895176887512,,,,,,,,,0,,0.008611999452114105,-0.7245674133300781,0.22410933273281874,,,-0.04091979190707207,,114472.25,,,709,16,-0.020716307684779167,1,,0.032736235960093646,0.28125,,0.125,254.1061782836914,,37141,,0.002267267554998398,,457889,347.8383821994066,933,,,0,,,,,-0.020716307684779167,1.880805053651454e-05,3.906058270484209,0,,,14.989562347531319,,,4753.522251958,3.6355727687478065,2.4748666286468506,101.16796875,0.28125,1,,,,,,,18,,0.001,347.8383821994066,66.83260822296143,325.059970267117,,0.007939856097761263,,0,,0,,1e-06,0,,64,,,,,,,,,114471,,0.28125,,9ggix50f,Vanilla GRPO,,
17,1767246406.125972,,,0,6188.15625,0.059956904500722885,296,0.1784619614481926,,,,0.7539605482393927,,75750,,,330.18039779429375,10861,,,,1,,1,0.0,,,,,,0,,,0.015625,105475,402.75,,-2.4748666286468506,,0.3125,1.5138914585113525,,2.4748666286468506,132961,0.1459190845489502,,,,,,,,,0,,0.0075129009783267975,-2.4748666286468506,0.21852352893624466,,,-0.08838809840381145,,105454.5,,,547,17,-0.028461480513215065,1,,0.03253419124494092,0.3125,,0.125,254.20751571655273,,57211,,0.0017729364335536957,,421818,319.3844961859286,530,,,0,,,,,-0.028461480513215065,1.7810764306707625e-05,3.5877227522432804,0,,,13.723507482558489,,,5135.491340834,3.268179588019848,2.4748666286468506,101.16796875,0.3125,1,,,,,,,20,,0.001,319.3844961859286,66.83260822296143,298.6000434458256,,0.007747842880151743,,0,,0,,1e-06,0,,64,,,,,,,,,105434,,0.3125,,9ggix50f,Vanilla GRPO,,
18,1767246788.0950723,,,0,5816.296875,0.0831344947218895,296,0.17401553317904472,,,,0.9738038461903719,,67013,,,260.7761815046292,11181,,,,1,,1,0.0,,,,,,0,,,0.015625,99613,409.0,,-2.4748666286468506,,0.453125,1.2706208229064941,,2.4748666286468506,146086,0.144097700715065,,,,,,,,,0,,0.010519176721572876,-2.4748666286468506,0.2182460493023859,,,-0.2890535518527031,,99604.75,,,549,18,-0.03881598636507988,1,,0.032311824782963045,0.453125,,0.125,254.48719787597656,,79073,,0.002102203667163849,,398419,381.9549370855093,769,,,0,,,,,-0.03881598636507988,2.6402296882359715e-05,3.3601761907339096,0,,,12.873644918203354,,,5488.510108029,3.0225011073052883,2.4748666286468506,101.16796875,0.453125,1,,,,,,,29,,0.001,381.9549370855093,66.83260822296143,362.4916651174426,,0.007586237371473971,,0,,0,,1e-06,0,,64,,,,,,,,,99597,,0.453125,,9ggix50f,Vanilla GRPO,,
19,1767247141.1138053,,,0,6271.234375,0.0569630041718483,296,0.18081862479448318,,,,0.8235452031346193,,79068,,,304.58221119187436,13611,,,,1,,1,0.0,,,,,,0,,,0.015625,107538,448.75,,-2.4748666286468506,,0.40625,1.2477558851242065,,1.20761239528656,158519,0.12319548428058624,,,,,,,,,0,,0.008770432323217392,-2.4748666286468506,0.21008628930530293,,,0.12185265868902206,,107519.75,,,735,19,-0.027393750846385956,1,,0.034464936493228494,0.40625,,0.125,254.8537483215332,,79451,,0.001685943454504013,,430079,353.0073196962476,464,,,0,,,,,-0.027393750846385956,2.0392607691185554e-05,3.912502694875002,0,,,14.822645422071218,,,5760.845756266,3.523684497922659,1.20761239528656,101.16796875,0.40625,1,,,,,,,26,,0.001,353.0073196962476,66.83260822296143,330.5372791849077,,0.008193109865682023,,0,,0,,1e-06,0,,64,,,,,,,,,107507,,0.40625,,9ggix50f,Vanilla GRPO,,
20,1767247413.4495234,,,0,4848.46875,0.14766767621040344,296,0.14650773257017136,,,,0.825708565782582,,60828,,,304.88333439458586,10413,,,,1,,1,0.0,,,,,,0,,,0.015625,83034,340.75,,-1.6201815605163574,,0.515625,1.4553319215774536,,2.4748666286468506,97592,0.15763922035694122,,,,,,,,,0,,0.008808623999357224,-1.6201815605163574,0.21097800778122522,,,0.12940924800932407,,83027.5,,,418,20,-0.043420907109975815,1,,0.03207333387963433,0.515625,,0.125,255.0085334777832,,36764,,0.0022833682596683502,,332110,272.3254787437618,900,,,0,,,,,-0.043420907109975815,2.6523212186797216e-05,2.7760660722851753,0,,,10.651874914765358,,,5958.774903201,2.4991807602345943,2.4748666286468506,101.16796875,0.515625,1,,,,,,,33,,0.001,272.3254787437618,66.83260822296143,256.2190193794668,,0.0075251596164963245,,0,,0,,1e-06,0,,64,,,,,,,,,83015,,0.515625,,9ggix50f,Vanilla GRPO,,
21,1767247611.3786168,,,0,5160.796875,0.21883045136928558,296,0.14446063339710236,,,,0.5449864848385785,,64651,,,445.2162409512662,10527,,,,1,,1,0.0,,,,,,0,,,0.015625,88126,346.5,,-2.4748666286468506,,0.34375,1.5462039709091187,,2.4748666286468506,114591,0.16745184361934662,,,,,,,,,0,,0.0069257356226444244,-2.4748666286468506,0.2032662858433207,,,-0.1701495423913002,,88116.75,,,549,21,-0.03407102823257446,1,,0.03391301753523895,0.34375,,0.125,255.52267456054688,,49940,,0.0022685639560222626,,352467,197.91899282857776,824,,,0,,,,,-0.03407102823257446,1.9649316454148684e-05,2.9898809902369976,0,,,11.953219551593065,,,6205.522412819,2.7979060783982277,2.4748666286468506,101.16796875,0.34375,1,,,,,,,22,,0.001,197.91899282857776,66.83260822296143,180.00413106381893,,0.007938065346254337,,0,,0,,1e-06,0,,64,,,,,,,,,88112,,0.34375,,9ggix50f,Vanilla GRPO,,
22,1767247858.126149,,,0,4363.53125,0.07594988495111465,296,0.14270227029919624,,,,0.8272076246495257,,46684,,,305.14426467075447,9790,,,,1,,1,0.0,,,,,,0,,,0.015625,75295,342.125,,-0.935412585735321,,0.484375,1.3536781072616577,,2.4748666286468506,92247,0.16649281978607178,,,,,,,,,0,,0.006617695093154907,-0.935412585735321,0.19684840351432217,,,0.11170162074267864,,75290.5,,,548,22,-0.04350966587662697,1,,0.0342981065686455,0.484375,,0.125,255.82211685180664,,45563,,0.0019306652247905731,,301162,246.73739184066653,562,,,0,,,,,-0.04350966587662697,2.1973871514848842e-05,2.740083336830139,0,,,10.329286370426416,,,6458.726687121,2.4890176728367805,2.4748666286468506,101.16796875,0.484375,1,,,,,,,31,,0.001,246.73739184066653,66.83260822296143,231.01096450537443,,0.008264713585501427,,0,,0,,1e-06,0,,64,,,,,,,,,75287,,0.484375,,9ggix50f,Vanilla GRPO,,
23,1767248111.330447,,,0,4579.84375,0.2957551181316376,296,0.13378828763961792,,,,0.8086048395157406,,61109,,,310.9429623245128,8950,,,,1,,1,0.0,,,,,,0,,,0.015625,78737,340.75,,-2.4748666286468506,,0.53125,1.4693151712417603,,1.6201815605163574,115885,0.16705873608589172,,,,,,,,,0,,0.006311137229204178,-2.4748666286468506,0.19697434193109467,,,-0.24111085757613182,,78729.5,,,466,23,-0.04697049409151077,1,,0.03404875648713367,0.53125,,0.125,256.0074577331543,,54776,,0.0018041059374809265,,314918,253.19595404714346,630,,,0,,,,,-0.04697049409151077,2.0040573194305115e-05,2.7797975949943066,0,,,10.722566295415163,,,6806.660132105,2.5250143073499203,1.6201815605163574,101.16796875,0.53125,1,,,,,,,34,,0.001,253.19595404714346,66.83260822296143,237.0101645104587,,0.00801800566290247,,0,,0,,1e-06,0,,64,,,,,,,,,78725,,0.53125,,9ggix50f,Vanilla GRPO,,
24,1767248459.2638369,,,0,6143.3125,0.12821851670742035,296,0.15778838843107224,,,,0.8332495798333702,,77960,,,302.5634649538726,10938,,,,1,,1,0.0,,,,,,0,,,0.015625,105271,436.0,,-2.4748666286468506,,0.421875,1.3068766593933105,,2.4748666286468506,123146,0.12584254145622253,,,,,,,,,0,,0.006373371928930283,-2.4748666286468506,0.2202565954378988,,,-0.057246796786785126,,105269.0,,,545,24,-0.02468295209109783,1,,0.031967717362874334,0.421875,,0.125,256.38371658325195,,45186,,0.0014903508126735687,,421076,347.9236993007362,1493,,,0,,,,,-0.02468295209109783,1.513591828774445e-05,3.4733028411865234,0,,,13.460838556289673,,,7104.456580222,3.196567539125681,2.4748666286468506,101.16796875,0.421875,1,,,,,,,27,,0.001,347.9236993007362,66.83260822296143,327.61040380224586,,0.007591426581248233,,0,,0,,1e-06,0,,64,,,,,,,,,105268,,0.421875,,9ggix50f,Vanilla GRPO,,
25,1767248757.0602956,,,0,5751.8125,0.14667247235774994,296,0.1684144213795662,,,,0.7591277698130829,,75163,,,329.77620047875985,11884,,,,1,,1,0.0,,,,,,0,,,0.015625,98206,385.875,,-1.20761239528656,,0.25,1.436638593673706,,2.4748666286468506,129616,0.15101483464241028,,,,,,,,,0,,0.007895253598690033,-1.20761239528656,0.22457414565536274,,,0.12210279703140259,,98203.0,,,575,25,-0.02647637389600277,1,,0.030917101426294422,0.25,,0.125,256.5786666870117,,54453,,0.0015919134020805359,,392812,297.7868016473949,611,,,0,,,,,-0.02647637389600277,2.0099318754747903e-05,3.114698212593794,0,,,12.144608445465565,,,7335.46765289,2.8840044662356377,2.4748666286468506,101.16796875,0.25,1,,,,,,,16,,0.001,297.7868016473949,66.83260822296143,279.4470781125128,,0.0073419459340234965,,0,,0,,1e-06,0,,64,,,,,,,,,98199,,0.25,,9ggix50f,Vanilla GRPO,,
26,1767248988.071356,,,0,4530.359375,0.0800846517086029,296,0.14889050275087357,,,,0.7447431992659407,,58752,,,335.6974140511833,11716,,,,1,,1,0.0,,,,,,0,,,0.015625,77556,316.25,,-1.6201815605163574,,0.4375,1.4518033266067505,,1.6201815605163574,97920,0.17270316183567047,,,,,,,,,0,,0.008448373526334763,-1.6201815605163574,0.21369799808576956,,,0.010690409690141678,,77545.75,,,421,26,-0.029017852619290352,1,,0.031794072133711396,0.4375,,0.125,256.9569435119629,,39168,,0.001964859664440155,,310183,230.99894951283932,520,,,0,,,,,-0.029017852619290352,2.7236739364616252e-05,2.6858713515102863,0,,,9.861980676651001,,,7675.616434347,2.3386516086757183,1.6201815605163574,101.16796875,0.4375,1,,,,,,,28,,0.001,230.99894951283932,66.83260822296143,215.93307742476463,,0.007539586659087437,,0,,0,,1e-06,0,,64,,,,,,,,,77538,,0.4375,,9ggix50f,Vanilla GRPO,,
27,1767249328.2201326,,,0,6640.0625,0.107480987906456,296,0.16563935205340385,,,,0.7536455691817309,,80983,,,332.48408802589745,10642,,,,1,,1,0.0,,,,,,0,,,0.015625,113101,428.125,,-1.6201815605163574,,0.28125,1.3301693201065063,,2.4748666286468506,148635,0.12725485861301422,,,,,,,,,0,,0.007497601211071014,-1.6201815605163574,0.2454477532887332,,,-0.02088051475584507,,113091.0,,,558,27,-0.022051768377423286,1,,0.029073459941188654,0.28125,,0.125,257.2648468017578,,67652,,0.002115696668624878,,452364,340.1395858414471,1102,,,0,,,,,-0.022051768377423286,1.6574265881173158e-05,3.3884351439774036,0,,,13.151786632835865,,,7973.562452366,3.134394470602274,2.4748666286468506,101.16796875,0.28125,1,,,,,,,18,,0.001,340.1395858414471,66.83260822296143,320.27223566174507,,0.00692892111353307,,0,,0,,1e-06,0,,64,,,,,,,,,113079,,0.28125,,9ggix50f,Vanilla GRPO,,
28,1767249626.166167,,,0,5587.984375,0.18110181391239166,296,0.16605815291404724,,,,0.7797163935614113,,60247,,,320.6384273364022,11700,,,,1,,1,0.0,,,,,,0,,,0.015625,95538,382.625,,-1.6201815605163574,,0.34375,1.4243828058242798,,2.4748666286468506,119437,0.13887682557106018,,,,,,,,,0,,0.007842682301998138,-1.6201815605163574,0.21359780368527903,,,-0.10805211961269379,,95529.75,,,560,28,-0.01882055588066578,1,,0.03302703109796856,0.34375,,0.125,257.88646697998047,,59190,,0.0014934949576854706,,382119,297.93606085702777,536,,,0,,,,,-0.01882055588066578,2.0524188281656076e-05,3.28303924202919,0,,,12.620256096124649,,,8254.259930567,2.9855341017246246,2.4748666286468506,101.16796875,0.34375,1,,,,,,,22,,0.001,297.93606085702777,66.83260822296143,278.8507535457611,,0.007813100373770015,,0,,0,,1e-06,0,,64,,,,,,,,,95524,,0.34375,,9ggix50f,Vanilla GRPO,,
29,1767249906.8636553,,,0,5041.171875,0.2704821228981018,296,0.17117976769804955,,,,0.8130901479175338,,59242,,,309.5155316956936,12911,,,,1,,1,0.0,,,,,,0,,,0.015625,86882,388.625,,-1.6201815605163574,,0.484375,1.51774263381958,,2.4748666286468506,140213,0.13399411737918854,,,,,,,,,0,,0.00895950198173523,-1.6201815605163574,0.2044249908420993,,,-0.039375003427267075,,86876.75,,,737,29,-0.041260380297899246,1,,0.034920603053003436,0.484375,,0.125,258.32292556762695,,80971,,0.0028037279844284058,,347507,280.686237372458,597,,,0,,,,,-0.041260380297899246,2.578222016170963e-05,3.1235663257539272,0,,,12.135154005140066,,,8496.818857786,2.8915784396231174,2.4748666286468506,101.16796875,0.484375,1,,,,,,,31,,0.001,280.686237372458,66.83260822296143,262.3313398733735,,0.008320921419203405,,0,,0,,1e-06,0,,64,,,,,,,,,86874,,0.484375,,9ggix50f,Vanilla GRPO,,
30,1767250149.4225874,,,0,4662.0,0.7496118545532227,296,0.13959576934576035,,,,0.7592121529392298,,46146,,,330.249143566387,10298,,,,1,,1,0.0,,,,,,0,,,0.015625,80109,344.375,,-1.6201815605163574,,0.375,1.40553879737854,,2.4748666286468506,101402,0.16515573859214783,,,,,,,,,0,,0.006826922297477722,-1.6201815605163574,0.20529073006843263,,,0.1347649861127138,,80102.0,,,510,30,-0.031635038554668427,1,,0.032942796824587166,0.375,,0.125,258.1142044067383,,55256,,0.0038942843675613403,,320408,242.55021265149117,567,,,0,,,,,-0.031635038554668427,2.1306965798225146e-05,2.7880037017166615,0,,,10.555135644972324,,,8855.879482903,2.5064433477818966,2.4748666286468506,101.16796875,0.375,1,,,,,,,24,,0.001,242.55021265149117,66.83260822296143,226.52461164817214,,0.00782266156831882,,0,,0,,1e-06,0,,64,,,,,,,,,80094,,0.375,,9ggix50f,Vanilla GRPO,,
31,1767250508.4831822,,,0,6703.734375,0.24219700694084167,296,0.18011058494448662,,,,0.7889682306361118,,92202,,,319.8368502259152,13270,,,,1,,1,0.0,,,,,,0,,,0.015625,114862,473.625,,-2.4748666286468506,,0.359375,1.2998933792114258,,2.4748666286468506,125149,0.11478760838508606,,,,,,,,,0,,0.007312115281820297,-2.4748666286468506,0.2508477879377115,,,0.04693159833550453,,114837.75,,,709,31,-0.02414686232805252,1,,0.029567291694646707,0.359375,,0.125,258.9363784790039,,32947,,0.003351602703332901,,459351,359.051028419286,863,,,0,,,,,-0.02414686232805252,1.5918361518360247e-05,3.549069073051214,0,,,13.58176500722766,,,9162.180119477,3.2082823887467384,2.4748666286468506,101.16796875,0.359375,1,,,,,,,23,,0.001,359.051028419286,66.83260822296143,338.49814070388675,,0.006984380982618386,,0,,0,,1e-06,0,,64,,,,,,,,,114818,,0.359375,,9ggix50f,Vanilla GRPO,,
32,1767250814.7838044,,,0,6282.921875,0.36797165870666504,296,0.16090047359466553,,,,0.7161242223299095,,81850,,,348.38074526472815,8760,,,,1,,1,0.0,,,,,,0,,,0.015625,106706,386.125,,-0.935412585735321,,0.234375,1.3400802612304688,,2.4748666286468506,136497,0.13663366436958313,,,,,,,,,0,,0.006249342113733292,-0.935412585735321,0.24434627347840396,,,0.028278665617108345,,106704.75,,,464,32,-0.022396059706807137,1,,0.028666967693835383,0.234375,,0.125,258.89599609375,,54647,,0.0015692487359046936,,426819,306.2877367660403,1207,,,0,,,,,-0.022396059706807137,1.4641668046017848e-05,3.096799537539482,0,,,12.235606484115124,,,9424.734120596,2.811785001307726,2.4748666286468506,101.16796875,0.234375,1,,,,,,,15,,0.001,306.2877367660403,66.83260822296143,287.9585626684129,,0.00658776905739371,,0,,0,,1e-06,0,,64,,,,,,,,,106703,,0.234375,,9ggix50f,Vanilla GRPO,,
33,1767251077.3378046,,,0,4323.359375,0.1991761177778244,296,0.13651026785373688,,,,0.8956976110913799,,41133,,,283.8910150128573,8603,,,,1,,1,0.0,,,,,,0,,,0.015625,74554,335.0,,-2.4748666286468506,,0.46875,1.1032017469406128,,1.20761239528656,104239,0.18429559469223022,,,,,,,,,0,,0.006352607160806656,-2.4748666286468506,0.20639028900611497,,,-0.1379321813583374,,74533.75,,,423,33,-0.06082817539572716,1,,0.032168458323461345,0.46875,,0.125,259.1216697692871,,63106,,0.0020294897258281708,,298135,262.5435327589512,518,,,0,,,,,-0.06082817539572716,2.1307820822133114e-05,2.5668274872004986,0,,,9.590543322265148,,,9735.391216284,2.3790628612041473,1.20761239528656,101.16796875,0.46875,1,,,,,,,30,,0.001,262.5435327589512,66.83260822296143,247.83505050092936,,0.007979817402197486,,0,,0,,1e-06,0,,64,,,,,,,,,74505,,0.46875,,9ggix50f,Vanilla GRPO,,
34,1767251387.9949255,,,0,6101.0,0.18709826469421387,296,0.15365362539887428,,,,0.7463257236961398,,97046,,,335.2643592267799,9615,,,,1,,1,0.0,,,,,,0,,,0.015625,104154,408.25,,-1.6201815605163574,,0.40625,1.6745169162750244,,2.4748666286468506,119464,0.1296370029449463,,,,,,,,,0,,0.008880913257598877,-1.6201815605163574,0.2307959255178266,,,0.0629777405411005,,104148.0,,,512,34,-0.03147533908486366,1,,0.030430630379533394,0.40625,,0.125,259.6074333190918,,22418,,0.002054758369922638,,416592,310.6444127857685,1212,,,0,,,,,-0.03147533908486366,2.1318012005988778e-05,3.285467926412821,0,,,12.677157171070576,,,10031.809950431,3.0867133736610413,2.4748666286468506,101.16796875,0.40625,1,,,,,,,26,,0.001,310.6444127857685,66.83260822296143,291.41332737728953,,0.007409439868410918,,0,,0,,1e-06,0,,64,,,,,,,,,104141,,0.40625,,9ggix50f,Vanilla GRPO,,
35,1767251684.4136517,,,0,5664.359375,0.18998582661151886,296,0.1557673066854477,,,,0.7671163489560443,,65511,,,326.2975779946383,10456,,,,1,,1,0.0,,,,,,0,,,0.015625,96726,380.5,,-2.4748666286468506,,0.34375,1.2128169536590576,,2.4748666286468506,127559,0.13899296522140503,,,,,,,,,0,,0.006374582648277283,-2.4748666286468506,0.22337829259598815,,,0.00809328630566597,,96717.75,,,546,35,-0.024874988943338394,1,,0.031198576879586513,0.34375,,0.125,260.08251571655273,,62048,,0.0021155737340450287,,386871,296.4096472747624,742,,,0,,,,,-0.024874988943338394,1.64772822162356e-05,3.211589727550745,0,,,12.069824635982513,,,10339.792396338,2.8513530157506466,2.4748666286468506,101.16796875,0.34375,1,,,,,,,22,,0.001,296.4096472747624,66.83260822296143,278.09425170719624,,0.007370294014673228,,0,,0,,1e-06,0,,64,,,,,,,,,96711,,0.34375,,9ggix50f,Vanilla GRPO,,
36,1767251992.396104,,,0,5629.953125,0.6255325078964233,296,0.1684100739657879,,,,0.7983432427103396,,52558,,,314.181690664956,12862,,,,1,,1,0.0,,,,,,0,,,0.015625,96763,417.5,,-2.4748666286468506,,0.390625,1.2530100345611572,,2.4748666286468506,177968,0.1402921825647354,,,,,,,,,0,,0.008561559021472931,-2.4748666286468506,0.21198782196221605,,,-0.12731811217963696,,96759.25,,,737,36,-0.05453282222151756,1,,0.03450073519185848,0.390625,,0.125,260.01935958862305,,125410,,0.0017458423972129822,,387037,307.9722748808563,530,,,0,,,,,-0.05453282222151756,2.2120776622061794e-05,3.4730521589517593,0,,,13.35306104645133,,,10756.818043545,3.2912220396101475,2.4748666286468506,101.16796875,0.390625,1,,,,,,,25,,0.001,307.9722748808563,66.83260822296143,287.65664218366146,,0.008503636705560832,,0,,0,,1e-06,0,,64,,,,,,,,,96753,,0.390625,,9ggix50f,Vanilla GRPO,,
37,1767252409.4217558,,,0,5987.21875,0.11315357685089111,296,0.19835840165615082,,,,1.0326362945118293,,62495,,,245.09428455288173,18202,,,,1,,1,0.0,,,,,,0,,,0.015625,102213,400.75,,-1.20761239528656,,0.359375,1.6249662637710571,,2.4748666286468506,146412,0.1371038258075714,,,,,,,,,0,,0.010467290878295898,-1.20761239528656,0.21110155804150063,,,0.011125758290290833,,102207.5,,,733,37,-0.05075763911008835,1,,0.034302046103661527,0.359375,,0.125,260.6393852233887,,83917,,0.0034524500370025635,,408830,417.01298823207617,681,,,0,,,,,-0.05075763911008835,2.5603040085844724e-05,3.755474127829075,0,,,14.023705508559942,,,11032.690052633,3.308012954890728,2.4748666286468506,101.16796875,0.359375,1,,,,,,,23,,0.001,417.01298823207617,71.25931453704834,395.68764060363173,,0.008091414414036954,,0,,0,,1e-06,0,,64,,,,,,,,,102194,,0.359375,,9ggix50f,Vanilla GRPO,,
38,1767252685.2937515,,,0,5345.25,0.23951663076877594,296,0.17777639999985695,,,,0.7523624221986182,,68616,,,330.8814443630025,10319,,,,1,,1,0.0,,,,,,0,,,0.015625,91282,359.625,,-1.6201815605163574,,0.359375,1.2173771858215332,,2.4748666286468506,111040,0.16246455907821655,,,,,,,,,0,,0.008778918534517288,-1.6201815605163574,0.20865470492388474,,,-0.06342845223844051,,91278.0,,,544,38,-0.024035142734646797,1,,0.03352422928280666,0.359375,,0.125,260.9710807800293,,42424,,0.00346982479095459,,365112,275.8631574995816,830,,,0,,,,,-0.024035142734646797,2.4044453577305837e-05,3.099524311721325,0,,,12.240098401904106,,,11418.454748901,2.930516764521599,2.4748666286468506,103.236328125,0.359375,1,,,,,,,23,,0.001,275.8631574995816,71.25931453704834,257.3801751844585,,0.008026350173430615,,0,,0,,1e-06,0,,64,,,,,,,,,91271,,0.359375,,9ggix50f,Vanilla GRPO,,
39,1767253071.0584257,,,0,4777.265625,0.15593750774860382,296,0.20884337276220322,,,,1.2048622461479934,,64524,,,212.26843777320593,21580,,,,1,,1,0.0,,,,,,0,,,0.015625,88474,340.375,,-1.6201815605163574,,0.40625,1.5194813013076782,,1.6201815605163574,103254,0.17891551554203033,,,,,,,,,0,,0.015420522540807724,-1.6201815605163574,0.19851937692981328,,,-0.1375025473535061,,81882.25,,,467,39,-0.09050057083368301,1,,0.03486388403750926,0.40625,,0.125,261.3805809020996,,38730,,0.002705514430999756,,327529,385.7485873028636,951,,,0,,,,,-0.09050057083368301,4.708139597045673e-05,2.950866010040045,0,,,11.41893307492137,,,11572.813060921,2.74601798504591,1.6201815605163574,103.236328125,0.40625,1,,,,,,,26,,0.001,385.7485873028636,75.59642171859741,368.3806074485183,,0.008384045336583662,,0,,0,,1e-06,0,,64,,,,,,,,,79677,,0.40625,,9ggix50f,Vanilla GRPO,,
40,1767253225.4167793,,,0,4068.078125,0.13826142251491547,296,0.13803274929523468,,,,0.5335613231186699,,55976,,,456.64044353900897,9833,,,,1,,1,0.0,,,,,,0,,,0.015625,70495,337.0,,-1.6201815605163574,,0.484375,1.289099931716919,,2.4748666286468506,85950,0.2000582069158554,,,,,,,,,0,,0.0065699294209480286,-1.6201815605163574,0.18276518077154472,,,-0.03585060127079487,,70481.25,,,492,40,-0.0476071760058403,1,,0.035772785759779796,0.484375,,0.125,260.9557685852051,,29974,,0.0020706504583358765,,281925,154.3473667241633,494,,,0,,,,,-0.0476071760058403,2.3303819884536768e-05,2.6983884759247303,0,,,10.085242625325918,,,12020.411124934,2.479617267847061,2.4748666286468506,103.236328125,0.484375,1,,,,,,,31,,0.001,154.3473667241633,75.59642171859741,138.91642540320754,,0.008795308212634783,,0,,0,,1e-06,0,,64,,,,,,,,,70471,,0.484375,,9ggix50f,Vanilla GRPO,,
41,1767253673.0148308,,,0,5959.84375,0.4432065486907959,296,0.21824908256530762,,,,1.1183463719409292,,84958,,,226.24908291134983,21580,,,,1,,1,0.0,,,,,,0,,,0.015625,106297,369.125,,-0.935412585735321,,0.34375,1.2116862535476685,,2.4748666286468506,124008,0.14030082523822784,,,,,,,,,0,,0.012321274727582932,-0.935412585735321,0.20843307290513927,,,-0.08699210360646248,,101263.5,,,546,41,-0.03876523673534393,1,,0.034144914158493286,0.34375,,0.125,262.11585998535156,,39050,,0.002705242484807968,,405054,447.5752948783338,1262,,,0,,,,,-0.03876523673534393,3.0418844715971036e-05,3.622004944831133,0,,,13.830534059554338,,,12540.803620092,3.297897767275572,2.4748666286468506,103.236328125,0.34375,1,,,,,,,22,,0.001,447.5752948783338,75.59642171859741,426.5708566494286,,0.00814187186714752,,0,,0,,1e-06,0,,64,,,,,,,,,99574,,0.34375,,9ggix50f,Vanilla GRPO,,
42,1767254193.4073112,,,0,6510.03125,0.017915941774845123,296,0.2271096669137478,,,,1.1927749756216763,,87130,,,213.87723368400208,21580,,,,1,,1,0.0,,,,,,0,,,0.015625,113498,446.0,,-2.4748666286468506,,0.40625,1.3313111066818237,,2.4748666286468506,134666,0.1345064789056778,,,,,,,,,0,,0.010557375848293304,-2.4748666286468506,0.21185807514935742,,,0.2976625021547079,,111296.5,,,708,42,-0.07068157941102982,1,,0.03495800418122479,0.40625,,0.125,262.3724060058594,,47536,,0.0036404989659786224,,445186,520.3756289668381,744,,,0,,,,,-0.07068157941102982,2.3714527968744086e-05,3.897474307566881,0,,,15.562814049422741,,,12781.867597027,3.689857143908739,2.4748666286468506,103.236328125,0.40625,1,,,,,,,26,,0.001,520.3756289668381,76.04878377914429,496.9601513929665,,0.008288349462716121,,0,,0,,1e-06,0,,64,,,,,,,,,110541,,0.40625,,9ggix50f,Vanilla GRPO,,
43,1767254434.4713054,,,0,3906.015625,0.7872356176376343,296,0.12651176005601883,,,,0.9052562486247487,,54696,,,281.7568450441929,8605,,,,1,,1,0.0,,,,,,0,,,0.015625,67933,338.875,,-2.4748666286468506,,0.484375,1.3023250102996826,,1.6201815605163574,76038,0.18515987694263458,,,,,,,,,0,,0.00651845708489418,-2.4748666286468506,0.186235563076867,,,-0.16451030410826206,,67918.25,,,470,43,-0.06510045379400253,1,,0.035853528954456704,0.484375,,0.125,262.64966201782227,,21342,,0.0011849328875541687,,271673,241.05270624160767,536,,,0,,,,,-0.06510045379400253,2.399376119413479e-05,2.501241285353899,0,,,9.740435771644115,,,13065.51874685,2.354518175125122,1.6201815605163574,103.236328125,0.484375,1,,,,,,,31,,0.001,241.05270624160767,76.04878377914429,226.3004833124578,,0.008666736021338602,,0,,0,,1e-06,0,,64,,,,,,,,,67904,,0.484375,,9ggix50f,Vanilla GRPO,,
44,1767254718.1224897,,,0,5389.34375,0.1960340142250061,296,0.14802466705441475,,,,0.7727423020726815,,67651,,,324.82336405477463,10330,,,,1,,1,0.0,,,,,,0,,,0.015625,92136,369.0,,-2.4748666286468506,,0.421875,1.32880437374115,,1.6201815605163574,133513,0.14438234269618988,,,,,,,,,0,,0.007104314863681793,-2.4748666286468506,0.22614978171390435,,,-0.017528142780065536,,92133.5,,,542,44,-0.03477773442864418,1,,0.03071424065907683,0.421875,,0.125,262.81960678100586,,65862,,0.0013750307261943817,,368534,283.64185029640794,511,,,0,,,,,-0.03477773442864418,1.9277230496187036e-05,2.904565069824457,0,,,11.319241967052221,,,13335.866840617,2.70980579033494,1.6201815605163574,103.236328125,0.421875,1,,,,,,,27,,0.001,283.64185029640794,76.04878377914429,266.53272934630513,,0.007352932946037381,,0,,0,,1e-06,0,,64,,,,,,,,,92129,,0.421875,,9ggix50f,Vanilla GRPO,,
45,1767254988.4705985,,,0,4823.34375,0.20782774686813354,296,0.13240432366728783,,,,0.8221801988234981,,64632,,,306.96781202412825,9041,,,,1,,1,0.0,,,,,,0,,,0.015625,82990,363.25,,-1.6201815605163574,,0.515625,1.4720124006271362,,1.6201815605163574,102287,0.13893939554691315,,,,,,,,,0,,0.006732068955898285,-1.6201815605163574,0.20281947842047018,,,-0.06643149629235268,,82985.5,,,469,45,-0.039957087486982346,1,,0.033184907122292856,0.515625,,0.125,262.69759368896484,,37655,,0.0011590532958507538,,331942,270.33941914886236,584,,,0,,,,,-0.039957087486982346,2.0280859173886657e-05,2.777256339788437,0,,,11.015464439988136,,,13828.398286703,2.5879824943840504,1.6201815605163574,103.236328125,0.515625,1,,,,,,,33,,0.001,270.33941914886236,76.04878377914429,253.80209429562092,,0.0077964900325480065,,0,,0,,1e-06,0,,64,,,,,,,,,82982,,0.515625,,9ggix50f,Vanilla GRPO,,
46,1767255481.0019658,,,0,5720.96875,0.2537381052970886,296,0.2184070236980915,,,,1.2869981579735819,,76494,,,198.91555125398247,21580,,,,1,,1,0.0,,,,,,0,,,0.015625,101570,402.125,,-2.4748666286468506,,0.5,1.3297796249389648,,2.4748666286468506,114915,0.1271972507238388,,,,,,,,,0,,0.01034025102853775,-2.4748666286468506,0.19864349627909933,,,-0.06807763502001762,,97969.5,,,576,46,-0.055385421961545944,1,,0.035925910505528784,0.5,,0.125,263.41362380981445,,38421,,0.0052413977682590485,,391878,492.5180529244244,1341,,,0,,,,,-0.055385421961545944,2.6386403494296058e-05,3.606597613543272,0,,,14.07857395708561,,,14130.9048665,3.34932604059577,2.4748666286468506,103.236328125,0.5,1,,,,,,,32,,0.001,492.5180529244244,76.04878377914429,471.2240795567632,,0.00854685907500745,,0,,0,,1e-06,0,,64,,,,,,,,,96766,,0.5,,9ggix50f,Vanilla GRPO,,
47,1767255783.5085967,,,0,4940.5625,0.39849260449409485,296,0.158904779702425,,,,0.901073192697764,,58634,,,281.7331535466165,9790,,,,1,,1,0.0,,,,,,0,,,0.015625,85231,385.875,,-2.4748666286468506,,0.53125,1.5862113237380981,,2.4748666286468506,119068,0.1272038370370865,,,,,,,,,0,,0.006031543016433716,-2.4748666286468506,0.2006294392543709,,,-0.0867419671267271,,85223.0,,,560,47,-0.026673248037695885,1,,0.034201319708633555,0.53125,,0.125,263.3839416503906,,60434,,0.0022759847342967987,,340892,302.4954604282975,589,,,0,,,,,-0.026673248037695885,1.7693413211321227e-05,2.999926295131445,0,,,11.658956278115511,,,14403.425241761,2.733133442699909,2.4748666286468506,103.236328125,0.53125,1,,,,,,,34,,0.001,302.4954604282975,76.04878377914429,284.9157392382622,,0.008017593380601214,,0,,0,,1e-06,0,,64,,,,,,,,,85217,,0.53125,,9ggix50f,Vanilla GRPO,,
48,1767256056.0289176,,,0,4547.65625,0.27350497245788574,296,0.14734799414873123,,,,0.8787027993085068,,52473,,,289.7144463331802,11626,,,,1,,1,0.0,,,,,,0,,,0.015625,78957,386.75,,-1.6201815605163574,,0.5,1.2135475873947144,,1.6201815605163574,110303,0.1392192393541336,,,,,,,,,0,,0.007407058030366898,-1.6201815605163574,0.19760689436196696,,,-0.07655184715986252,,78950.5,,,575,48,-0.029205648228526115,1,,0.03467149233770265,0.5,,0.125,264.1180992126465,,57830,,0.0015090331435203552,,315802,272.51143668964505,506,,,0,,,,,-0.029205648228526115,2.3454753390944e-05,2.897165399044752,0,,,10.949326623231173,,,14710.156593879,2.74290631711483,1.6201815605163574,103.236328125,0.5,1,,,,,,,32,,0.001,272.51143668964505,76.04878377914429,255.74644973874092,,0.008685525478352987,,0,,0,,1e-06,0,,64,,,,,,,,,78941,,0.5,,9ggix50f,Vanilla GRPO,,
49,1767256362.7603745,,,0,5248.859375,0.552504301071167,296,0.15146498382091522,,,,0.8645147070906437,,78090,,,294.25821051969496,9684,,,,1,,1,0.0,,,,,,0,,,0.015625,90262,392.125,,-1.6201815605163574,,0.40625,1.753288984298706,,2.4748666286468506,105499,0.1368279606103897,,,,,,,,,0,,0.006497431546449661,-1.6201815605163574,0.23201887329146137,,,-0.05955470912158489,,90255.75,,,494,49,-0.03939421474933624,1,,0.02958934819048206,0.40625,,0.125,264.2318878173828,,27409,,0.0033123046159744263,,361023,306.7229622602463,769,,,0,,,,,-0.03939421474933624,1.799727869540074e-05,2.881302796304226,0,,,10.682435251772404,,,15880.358896157,2.5671796798706055,2.4748666286468506,103.236328125,0.40625,1,,,,,,,26,,0.001,306.7229622602463,76.04878377914429,290.41383200883865,,0.007110848006555276,,0,,0,,1e-06,0,,64,,,,,,,,,90252,,0.40625,,9ggix50f,Vanilla GRPO,,
50,1767257532.962389,0.25,1.0,0,3688.078125,0.5719874501228333,296,0.1504361517727375,,,0.5428571428571428,0.9745539828979702,0.002,35636,0.0,,55.3874175039848,12737,0.0,0.24143357728128884,,1,0.24431703295843926,1,0.0,0.0,,0.0,,,0,0.48936170212765956,,0.015625,64822,362.75,,-1.6201815605163574,0.992,0.671875,1.6705243587493896,0.37506666666666677,1.20761239528656,108186,0.14861123263835907,0.752375,,0.044676615807377355,0.0,,,,,0,,0.020285706967115402,-1.6201815605163574,0.17217568969842306,,,0.018658608198165894,0.27632185740998655,64813.25,1.0,0.27703428668085656,697,50,-0.05281541869044304,1,,0.039839807545743365,0.671875,1.0,0.125,264.61145401000977,0.21999772726098782,72550,,0.003851167857646942,,259253,1170.1800322309136,533,,,0,924.285303786397,,,,-0.05281541869044304,7.82467588306226e-05,2.861354649066925,0,0.0,0.0,10.328589625656605,,0.0,16154.543221477,2.4799301251769066,1.20761239528656,103.236328125,0.671875,1,,0.49988681380726513,0.6913333333333332,,0.08908422980528034,0.5,43,,0.001,1170.1800322309136,76.04878377914429,230.0307984612882,0.35355339059327373,0.00956567571128167,0.918,0,0.0,0,,1e-06,0,0.2743647207641682,64,1.0,,0.5833333333333334,0.0,0.25175,,,0.051,64803,0.0,0.671875,0.0,9ggix50f,Vanilla GRPO,,
51,1767257807.1469157,,,0,4787.8125,0.259469598531723,296,0.14001138880848885,,,,0.8381429723517506,,61490,,,300.94352345542376,10498,,,,1,,1,0.0,,,,,,0,,,0.015625,82512,369.125,,-1.6201815605163574,,0.546875,1.2821921110153198,,1.6201815605163574,107705,0.14729760587215424,,,,,,,,,0,,0.00758124515414238,-1.6201815605163574,0.19809050024122563,,,-0.2903714179992676,,82511.0,,,559,51,-0.027695009484887123,1,,0.03487472121107746,0.546875,,0.125,265.6459159851074,,46215,,0.002408687025308609,,330044,274.17436684668064,552,,,0,,,,,-0.027695009484887123,2.2970407443075408e-05,2.9345811270177364,0,,,11.51019248738885,,,16426.91899538,2.7319945879280567,1.6201815605163574,103.236328125,0.546875,1,,,,,,,35,,0.001,274.17436684668064,76.04878377914429,256.8237695880234,,0.008277667789531264,,0,,0,,1e-06,0,,64,,,,,,,,,82510,,0.546875,,9ggix50f,Vanilla GRPO,,
52,1767258079.5227346,,,0,4558.25,0.2151688039302826,296,0.1653599813580513,,,,0.8752309966477707,,61938,,,290.5305138534464,12920,,,,1,,1,0.0,,,,,,0,,,0.015625,79135,387.375,,-1.6201815605163574,,0.46875,1.2901026010513306,,1.20761239528656,108281,0.13937605917453766,,,,,,,,,0,,0.007843222469091415,-1.6201815605163574,0.1924357237873882,,,0.2283446602523327,,79130.0,,,737,52,-0.04153217002749443,1,,0.03553041450337515,0.46875,,0.125,266.08304595947266,,46343,,0.0020929835736751556,,316520,272.36381800472736,495,,,0,,,,,-0.04153217002749443,2.4779547798216274e-05,2.945041473954916,0,,,11.246086798608303,,,16693.372979238,2.6485096253454685,1.20761239528656,103.236328125,0.46875,1,,,,,,,30,,0.001,272.36381800472736,76.04878377914429,255.32938819006085,,0.008367590121778935,,0,,0,,1e-06,0,,64,,,,,,,,,79126,,0.46875,,9ggix50f,Vanilla GRPO,,
53,1767258345.9767466,,,0,4626.140625,0.5734262466430664,296,0.1391213797032833,,,,0.8425601080022711,,57681,,,300.2455387190092,9766,,,,1,,1,0.0,,,,,,0,,,0.015625,80001,373.75,,-1.6201815605163574,,0.53125,1.3857098817825317,,2.4748666286468506,110734,0.14041823148727417,,,,,,,,,0,,0.0069570764899253845,-1.6201815605163574,0.19988865530755656,,,0.07807291485369205,,79998.25,,,470,53,-0.04589829593896866,1,,0.0345228062129649,0.53125,,0.125,266.3628616333008,,53053,,0.0018605738878250122,,319993,266.44275995343924,334,,,0,,,,,-0.04589829593896866,2.1741339622821074e-05,3.103084836155176,0,,,11.047056328505278,,,17047.95084132,2.667971219867468,2.4748666286468506,103.236328125,0.53125,1,,,,,,,34,,0.001,266.44275995343924,76.04878377914429,249.45929885655642,,0.008337592446920613,,0,,0,,1e-06,0,,64,,,,,,,,,79995,,0.53125,,9ggix50f,Vanilla GRPO,,
54,1767258700.5545907,,,0,5933.59375,0.342194139957428,296,0.17068017646670341,,,,0.876787805690665,,38993,,,288.3438080885812,13470,,,,1,,1,0.0,,,,,,0,,,0.015625,102252,456.25,,-2.4748666286468506,,0.53125,1.0327458381652832,,1.6201815605163574,184540,0.10667315125465393,,,,,,,,,0,,0.009509310126304626,-2.4748666286468506,0.21259506518185972,,,-0.03597567044198513,,102237.5,,,711,54,-0.022533651441335678,1,,0.03495592550618358,0.53125,,0.125,266.7267723083496,,145547,,0.0018401406705379486,,408950,354.5680438838899,532,,,0,,,,,-0.022533651441335678,2.3252989671853837e-05,3.67152451723814,0,,,14.295225735753775,,,17307.259157645,3.4375995472073555,1.6201815605163574,103.236328125,0.53125,1,,,,,,,34,,0.001,354.5680438838899,76.04878377914429,332.96016921103,,0.008405916486630041,,0,,0,,1e-06,0,,64,,,,,,,,,102218,,0.53125,,9ggix50f,Vanilla GRPO,,
55,1767258959.862888,,,0,3506.1875,0.7390669584274292,296,0.12604374438524246,,,,1.0925697441451876,,27112,,,239.30207596163896,9910,,,,1,,1,0.0,,,,,,0,,,0.015625,62054,372.0,,-2.4748666286468506,,0.6875,0.9863149523735046,,2.4748666286468506,104757,0.15453416109085083,,,,,,,,,0,,0.006352715194225311,-2.4748666286468506,0.18293497937230205,,,-0.06385806389153004,,62051.0,,,545,55,-0.028591331094503403,1,,0.03709397798262143,0.6875,,0.125,267.10235595703125,,77645,,0.002024628221988678,,248204,259.2998817525804,352,,,0,,,,,-0.028591331094503403,2.55947333412246e-05,2.450409919023514,0,,,9.206873711198568,,,17540.892137111,2.3147042021155357,2.4748666286468506,103.236328125,0.6875,1,,,,,,,44,,0.001,259.2998817525804,76.04878377914429,245.16828030720353,,0.009325813452303492,,0,,0,,1e-06,0,,64,,,,,,,,,62048,,0.6875,,9ggix50f,Vanilla GRPO,,
56,1767259193.4958408,,,0,3665.96875,0.38292255997657776,296,0.1320466659963131,,,,0.9329187873112287,,51934,,,273.63334799443317,8488,,,,1,,1,0.0,,,,,,0,,,0.015625,63929,329.5,,-2.4748666286468506,,0.578125,1.334093689918518,,1.20761239528656,85452,0.17685891687870026,,,,,,,,,0,,0.006525278091430664,-2.4748666286468506,0.17303767961483948,,,0.03375377878546715,,63927.5,,,421,56,-0.04858196899294853,1,,0.037875038629091744,0.578125,,0.125,267.1795120239258,,33518,,0.0018233731389045715,,255710,233.62466771155596,553,,,0,,,,,-0.04858196899294853,2.5518274965510398e-05,2.51843074709177,0,,,9.685026127845049,,,17720.056941987,2.3795736394822598,1.20761239528656,103.236328125,0.578125,1,,,,,,,37,,0.001,233.62466771155596,76.04878377914429,218.8832717165351,,0.009305751200509403,,0,,0,,1e-06,0,,64,,,,,,,,,63926,,0.578125,,9ggix50f,Vanilla GRPO,,
57,1767259372.660686,,,0,4019.125,0.22860011458396912,296,0.1420910879969597,,,,0.6410041308255315,,33552,,,390.02048883808794,10826,,,,1,,1,0.0,,,,,,0,,,0.015625,69887,348.0,,-2.4748666286468506,,0.578125,1.0727368593215942,,2.4748666286468506,107224,0.1531444787979126,,,,,,,,,0,,0.008444968611001968,-2.4748666286468506,0.19898537736887448,,,-0.27352306991815567,,69874.0,,,512,57,-0.03310897573828697,1,,0.03370918121552376,0.578125,,0.125,267.6568794250488,,73672,,0.00137285515666008,,279496,179.15469058603048,509,,,0,,,,,-0.03310897573828697,3.0214989162642643e-05,2.436576671898365,0,,,9.42158131301403,,,17989.613859339,2.244841519743204,2.4748666286468506,103.236328125,0.578125,1,,,,,,,37,,0.001,179.15469058603048,76.04878377914429,164.88164654746652,,0.008031748288859962,,0,,0,,1e-06,0,,64,,,,,,,,,69849,,0.578125,,9ggix50f,Vanilla GRPO,,
58,1767259642.2176096,,,0,4355.421875,0.3681403398513794,296,0.14481604099273682,,,,0.905178207597053,,33853,,,280.68354876252573,9664,,,,1,,1,0.0,,,,,,0,,,0.015625,75669,373.0,,-2.4748666286468506,,0.5625,1.1797702312469482,,2.4748666286468506,116447,0.15226386487483978,,,,,,,,,0,,0.006313003599643707,-2.4748666286468506,0.18102894259168442,,,0.0937381349503994,,75654.75,,,504,58,-0.03420144319534302,1,,0.03769583900275175,0.5625,,0.125,267.9051513671875,,82594,,0.0030116550624370575,,302619,269.5375284142792,497,,,0,,,,,-0.03420144319534302,2.086122682198972e-05,2.8893696926534176,0,,,11.407477103173733,,,18199.760761926,2.7543299458920956,2.4748666286468506,103.236328125,0.5625,1,,,,,,,36,,0.001,269.5375284142792,76.04878377914429,252.31570983305573,,0.009101642480783082,,0,,0,,1e-06,0,,64,,,,,,,,,75648,,0.5625,,9ggix50f,Vanilla GRPO,,
59,1767259852.3644698,,,0,2766.6875,0.18188191950321198,296,0.10331455990672112,,,,1.120490668251093,,36294,,,234.7466257147619,7105,,,,1,,1,0.0,,,,,,0,,,0.015625,49337,316.375,,-2.4748666286468506,,0.6875,1.1827510595321655,,1.6201815605163574,67555,0.20126089453697205,,,,,,,,,0,,0.006314195692539215,-2.4748666286468506,0.1610127007300624,,,0.1583830565214157,,49329.0,,,397,59,-0.059298910200595856,1,,0.03906088530048844,0.6875,,0.125,267.8793258666992,,31261,,0.0014305748045444489,,197316,210.1372058056295,599,,,0,,,,,-0.059298910200595856,3.2000424154854216e-05,2.0720758251845837,0,,,7.707337643951178,,,18331.248113301,1.8272486217319965,1.6201815605163574,103.236328125,0.6875,1,,,,,,,44,,0.001,210.1372058056295,76.04878377914429,198.4030416458845,,0.009260519277362184,,0,,0,,1e-06,0,,64,,,,,,,,,49321,,0.6875,,9ggix50f,Vanilla GRPO,,
60,1767259983.8517978,,,0,2877.390625,0.13601639866828918,296,0.10789525508880615,,,,0.6468032118254621,,33968,,,387.49879039028633,6936,,,,1,,1,0.0,,,,,,0,,,0.015625,50955,306.875,,-2.4748666286468506,,0.71875,1.0238292217254639,,1.6201815605163574,69252,0.19514931738376617,,,,,,,,,0,,0.005959205329418182,-2.4748666286468506,0.1621425333701187,,,0.10496524721384048,,50948.25,,,358,60,-0.04216848686337471,1,,0.04020386793175152,0.71875,,0.125,268.16511154174805,,35284,,0.001008637249469757,,203793,131.47976526245475,510,,,0,,,,,-0.04216848686337471,2.924146231430021e-05,2.140455424785614,0,,,8.193266857415438,,,18631.482995924,1.9067577384412289,1.6201815605163574,103.236328125,0.71875,1,,,,,,,46,,0.001,131.47976526245475,76.04878377914429,119.11075186729431,,0.00935634559794119,,0,,0,,1e-06,0,,64,,,,,,,,,50938,,0.71875,,9ggix50f,Vanilla GRPO,,
61,1767260284.0867426,,,0,5098.140625,0.8608294725418091,296,0.15922297164797783,,,,0.8714056040365908,,34218,,,293.22932225055416,12846,,,,1,,1,0.0,,,,,,0,,,0.015625,88041,404.0,,-2.4748666286468506,,0.59375,1.1941680908203125,,2.4748666286468506,162953,0.12390483170747757,,,,,,,,,0,,0.007382802665233612,-2.4748666286468506,0.24082279525585282,,,0.07039123773574829,,88034.25,,,732,61,-0.030336497351527214,1,,0.029677256300321427,0.59375,,0.125,268.39441680908203,,128735,,0.0017127953469753265,,352137,300.223215483129,568,,,0,,,,,-0.030336497351527214,2.096571125792976e-05,2.7235969454050064,0,,,10.450460001826286,,,18919.541148534,2.533307008445263,2.4748666286468506,103.236328125,0.59375,1,,,,,,,38,,0.001,300.223215483129,76.04878377914429,284.3230918906629,,0.007194094935906374,,0,,0,,1e-06,0,,64,,,,,,,,,88028,,0.59375,,9ggix50f,Vanilla GRPO,,
62,1767260572.1449153,,,0,4562.28125,0.47197073698043823,296,0.15048867836594582,,,,0.9289042290941141,,46423,,,274.87130545200955,9903,,,,1,,1,0.0,,,,,,0,,,0.015625,79186,386.25,,-2.4748666286468506,,0.546875,1.3639832735061646,,1.6201815605163574,110310,0.1519698053598404,,,,,,,,,0,,0.006697818636894226,-2.4748666286468506,0.19645666660687874,,,0.07463451847434044,,79176.5,,,543,62,-0.05035895109176636,1,,0.03506083637299999,0.546875,,0.125,268.45894622802734,,63887,,0.0031095296144485474,,316706,288.04934683814645,539,,,0,,,,,-0.05035895109176636,2.114837937043891e-05,2.8639051131904125,0,,,11.103977244347334,,,19249.711504341,2.67698185518384,1.6201815605163574,103.236328125,0.546875,1,,,,,,,35,,0.001,288.04934683814645,76.04878377914429,271.227030236274,,0.00845257701206747,,0,,0,,1e-06,0,,64,,,,,,,,,79168,,0.546875,,9ggix50f,Vanilla GRPO,,
63,1767260902.315208,,,0,5939.109375,0.25985828042030334,296,0.15453336387872696,,,,0.818560229706352,,74599,,,309.3085516352388,10536,,,,1,,1,0.0,,,,,,0,,,0.015625,102131,443.5,,-1.6201815605163574,,0.453125,0.995716392993927,,2.4748666286468506,137550,0.13073718547821045,,,,,,,,,0,,0.008600734174251556,-1.6201815605163574,0.22895036852121725,,,0.17195715196430683,,102121.75,,,550,63,-0.0210751723498106,1,,0.030858711387997843,0.453125,,0.125,269.4520454406738,,62951,,0.0019512176513671875,,408487,330.16141797602177,867,,,0,,,,,-0.0210751723498106,2.1055098875243412e-05,3.22444536536932,0,,,12.605382438749075,,,19541.846031452,3.010755456984043,2.4748666286468506,103.236328125,0.453125,1,,,,,,,29,,0.001,330.16141797602177,76.04878377914429,311.13719899207354,,0.007370504953606952,,0,,0,,1e-06,0,,64,,,,,,,,,102117,,0.453125,,9ggix50f,Vanilla GRPO,,
64,1767261194.449764,,,0,4352.875,0.16983002424240112,304,0.1607760339975357,,,,0.9905771709977724,,54927,,,259.99657156872547,8976,,,,1,,1,0.0,,,,,,0,,,0.015625,75971,394.125,,-2.4748666286468506,,0.71875,0.9856331944465637,,0.935412585735321,99401,0.14360083639621735,,,,,,,,,0,,0.008929252624511719,-2.4748666286468506,0.19398312163562179,,,0.013878677040338516,,75952.0,,,464,64,-0.050120409578084946,1,,0.03462020033944578,0.71875,,0.125,269.77734756469727,,44474,,0.001117810606956482,,303808,292.12692898884416,916,,,0,,,,,-0.050120409578084946,2.9391104330734275e-05,2.8545765466988087,0,,,10.517893824726343,,,19794.649919069,2.6055878251791,0.935412585735321,103.236328125,0.71875,1,,,,,,,46,,0.001,292.12692898884416,76.04878377914429,275.95895060524344,,0.00857642927499967,,0,,0,,1e-06,0,,64,,,,,,,,,75942,,0.71875,,9ggix50f,Vanilla GRPO,,
65,1767261447.2536905,,,0,4398.21875,0.7186712622642517,296,0.13214853778481483,,,,0.842164861646698,,61197,,,299.5854198365311,8628,,,,1,,1,0.0,,,,,,0,,,0.015625,75741,335.125,,-2.4748666286468506,,0.515625,1.0802717208862305,,2.4748666286468506,92043,0.1540679633617401,,,,,,,,,0,,0.00653361901640892,-2.4748666286468506,0.1949014081378779,,,-0.20531465113162994,,75733.5,,,443,65,-0.035098496824502945,1,,0.034300990866702734,0.515625,,0.125,269.81435775756836,,30846,,0.0018262490630149841,,302934,252.79434506967664,559,,,0,,,,,-0.035098496824502945,2.156779700003605e-05,2.7424201630055904,0,,,10.390936367213726,,,20032.70974044,2.4468411840498447,2.4748666286468506,103.236328125,0.515625,1,,,,,,,33,,0.001,252.79434506967664,76.04878377914429,237.05761824548244,,0.008077142823353749,,0,,0,,1e-06,0,,64,,,,,,,,,75726,,0.515625,,9ggix50f,Vanilla GRPO,,
66,1767261685.313485,,,0,3023.890625,0.2880055010318756,296,0.1392754651606083,,,,1.1551580293388335,,38010,,,227.21032768257763,10671,,,,1,,1,0.0,,,,,,0,,,0.015625,54087,356.5,,-2.4748666286468506,,0.78125,1.1912426948547363,,0.7245674133300781,65472,0.17169129848480225,,,,,,,,,0,,0.008398756384849548,-2.4748666286468506,0.14574830176086362,,,0.007087893784046173,,54086.25,,,471,66,-0.08729305118322372,1,,0.04447131258005046,0.78125,,0.125,270.0761833190918,,27462,,0.0023652464151382446,,216345,238.04485716670752,556,,,0,,,,,-0.08729305118322372,3.882112544708474e-05,2.426285643130541,0,,,9.621146120131016,,,20317.822552616,2.2700516171753407,0.7245674133300781,103.236328125,0.78125,1,,,,,,,50,,0.001,238.04485716670752,76.04878377914429,223.5565782599151,,0.010492738991773975,,0,,0,,1e-06,0,,64,,,,,,,,,54084,,0.78125,,9ggix50f,Vanilla GRPO,,
67,1767261970.4262831,,,0,3857.078125,0.3815077841281891,296,0.15985125303268433,,,,1.0815848277303473,,50445,,,239.33110771959358,14267,,,,1,,1,0.0,,,,,,0,,,0.015625,68242,407.5,,-2.4748666286468506,,0.765625,1.184128999710083,,0.935412585735321,96894,0.13949351012706757,,,,,,,,,0,,0.009776271879673004,-2.4748666286468506,0.15872770922933044,,,0.2388889640569687,,68233.25,,,712,67,-0.05209187790751457,1,,0.04352577240336224,0.765625,,0.125,270.6601753234863,,46449,,0.0024518966674804688,,272933,285.09979605302215,651,,,0,,,,,-0.05209187790751457,3.5819310525561235e-05,3.2115189135074615,0,,,11.879619639366865,,,20589.818908713,2.824723534286022,0.935412585735321,103.236328125,0.765625,1,,,,,,,49,,0.001,285.09979605302215,76.04878377914429,266.9924594797194,,0.010349512643344785,,0,,0,,1e-06,0,,64,,,,,,,,,68225,,0.765625,,9ggix50f,Vanilla GRPO,,
68,1767262242.4226284,,,0,4049.859375,0.7711232900619507,296,0.14784619584679604,,,,0.9778549319571668,,44782,,,260.9922760269861,12480,,,,1,,1,0.0,,,,,,0,,,0.015625,70988,386.75,,-2.4748666286468506,,0.65625,1.2303366661071777,,1.6201815605163574,93264,0.14551392197608948,,,,,,,,,0,,0.007368694990873337,-2.4748666286468506,0.16324485729548152,,,0.15481957234442234,,70985.75,,,697,68,-0.05163286253809929,1,,0.04332371669223054,0.65625,,0.125,270.7055130004883,,48482,,0.0014731436967849731,,283943,271.9841026738286,477,,,0,,,,,-0.05163286253809929,2.5951317661901638e-05,3.1300513818860054,0,,,12.301466088742018,,,20789.743398323,2.9258002638816833,1.6201815605163574,103.236328125,0.65625,1,,,,,,,42,,0.001,271.9841026738286,76.04878377914429,253.45119766891003,,0.010304181698022784,,0,,0,,1e-06,0,,64,,,,,,,,,70980,,0.65625,,9ggix50f,Vanilla GRPO,,
69,1767262442.3470967,,,0,4358.640625,0.15849746763706207,296,0.15456808358430862,,,,0.6572719689382875,,48782,,,378.80668198516395,12913,,,,1,,1,0.0,,,,,,0,,,0.03125,76458,374.375,,-1.6201815605163574,,0.5625,0.9285472631454468,,2.4748666286468506,129293,0.1438094824552536,,,,,,,,,0,,0.008653182536363602,-1.6201815605163574,0.19419059792413323,,,-0.15328317135572433,,75728.25,,,733,69,-0.034829072654247284,1,,0.03612940646575068,0.5625,,0.125,271.0374183654785,,80511,,0.002718273550271988,,302913,199.9126562476158,566,,,0,,,,,-0.034829072654247284,2.856656048556385e-05,2.8411937430500984,0,,,10.944066900759935,,,21027.957613354,2.590388748794794,2.4748666286468506,104.810546875,0.5625,1,,,,,,,36,,0.001,199.9126562476158,76.04878377914429,183.3479875512421,,0.008551593192747732,,0,,0,,1e-06,0,,64,,,,,,,,,75001,,0.5625,,9ggix50f,Vanilla GRPO,,
70,1767262680.5613005,,,0,3678.453125,0.27619194984436035,296,0.1397464983165264,,,,0.9515599577268398,,44687,,,270.269916854147,10664,,,,1,,1,0.0,,,,,,0,,,0.015625,64387,345.25,,-2.4748666286468506,,0.625,1.0992172956466675,,2.4748666286468506,94697,0.17141275107860565,,,,,,,,,0,,0.00972701981663704,-2.4748666286468506,0.17950559731940363,,,0.12817742116749287,,64379.25,,,546,70,-0.04466502368450165,1,,0.03638128711376178,0.625,,0.125,271.655818939209,,50010,,0.0023531243205070496,,257517,238.2035364843905,595,,,0,,,,,-0.04466502368450165,3.777234053144856e-05,2.416070394217968,0,,,9.368799913674593,,,21265.402227025,2.229564905166626,2.4748666286468506,104.810546875,0.625,1,,,,,,,40,,0.001,238.2035364843905,76.04878377914429,224.01719680801034,,0.008657932894397752,,0,,0,,1e-06,0,,64,,,,,,,,,64370,,0.625,,9ggix50f,Vanilla GRPO,,
71,1767262918.0059223,,,0,3815.734375,0.16432878375053406,296,0.14011631533503532,,,,0.9142974908719611,,36449,,,279.95078905690684,11140,,,,1,,1,0.0,,,,,,0,,,0.015625,66521,338.625,,-2.4748666286468506,,0.625,1.1149381399154663,,1.20761239528656,118562,0.17306281626224518,,,,,,,,,0,,0.008574750274419785,-2.4748666286468506,0.1887387051265212,,,0.1182891633361578,,66469.75,,,469,71,-0.040554385632276535,1,,0.03528694007640776,0.625,,0.125,271.6859321594238,,82113,,0.0014727897942066193,,265879,237.43369405716658,545,,,0,,,,,-0.040554385632276535,3.2250573661025446e-05,2.3587862215936184,0,,,9.382056340575218,,,21572.306061842,2.2404612861573696,1.20761239528656,104.810546875,0.625,1,,,,,,,40,,0.001,237.43369405716658,76.04878377914429,223.277847353369,,0.008426619951772685,,0,,0,,1e-06,0,,64,,,,,,,,,66425,,0.625,,9ggix50f,Vanilla GRPO,,
72,1767263224.9098003,,,0,5150.59375,0.4724181592464447,307,0.1598646119236946,,,,0.8713474511110781,,82676,,,289.68985397777243,10782,,,,1,,1,0.0,,,,,,0,,,0.015625,88906,405.875,,-2.4748666286468506,,0.53125,1.3721216917037964,,1.6201815605163574,103070,0.12834739685058594,,,,,,,,,0,,0.007044043391942978,-2.4748666286468506,0.19170201825657182,,,-0.012888593599200249,,88903.5,,,546,72,-0.04879802092909813,1,,0.03613951319753341,0.53125,,0.125,271.99024963378906,,20394,,0.0016666948795318604,,355614,306.8920046016574,768,,,0,,,,,-0.04879802092909813,1.980811608075885e-05,3.5224804431200027,0,,,12.851716846227646,,,21777.615457283,3.0978254340589046,1.6201815605163574,104.810546875,0.53125,1,,,,,,,34,,0.001,306.8920046016574,76.04878377914429,287.22923108935356,,0.008711202129440642,,0,,0,,1e-06,0,,64,,,,,,,,,88899,,0.53125,,9ggix50f,Vanilla GRPO,,
73,1767263430.219225,,,0,4775.203125,0.8790373802185059,296,0.14826935902237892,,,,0.6141790139904811,,32079,,,400.22588287299743,10786,,,,1,,1,0.0,,,,,,0,,,0.015625,82184,360.125,,-1.6201815605163574,,0.453125,0.7279187440872192,,1.6201815605163574,125020,0.143249973654747,,,,,,,,,0,,0.00849103182554245,-1.6201815605163574,0.20109193715194681,,,0.018658626824617386,,82165.25,,,546,73,-0.02028711885213852,1,,0.03480743960772373,0.453125,,0.125,272.4136734008789,,92941,,0.004324071109294891,,328661,205.29719220101833,516,,,0,,,,,-0.02028711885213852,2.583522786561974e-05,3.2478801496326923,0,,,11.43984790891409,,,22027.324654122,2.7307238429784775,1.6201815605163574,104.810546875,0.453125,1,,,,,,,29,,0.001,205.29719220101833,76.04878377914429,187.7010910026729,,0.008308633646762096,,0,,0,,1e-06,0,,64,,,,,,,,,82159,,0.453125,,9ggix50f,Vanilla GRPO,,
74,1767263679.928407,,,0,3375.375,0.4737190008163452,296,0.13746803626418114,,,,1.0845475528250292,,49629,,,239.24630888591471,10165,,,,1,,1,0.0,,,,,,0,,,0.015625,59742,358.25,,-2.4748666286468506,,0.765625,1.1335978507995605,,1.20761239528656,67562,0.1499267816543579,,,,,,,,,0,,0.006817635148763657,-2.4748666286468506,0.15639277986001895,,,-0.0067126695066690445,,59738.0,,,549,74,-0.053063757717609406,1,,0.04224586823288607,0.765625,,0.125,272.5231475830078,,17933,,0.001441076397895813,,238952,249.69246245920658,536,,,0,,,,,-0.053063757717609406,2.8531400234204596e-05,2.6593551225960255,0,,,10.094734705984592,,,22336.373878298,2.472771320492029,1.20761239528656,104.810546875,0.765625,1,,,,,,,49,,0.001,249.69246245920658,76.04878377914429,234.2883005514741,,0.010348401856824924,,0,,0,,1e-06,0,,64,,,,,,,,,59733,,0.765625,,9ggix50f,Vanilla GRPO,,
75,1767263988.9775712,,,0,4364.890625,0.5348168611526489,296,0.16781580075621605,,,,1.042223762863739,,63322,,,247.03428298203875,13637,,,,1,,1,0.0,,,,,,0,,,0.015625,76345,406.5,,-2.4748666286468506,,0.765625,1.1493936777114868,,0.7245674133300781,91038,0.12923406064510345,,,,,,,,,0,,0.009684648364782333,-2.4748666286468506,0.17718177819317532,,,-0.018533553928136826,,76342.25,,,560,75,-0.06106259673833847,1,,0.03875083737172557,0.765625,,0.125,272.96062088012695,,27716,,0.0017241835594177246,,305369,309.0350419320166,621,,,0,,,,,-0.06106259673833847,3.171457602042884e-05,3.0495327301323414,0,,,11.833304457366467,,,22646.46698603,2.8041661269962788,0.7245674133300781,104.810546875,0.765625,1,,,,,,,49,,0.001,309.0350419320166,76.04878377914429,291.1483348272741,,0.009182877525211396,,0,,0,,1e-06,0,,64,,,,,,,,,76340,,0.765625,,9ggix50f,Vanilla GRPO,,
76,1767264299.070715,,,0,4847.859375,0.16867442429065704,296,0.14612766355276108,,,,0.9454988965774326,,43657,,,270.735595153337,10233,,,,1,,1,0.0,,,,,,0,,,0.015625,83957,399.0,,-2.4748666286468506,,0.609375,1.1445423364639282,,1.20761239528656,147407,0.1300668716430664,,,,,,,,,0,,0.006883956491947174,-2.4748666286468506,0.2115753835884808,,,0.0983987133949995,,83949.75,,,515,76,-0.033988479524850845,1,,0.03281190890314876,0.609375,,0.125,273.2056465148926,,103750,,0.003948841243982315,,335799,310.0802092626691,690,,,0,,,,,-0.033988479524850845,2.050022927985841e-05,2.8647163286805153,0,,,11.01820619776845,,,22958.372343122,2.6688793413341045,1.20761239528656,104.810546875,0.609375,1,,,,,,,39,,0.001,310.0802092626691,76.04878377914429,293.35332414880395,,0.00794784779387105,,0,,0,,1e-06,0,,64,,,,,,,,,83942,,0.609375,,9ggix50f,Vanilla GRPO,,
77,1767264610.976074,,,0,4588.359375,0.4389890432357788,296,0.16934698075056076,,,,0.9928324047534218,,57046,,,257.6905128688984,13256,,,,1,,1,0.0,,,,,,0,,,0.015625,80383,434.875,,-2.4748666286468506,,0.703125,1.136841893196106,,1.20761239528656,108856,0.12207994610071182,,,,,,,,,0,,0.007363062351942062,-2.4748666286468506,0.1643320560337748,,,-0.08025574311614037,,80371.75,,,695,77,-0.037983234971761703,1,,0.04219527824408245,0.703125,,0.125,273.75440216064453,,51810,,0.0059614405035972595,,321487,311.89254546165466,1059,,,0,,,,,-0.037983234971761703,2.2903141812708018e-05,3.4473624154925346,0,,,13.565233416855335,,,23275.895142083,3.128333855420351,1.20761239528656,104.810546875,0.703125,1,,,,,,,45,,0.001,311.89254546165466,76.04878377914429,291.5501998178661,,0.009730825369051784,,0,,0,,1e-06,0,,64,,,,,,,,,80357,,0.703125,,9ggix50f,Vanilla GRPO,,
78,1767264928.4988618,,,0,4973.8125,0.17433084547519684,296,0.16818221285939217,,,,0.9392160340003097,,56931,,,271.47942584796743,13711,,,,1,,1,0.0,,,,,,0,,,0.015625,86203,413.5,,-1.6201815605163574,,0.65625,1.0266673564910889,,1.20761239528656,132881,0.11869551986455917,,,,,,,,,0,,0.008652672171592712,-1.6201815605163574,0.19292672873805825,,,-0.01701248064637184,,86197.0,,,708,78,-0.036327507346868515,1,,0.0358158978264336,0.65625,,0.125,274.2864990234375,,75950,,0.002570115029811859,,344788,317.5084068737924,689,,,0,,,,,-0.036327507346868515,2.509563027597455e-05,3.134299758821726,0,,,12.348891779780388,,,23548.248228521,2.849340759217739,1.20761239528656,104.810546875,0.65625,1,,,,,,,42,,0.001,317.5084068737924,76.04878377914429,298.9750048071146,,0.008264036913169076,,0,,0,,1e-06,0,,64,,,,,,,,,86186,,0.65625,,9ggix50f,Vanilla GRPO,,
79,1767265200.8519008,,,0,4183.140625,0.27645817399024963,296,0.14609190449118614,,,,0.9635710277730264,,38043,,,266.5616499373937,9862,,,,1,,1,0.0,,,,,,0,,,0.015625,72607,354.125,,-2.4748666286468506,,0.59375,1.1119450330734253,,1.6201815605163574,103293,0.1393975466489792,,,,,,,,,0,,0.007968660444021225,-2.4748666286468506,0.2063403875520683,,,0.12513526901602745,,72596.25,,,513,79,-0.043078940361738205,1,,0.03252633949076708,0.59375,,0.125,274.3725357055664,,65250,,0.002108566462993622,,290385,272.3431897163391,649,,,0,,,,,-0.043078940361738205,2.7441708228803915e-05,2.4684871323406696,0,,,9.4451610930264,,,23784.103661778,2.2772096060216427,1.6201815605163574,104.810546875,0.59375,1,,,,,,,38,,0.001,272.3431897163391,76.04878377914429,257.9681991264224,,0.007842035938569976,,0,,0,,1e-06,0,,64,,,,,,,,,72586,,0.59375,,9ggix50f,Vanilla GRPO,,
80,1767265436.7074025,,,0,3322.78125,0.27390429377555847,296,0.1373852640390396,,,,1.053057633463894,,45227,,,248.54526298021793,11113,,,,1,,1,0.0,,,,,,0,,,0.015625,59854,340.875,,-2.4748666286468506,,0.65625,0.9779443144798279,,2.4748666286468506,67782,0.16388818621635437,,,,,,,,,0,,0.006537184119224548,-2.4748666286468506,0.19248724221487507,,,-0.09343357384204865,,58618.5,,,550,80,-0.034457359462976456,1,,0.03316337472063784,0.65625,,0.125,274.8259468078613,,22555,,0.0020942166447639465,,234474,235.84637782722712,538,,,0,,,,,-0.034457359462976456,2.7880208975086995e-05,2.088063932955265,0,,,7.775949124246836,,,24093.054498369,1.8766147457063198,2.4748666286468506,104.810546875,0.65625,1,,,,,,,42,,0.001,235.84637782722712,76.04878377914429,223.94113021716475,,0.00800350889952114,,0,,0,,1e-06,0,,64,,,,,,,,,58202,,0.65625,,9ggix50f,Vanilla GRPO,,
81,1767265745.6582282,,,0,4320.359375,0.6269822716712952,296,0.1820428930222988,,,,1.0468513033944464,,24150,,,246.86320567836506,13636,,,,1,,1,0.0,,,,,,0,,,0.015625,76268,446.25,,-1.6201815605163574,,0.671875,1.412438154220581,,1.6201815605163574,126012,0.11454688757658005,,,,,,,,,0,,0.007813233882188797,-1.6201815605163574,0.1687439035172816,,,0.06723637133836746,,76265.75,,,734,81,-0.03495555743575096,1,,0.04238633289127487,0.671875,,0.125,275.23297119140625,,101862,,0.0028408505022525787,,305063,308.93931637331843,540,,,0,,,,,-0.03495555743575096,2.5611869948793517e-05,3.265338722616434,0,,,12.930501870810986,,,24380.593599792,3.0709125325083733,1.6201815605163574,104.810546875,0.671875,1,,,,,,,43,,0.001,308.93931637331843,76.04878377914429,289.4575259424746,,0.010066486373333945,,0,,0,,1e-06,0,,64,,,,,,,,,76261,,0.671875,,9ggix50f,Vanilla GRPO,,
82,1767266033.1973245,,,0,3226.40625,0.8397616744041443,296,0.15484186634421349,,,,1.3131506368499835,,30756,,,203.84817230599734,12950,,,,1,,1,0.0,,,,,,0,,,0.015625,58613,436.75,,-2.4748666286468506,,0.8125,0.9848936796188354,,1.6201815605163574,78519,0.11611556261777878,,,,,,,,,0,,0.009192299097776413,-2.4748666286468506,0.15047052472249078,,,-0.05706729181110859,,58610.5,,,695,82,-0.04310665652155876,1,,0.045916994902068235,0.8125,,0.125,275.7575798034668,,47763,,0.001412518322467804,,234442,287.5203605554998,444,,,0,,,,,-0.04310665652155876,3.920926752790205e-05,2.802601136267185,0,,,10.76487211883068,,,24594.306777025,2.616892483085394,1.6201815605163574,104.810546875,0.8125,1,,,,,,,52,,0.001,287.5203605554998,76.04878377914429,271.1524750031531,,0.011162217022058309,,0,,0,,1e-06,0,,64,,,,,,,,,58608,,0.8125,,9ggix50f,Vanilla GRPO,,
83,1767266246.9105198,,,0,2819.296875,0.18745198845863342,296,0.12009512260556221,,,,1.1130323030219118,,30292,,,235.65848943191318,9596,,,,1,,1,0.0,,,,,,0,,,0.015625,50364,328.25,,-2.4748666286468506,,0.8125,0.923200249671936,,0.935412585735321,69615,0.16246159374713898,,,,,,,,,0,,0.006370585411787033,-2.4748666286468506,0.15373789384199057,,,0.1266716867685318,,50360.75,,,511,83,-0.04419179633259773,1,,0.04232556267237685,0.8125,,0.125,275.79163360595703,,39323,,0.0012435540556907654,,201443,213.70225244760513,537,,,0,,,,,-0.04419179633259773,3.1624754455538456e-05,2.171171799302101,0,,,8.52618832141161,,,24782.13992655,2.0305537916719913,0.935412585735321,104.810546875,0.8125,1,,,,,,,52,,0.001,213.70225244760513,76.04878377914429,200.82998359575868,,0.0100800414592316,,0,,0,,1e-06,0,,64,,,,,,,,,50354,,0.8125,,9ggix50f,Vanilla GRPO,,
84,1767266434.7436152,,,0,4071.65625,0.9760369658470154,296,0.1503138728439808,,,,0.6654872042252864,,46599,,,377.5915848842391,12279,,,,1,,1,0.0,,,,,,0,,,0.015625,71373,360.625,,-2.4748666286468506,,0.625,0.9662273526191711,,1.6201815605163574,92286,0.13088059425354004,,,,,,,,,0,,0.010202057659626007,-2.4748666286468506,0.2019979050851611,,,-0.03249822370707989,,70916.5,,,694,84,-0.03471966087818146,1,,0.03360834472758074,0.625,,0.125,275.9122428894043,,45687,,0.002416420727968216,,283666,187.81271309778094,567,,,0,,,,,-0.03471966087818146,3.596503514565019e-05,2.455121386796236,0,,,9.533544715493917,,,25174.716158465,2.220935344696045,1.6201815605163574,104.810546875,0.625,1,,,,,,,40,,0.001,187.81271309778094,76.04878377914429,173.41664860025048,,0.007829402694351966,,0,,0,,1e-06,0,,64,,,,,,,,,69567,,0.625,,9ggix50f,Vanilla GRPO,,
85,1767266827.319891,,,0,4672.234375,0.31546255946159363,296,0.15677011758089066,,,,1.2508971426332909,,63018,,,208.4586294293271,11150,,,,1,,1,0.0,,,,,,0,,,0.015625,81844,442.375,,-1.6201815605163574,,0.671875,1.1026867628097534,,2.4748666286468506,92349,0.10978874564170837,,,,,,,,,0,,0.007699895650148392,-1.6201815605163574,0.18749910524008595,,,0.11610636487603188,,81833.75,,,547,85,-0.037487827241420746,1,,0.037394668902090325,0.671875,,0.125,276.6020088195801,,29331,,0.002415437251329422,,327335,392.56590251997113,659,,,0,,,,,-0.037487827241420746,2.3522983030071308e-05,3.157050956040621,0,,,12.240583945065737,,,25365.499629696,2.936224140226841,2.4748666286468506,104.810546875,0.671875,1,,,,,,,43,,0.001,392.56590251997113,76.04878377914429,374.04701628163457,,0.008970089175391696,,0,,0,,1e-06,0,,64,,,,,,,,,81827,,0.671875,,9ggix50f,Vanilla GRPO,,
86,1767267018.103389,,,0,3487.390625,0.4293117821216583,296,0.12850062921643257,,,,0.7811538807805319,,52650,,,324.43538244688756,10296,,,,1,,1,0.0,,,,,,0,,,0.015625,61895,380.875,,-2.4748666286468506,,0.703125,1.2797513008117676,,1.20761239528656,72798,0.14618010818958282,,,,,,,,,0,,0.008832816034555435,-2.4748666286468506,0.14823201715031303,,,-0.16013623215258121,,61892.25,,,505,86,-0.06328553706407547,1,,0.044163569556833704,0.703125,,0.125,276.4041175842285,,20148,,0.0034626759588718414,,247569,190.7691125832498,679,,,0,,,,,-0.06328553706407547,3.5678198944760595e-05,2.660243634134531,0,,,10.933530751615763,,,25615.210897636,2.6682642437517643,1.20761239528656,104.810546875,0.703125,1,,,,,,,45,,0.001,190.7691125832498,76.04878377914429,174.34807811304927,,0.010777860894343655,,0,,0,,1e-06,0,,64,,,,,,,,,61890,,0.703125,,9ggix50f,Vanilla GRPO,,
87,1767267267.8146098,,,0,3301.625,0.6676125526428223,296,0.13357268273830414,,,,1.1116393505211044,,25817,,,235.54338799952401,11092,,,,1,,1,0.0,,,,,,0,,,0.015625,58819,374.375,,-2.4748666286468506,,0.71875,0.8181756138801575,,1.6201815605163574,94442,0.12958677113056183,,,,,,,,,0,,0.007204677909612656,-2.4748666286468506,0.16706468804026126,,,-0.1442389003932476,,58816.0,,,548,87,-0.02545025944709778,1,,0.04124493902572963,0.71875,,0.125,277.14135360717773,,68625,,0.002277720719575882,,235264,249.70346440002322,531,,,0,,,,,-0.02545025944709778,3.062380096237697e-05,2.55908827111125,0,,,9.703449334949255,,,25864.625980788,2.379881475120783,1.6201815605163574,104.810546875,0.71875,1,,,,,,,46,,0.001,249.70346440002322,76.04878377914429,234.89384132251143,,0.010115791090522915,,0,,0,,1e-06,0,,64,,,,,,,,,58814,,0.71875,,9ggix50f,Vanilla GRPO,,
88,1767267517.2297163,,,0,2616.453125,0.5603946447372437,296,0.12004270404577255,,,,1.4128482857295475,,36143,,,193.4321831708886,10220,,,,1,,1,0.0,,,,,,0,,,0.015625,48251,398.75,,-2.4748666286468506,,0.921875,0.8666143417358398,,0.5400605201721191,59749,0.13545143604278564,,,,,,,,,0,,0.008317455649375916,-2.4748666286468506,0.15124888499150146,,,-0.26759726740419865,,48243.25,,,542,88,-0.03058178909122944,1,,0.0436553750971606,0.921875,,0.125,277.3352851867676,,23606,,0.0017605945467948914,,192973,249.40653209388256,507,,,0,,,,,-0.03058178909122944,4.310165489149216e-05,2.2085503898561,0,,,8.424308698624372,,,26119.968344919,2.038983289152384,0.5400605201721191,104.810546875,0.921875,1,,,,,,,59,,0.001,249.40653209388256,76.04878377914429,236.5856839902699,,0.010566158421915935,,0,,0,,1e-06,0,,64,,,,,,,,,48226,,0.921875,,9ggix50f,Vanilla GRPO,,
89,1767267772.5720935,,,0,4094.34375,1.056317925453186,296,0.14817219227552414,,,,0.911060920197955,,43155,,,280.4109696769268,11904,,,,1,,1,0.0,,,,,,0,,,0.015625,71604,380.5,,-2.4748666286468506,,0.65625,1.1897107362747192,,1.20761239528656,95430,0.11358136683702469,,,,,,,,,0,,0.009519156068563461,-2.4748666286468506,0.18384922169375456,,,-0.009473927319049835,,71597.5,,,575,89,-0.050015341490507126,1,,0.038256384740599565,0.65625,,0.125,277.8883819580078,,52275,,0.002395015209913254,,286390,255.33059595525265,442,,,0,,,,,-0.050015341490507126,3.3238437335673246e-05,2.801028497517109,0,,,10.95624602586031,,,26391.292655482,2.6588941141963005,1.20761239528656,104.810546875,0.65625,1,,,,,,,42,,0.001,255.33059595525265,76.04878377914429,238.73258140683174,,0.009284172332121584,,0,,0,,1e-06,0,,64,,,,,,,,,71593,,0.65625,,9ggix50f,Vanilla GRPO,,
90,1767268043.8964052,,,0,3808.234375,0.37991926074028015,296,0.14352569729089737,,,,1.0554604796927494,,45534,,,247.8277241559614,11137,,,,1,,1,0.0,,,,,,0,,,0.015625,67243,394.125,,-2.4748666286468506,,0.6875,1.220568299293518,,1.6201815605163574,75327,0.12902183830738068,,,,,,,,,0,,0.010217588394880295,-2.4748666286468506,0.19291229809041516,,,0.06641613878309727,,67237.75,,,698,90,-0.040217019617557526,1,,0.034449027521351025,0.6875,,0.125,278.10673904418945,,29793,,0.0021161846816539764,,268951,271.30842696875334,770,,,0,,,,,-0.040217019617557526,3.79905201872471e-05,2.4196244217455387,0,,,9.26510040089488,,,26571.835716801,2.205271042883396,1.6201815605163574,104.810546875,0.6875,1,,,,,,,44,,0.001,271.30842696875334,76.04878377914429,257.24421633407474,,0.008199527210842853,,0,,0,,1e-06,0,,64,,,,,,,,,67227,,0.6875,,9ggix50f,Vanilla GRPO,,
91,1767268224.4394617,,,0,3736.0,0.2639106214046478,296,0.13492194935679436,,,,0.686311340108449,,18536,,,365.73870559981714,10353,,,,1,,1,0.0,,,,,,0,,,0.015625,66347,390.75,,-2.4748666286468506,,0.734375,1.215262532234192,,0.935412585735321,100861,0.11834105104207993,,,,,,,,,0,,0.007785297930240631,-2.4748666286468506,0.16673422443456803,,,0.10760145075619221,,66028.0,,,512,91,-0.04210086539387703,1,,0.040946089326744074,0.734375,,0.125,278.30149841308594,,82325,,0.00221383199095726,,264112,180.5332577303052,536,,,0,,,,,-0.04210086539387703,2.9477259383294326e-05,2.8393113426864147,0,,,10.814353544265032,,,26795.23175438,2.618664886802435,0.935412585735321,104.810546875,0.734375,1,,,,,,,47,,0.001,180.5332577303052,76.04878377914429,164.0997866652906,,0.009914978822629926,,0,,0,,1e-06,0,,64,,,,,,,,,65708,,0.734375,,9ggix50f,Vanilla GRPO,,
92,1767268447.8355093,,,0,3095.5625,0.3416449725627899,296,0.11912303417921066,,,,1.06426566445772,,34065,,,245.460780456148,8531,,,,1,,1,0.0,,,,,,0,,,0.015625,54839,331.5,,-1.6201815605163574,,0.71875,1.5151437520980835,,1.20761239528656,82211,0.149966761469841,,,,,,,,,0,,0.008746743202209473,-1.6201815605163574,0.1763646265331635,,,-0.011531684547662735,,54833.0,,,421,92,-0.04197201132774353,1,,0.037109769950476885,0.71875,,0.125,278.3219184875488,,48146,,0.001073591411113739,,219332,223.3880292326212,445,,,0,,,,,-0.04197201132774353,3.9879010824729055e-05,2.2458044849336147,0,,,8.139360062777996,,,27113.442206213,2.007325816899538,1.20761239528656,104.810546875,0.71875,1,,,,,,,46,,0.001,223.3880292326212,76.04878377914429,210.84805637970567,,0.009151997049676007,,0,,0,,1e-06,0,,64,,,,,,,,,54831,,0.71875,,9ggix50f,Vanilla GRPO,,
93,1767268766.04595,,,0,3920.265625,0.2903885543346405,296,0.1561378724873066,,,,1.1958919335533742,,59665,,,221.55254290936483,14011,,,,1,,1,0.0,,,,,,0,,,0.015625,70500,485.875,,-2.4748666286468506,,0.734375,1.4916902780532837,,1.20761239528656,86182,0.1061350405216217,,,,,,,,,0,,0.007721010595560074,-2.4748666286468506,0.15941309090503603,,,0.1257053278386593,,70498.25,,,710,93,-0.053965311497449875,1,,0.042553659652369465,0.734375,,0.125,279.1520805358887,,26517,,0.0017825588583946228,,281993,318.20104194805026,1283,,,0,,,,,-0.053965311497449875,2.7380149846131196e-05,3.10097860917449,0,,,11.999834146350622,,,27404.655064819,2.8634746372699738,1.20761239528656,104.810546875,0.734375,1,,,,,,,47,,0.001,318.20104194805026,76.04878377914429,300.0456984527409,,0.010154417440397363,,0,,0,,1e-06,0,,64,,,,,,,,,70496,,0.734375,,9ggix50f,Vanilla GRPO,,
94,1767269057.258744,,,0,3859.515625,0.3374224007129669,296,0.14684852957725525,,,,1.112622527427948,,31942,,,235.7687443213923,11993,,,,1,,1,0.0,,,,,,0,,,0.015625,68658,431.5,,-2.4748666286468506,,0.734375,1.0875440835952759,,1.6201815605163574,97282,0.11257011443376541,,,,,,,,,0,,0.008005127310752869,-2.4748666286468506,0.17249598513230038,,,-0.1699147503823042,,68656.25,,,558,94,-0.034704603254795074,1,,0.03926877854463997,0.734375,,0.125,279.29161834716797,,65340,,0.0017263665795326233,,274625,291.20166117697954,910,,,0,,,,,-0.034704603254795074,2.9149302906701388e-05,2.8186672627925873,0,,,10.78418830782175,,,27687.27424046,2.59116543084383,1.6201815605163574,104.810546875,0.734375,1,,,,,,,47,,0.001,291.20166117697954,76.04878377914429,274.82777787745,,0.009435286047678945,,0,,0,,1e-06,0,,64,,,,,,,,,68655,,0.734375,,9ggix50f,Vanilla GRPO,,
95,1767269339.8779886,,,0,4597.078125,0.4202452600002289,296,0.14728177338838577,,,,0.8988537739805953,,52372,,,280.85735530328276,10326,,,,1,,1,0.0,,,,,,0,,,0.015625,79384,363.75,,-1.20761239528656,,0.515625,1.29300856590271,,2.4748666286468506,112783,0.11888469010591507,,,,,,,,,0,,0.007209852337837219,-1.20761239528656,0.18273944449712096,,,0.05132099986076355,,79373.25,,,494,95,-0.03141079843044281,1,,0.03738068809324335,0.515625,,0.125,280.0995330810547,,60411,,0.0036490559577941895,,317493,282.61054411157966,530,,,0,,,,,-0.03141079843044281,2.2708697003830696e-05,3.2662861570715904,0,,,11.868106804788113,,,27974.702484588,2.840346358716488,2.4748666286468506,104.810546875,0.515625,1,,,,,,,33,,0.001,282.61054411157966,76.04878377914429,264.45446540415287,,0.008946170021753198,,0,,0,,1e-06,0,,64,,,,,,,,,79367,,0.515625,,9ggix50f,Vanilla GRPO,,
96,1767269627.3062243,,,0,4049.984375,0.4918924570083618,296,0.13666095957159996,,,,1.0455952305753824,,57387,,,248.4788286418847,10722,,,,1,,1,0.0,,,,,,0,,,0.015625,71424,413.625,,-2.4748666286468506,,0.609375,1.0229743719100952,,2.4748666286468506,81574,0.11578183621168137,,,,,,,,,0,,0.007352862507104874,-2.4748666286468506,0.17683272138896758,,,-0.02209702506661415,,71417.75,,,547,96,-0.030404536053538322,1,,0.03782847887279043,0.609375,,0.125,280.37012100219727,,24187,,0.0028062760829925537,,285671,287.419859431684,498,,,0,,,,,-0.030404536053538322,2.5738918220977534e-05,2.8250935040414333,0,,,10.806499388068914,,,28244.733003751,2.607852306216955,2.4748666286468506,104.810546875,0.609375,1,,,,,,,39,,0.001,287.419859431684,76.04878377914429,271.0172381699085,,0.009128866094972732,,0,,0,,1e-06,0,,64,,,,,,,,,71413,,0.609375,,9ggix50f,Vanilla GRPO,,
97,1767269897.33676,,,0,4736.375,0.7833341956138611,296,0.1731954701244831,,,,0.8241031120919191,,52566,,,301.99311388389094,13523,,,,1,,1,0.0,,,,,,0,,,0.015625,81546,360.0,,-2.4748666286468506,,0.46875,1.3089088201522827,,2.4748666286468506,117270,0.11251708120107651,,,,,,,,,0,,0.009837310761213303,-2.4748666286468506,0.1756217207517312,,,0.06629107519984245,,81542.0,,,695,97,-0.02278786152601242,1,,0.040811620686391555,0.46875,,0.125,280.2297134399414,,64704,,0.002017185091972351,,326168,270.01277926936746,546,,,0,,,,,-0.02278786152601242,3.016025717180503e-05,3.4302947111427784,0,,,13.311444696038961,,,28548.077058837,3.258458998054266,2.4748666286468506,104.810546875,0.46875,1,,,,,,,30,,0.001,270.01277926936746,76.04878377914429,249.80872816219926,,0.009990124715037239,,0,,0,,1e-06,0,,64,,,,,,,,,81539,,0.46875,,9ggix50f,Vanilla GRPO,,
98,1767270200.6807892,,,0,4626.453125,0.466971755027771,296,0.1607784554362297,,,,0.9535738884085548,,46518,,,265.69317408706615,13204,,,,1,,1,0.0,,,,,,0,,,0.015625,80602,410.625,,-2.4748666286468506,,0.65625,1.1348556280136108,,2.4748666286468506,112819,0.10274004191160202,,,,,,,,,0,,0.007827453315258026,-2.4748666286468506,0.16483300092528966,,,0.23275207169353962,,80593.25,,,733,98,-0.03619202598929405,1,,0.04303769144641952,0.65625,,0.125,280.6239471435547,,66301,,0.0032529160380363464,,322373,303.3320305533707,620,,,0,,,,,-0.03619202598929405,2.4280734786281812e-05,3.6823509745299816,0,,,13.874189704656601,,,28836.088849246,3.239429209381342,2.4748666286468506,104.810546875,0.65625,1,,,,,,,42,,0.001,303.3320305533707,76.04878377914429,282.34655334055424,,0.010048698896561877,,0,,0,,1e-06,0,,64,,,,,,,,,80586,,0.65625,,9ggix50f,Vanilla GRPO,,
