_step,luffy/tasks_with_partial_teacher,response_length/clip_ratio,val-aux/alfworld/reward/mean@3,val-core/alfworld/reward/best@94/std,training/epoch,critic/score/max,val-aux/alfworld/reward/worst@4/mean,val-aux/alfworld/reward/best@64/std,diag/teacher_token_ratio,val-aux/alfworld/reward/best@3/mean,diag/entropy_teacher_token_mean,global_seqlen/balanced_max,val-aux/alfworld/reward/best@32/std,val-aux/alfworld/reward/worst@64/mean,timing_s/step,prompt_length/max,critic/rewards_teacher/mean,val-aux/alfworld/reward/worst@16/mean,val-aux/alfworld/reward/best@16/std,critic/rewards_onpolicy/min,luffy/total_teacher_rollouts,timing_s/gen,perf/throughput,diag/adv_onpolicy_token_mean,val-aux/alfworld/reward/best@64/mean,critic/rewards_sum/max,val-aux/alfworld/reward/worst@32/mean,val-aux/alfworld/reward/worst@94/mean,val-core/alfworld/reward/mean@94,critic/returns/mean,perf/cpu_memory_used_gb,val-aux/alfworld/reward/worst@3/mean,val-aux/alfworld/reward/best@2/mean,diag/exp_token_ratio,global_seqlen/balanced_min,diag/entropy_onpolicy_token_std,timing_s/testing,perf/time_per_step,response_length/min,timing_s/update_actor,val-aux/alfworld/reward/std@2,actor/lr,diag/reward_onpolicy_mean,global_seqlen/min,val-aux/alfworld/reward/best@8/std,response_length/mean,val-aux/alfworld/reward/worst@2/std,val-aux/alfworld/reward/best@16/mean,diag/onpolicy_adv_pos_ratio,timing_s/adv,critic/score/mean,val-aux/alfworld/reward/best@4/mean,critic/rewards_last/max,prompt_length/clip_ratio,actor/on_pg_clipfrac_lower,actor/grad_norm,timing_per_token_ms/ref,val-aux/alfworld/reward/worst@64/std,val-aux/alfworld/reward/worst@4/std,prompt_length/mean,diag/teacher_adv_pos_ratio,critic/rewards_sum/min,timing_per_token_ms/adv,diag/entropy_onpolicy_token_mean,perf/mfu/actor,critic/rewards/max,global_seqlen/mean,val-aux/alfworld/reward/best@2/std,diag/group_gap_count,val-aux/alfworld/reward/worst@8/std,val-aux/alfworld/reward/worst@2/mean,actor/ppo_kl,val-aux/alfworld/reward/best@8/mean,luffy/tasks_with_full_teacher,diag/group_teacher_minus_on_reward_mean,timing_s/dump_rollout_generations,prompt_length/min,actor/kl_loss,val-aux/alfworld/reward/mean@2,diag/adv_onpolicy_sample_mean,actor/kl_coef,timing_s/old_log_prob,actor/off_pg_loss,actor/pg_loss,val-aux/alfworld/reward/best@32/mean,val-aux/alfworld/reward/best@4/std,critic/rewards/mean,val-aux/alfworld/reward/worst@32/std,actor/entropy_loss,critic/rewards_sum/mean,luffy/onpolicy_replaced_by_teacher,luffy/tasks_without_teacher,critic/advantages/max,global_seqlen/minmax_diff,critic/advantages/min,training/num_not_none_traj,perf/max_memory_reserved_gb,critic/rewards_onpolicy/count,timing_per_token_ms/update_actor,val-aux/alfworld/reward/worst@8/mean,val-aux/alfworld/reward/std@3,critic/rewards_teacher/count,perf/max_memory_allocated_gb,_timestamp,critic/rewards_last/min,val-aux/alfworld/reward/worst@16/std,val-aux/alfworld/reward/worst@94/std,actor/on_pg_loss,val-aux/alfworld/reward/best@3/std,diag/adv_teacher_token_mean,critic/rewards_teacher/max,critic/rewards_teacher/min,timing_s/ref,_runtime,diag/adv_teacher_sample_mean,val-aux/alfworld/reward/worst@3/std,critic/score/min,val-core/alfworld/reward/best@94/mean,diag/reward_teacher_mean,critic/rewards_onpolicy/max,diag/entropy_offpolicy_token_mean,training/num_term_traj,critic/returns/max,val-aux/alfworld/reward/std@94,luffy/total_onpolicy_kept,actor/on_pg_clipfrac,critic/rewards/min,critic/rewards_onpolicy/mean,perf/total_num_tokens,critic/returns/min,timing_per_token_ms/gen,response_length/max,diag/group_teacher_minus_on_reward_std,val-aux/alfworld/reward/mean@1,exp_mask_ratio,critic/rewards_last/mean,timing_s/reward,critic/advantages/mean,global_seqlen/max,training/global_step
1,0,0.015625,,,0,1,,,0.0070708030834794044,,0.27703946828842163,81788,,,298.5707447528839,558,1,,,0,8,266.0883696526289,273.9099574798849,-0.05319428816437721,,1,,,,-0.04469248652458191,283.92774963378906,,,0.0070708030834794044,81778,0.4173716604709625,,298.5707447528839,551,15.549714215099812,,1e-06,0.4464285671710968,48051,,4759.890625,,,0.3214285671710968,0.09990987926721573,0.515625,,1,0.109375,0,3.7277350425720215,0.01876574663165062,,,351.453125,0.875,0,0.00030541711532319576,0.12515787780284882,0.20021930875294686,1,81781.5,,8,,,0,,8,0.5535714285714286,0.15142957866191864,275,0.002441606717184186,,-0.02886308543384075,0.001,10.51706813275814,-0.18178601562976837,0.12423527613282204,,,0.515625,,0.12623180449008942,0.515625,8,0,2.4748666286468506,91829,-1.20761239528656,64,67.9453125,56,0.0475343268804675,,,8,55.27681827545166,1767998989.477244,0,,,0.3060212917625904,,1.1491860151290894,1,1,6.138763632625341,452.263765755,0.12405477464199066,,0,,1,1,0.27703946828842163,29,2.4748666286468506,,56,0,0,0.4464285671710968,327126,-1.20761239528656,0.8734719142464175,10571,0.2895941917897653,,0.0030241934582591057,0.515625,0.0028710253536701202,-0.04469248652458191,139880,1
2,0,0.015625,,,0,1,,,0.012331652455031872,,0.3222615420818329,75550,,,147.92675294354558,296,1,,,0,8,135.19252609834075,510.71390736760145,-0.07149884849786758,,1,,,,-0.04727376252412796,284.5785026550293,,,0.012331652455031872,75547,0.4836885929107666,,147.92675294354558,912,8.500176046043634,,1e-06,0.1428571492433548,70843,,4428.390625,,,0.1428571492433548,0.08078287914395332,0.25,,1,0.875,0,2.005535840988159,0.006344933511945022,,,293.375,1.0,0,0.00026732213897725403,0.16868582367897034,0.23214710593833868,1,75548.25,,8,,,0,,8,0.8571428571428572,0.1363944336771965,275,0.0027738322969526052,,-0.054407235234975815,0.001,2.087575774639845,-0.14061741530895233,-0.009001614525914192,,,0.25,,0.1705796718597412,0.25,8,0,2.4748666286468506,9490,-1.20761239528656,64,90.837890625,56,0.028128302263929456,,,8,55.27681827545166,1767999137.4185028,0,,,0.13161580078303814,,1.8929648399353027,1,1,1.9173944927752018,730.93207283,0.3203068971633911,,0,,1,1,0.3222615420818329,11,2.4748666286468506,,56,0,0,0.1428571492433548,302193,-1.20761239528656,0.4770092340909005,5922,0.1749635530559413,,0.008782465942203999,0.25,0.0010282918810844421,-0.04727376252412796,80333,2
3,0,0.015625,,,0,1,,,0.013578326441347599,,0.36895668506622314,86091,,,278.65528916567564,504,1,,,0,8,262.0886913277209,308.9211055628637,-0.05607611685991287,,1,,,,-0.02893282286822796,285.3157730102539,,,0.013578326441347599,86067,0.43537795543670654,,278.65528916567564,574,10.934853374958038,,1e-06,0.2678571343421936,60458,,5033.296875,,,0.2678571343421936,0.0847802571952343,0.359375,,1,0.109375,0,1.582664132118225,0.00749430655558934,,,346.859375,1.0,0,0.00024621803849572883,0.13404588401317596,0.21162312481532514,1,86082.5,,8,,,0,,8,0.7321428571428572,0.15805000811815262,275,0.019243432208895683,,-0.03641077131032944,0.001,2.7907325476408005,-0.23488499224185944,-0.06511066667735577,,,0.359375,,0.1372355818748474,0.359375,8,0,2.4748666286468506,45412,-2.4748666286468506,64,95.111328125,56,0.031756899994069755,,,8,59.672006130218506,1767999416.086998,0,,,0.16977432556450367,,1.9429398775100708,1,1,2.5805145762860775,973.705266524,0.24226252734661102,,0,,1,1,0.36895668506622314,18,2.4748666286468506,,56,0,0,0.2678571343421936,344330,-2.4748666286468506,0.8136090327466803,9541,0.31491414443836424,,0.006803757976740599,0.359375,0.0015613622963428497,-0.02893282286822796,105870,3
4,0,0.015625,,,0,1,,,0.008501376025378704,,0.2851159870624542,98333,,,242.75808522850275,467,1,,,0,8,225.54726777598262,405.0585994177825,-0.047542545944452286,,1,,,,-0.032186880707740784,285.60721588134766,,,0.008501376025378704,98330,0.39640212059020996,,242.75808522850275,1743,11.323071002960205,,1e-06,0.1607142835855484,76025,,5785.828125,,,0.1607142835855484,0.08667585998773575,0.265625,,1,0.21875,0,1.828233242034912,0.006899365589713093,,,359.875,1.0,0,0.00022036702469391915,0.1138080358505249,0.24085493591225718,1,98331.25,,8,,,0,,8,0.8392857142857144,0.1642153114080429,275,0.008324569091200829,,-0.035621527582407,0.001,2.9050312750041485,-0.14061741530895233,0.014186810702085495,,,0.265625,,0.115264393389225,0.265625,8,0,2.4748666286468506,46298,-0.7245674133300781,64,95.111328125,56,0.028788078568512565,,,8,59.672006130218506,1767999658.8595881,0,,,0.15480422601103783,,1.7587133646011353,1,1,2.713692970573902,1211.693727466,0.21228346228599548,,0,,1,1,0.2851159870624542,13,2.4748666286468506,,56,0,0,0.1607142835855484,393325,-0.7245674133300781,0.6091048650014519,8972,0.13243211584099396,,0.0052110920660197735,0.265625,0.0030463486909866333,-0.032186880707740784,122323,4
5,0,0.015625,,,0,1,,,0.011344908736646175,,0.33174896240234375,74093,,,237.9806029126048,321,1,,,0,8,223.97753143310547,311.3068842304208,-0.07184857875108719,,1,,,,-0.055331602692604065,285.7132110595703,,,0.011344908736646175,74078,0.4752013087272644,,237.9806029126048,501,9.227667052298784,,1e-06,0.3392857015132904,49624,,4332.890625,,,0.3392857015132904,0.07711023837327957,0.421875,,1,0.109375,0,4.985069751739502,0.007291985696434709,,,297.421875,1.0,0,0.0002602086737304433,0.160162553191185,0.21165543893865263,1,74085.0,,8,,,0,,8,0.6607142857142858,0.13303758949041367,275,0.003356096101924777,,-0.03296191617846489,0.001,2.391487594693899,-0.24937264248728752,-0.13009908981621265,,,0.421875,,0.16210918128490448,0.421875,8,0,2.4748666286468506,42963,-2.4748666286468506,64,95.111328125,56,0.03113878333096708,,,8,59.672006130218506,1767999896.8487084,0,,,0.11927355267107487,,1.3840445280075073,1,1,2.1609070412814617,1542.664160409,0.17189061641693115,,0,,1,1,0.33174896240234375,21,2.4748666286468506,,56,0,0,0.3392857015132904,296340,-2.4748666286468506,0.8076938080204304,7404,0.2569195458917528,,0.006363268475979567,0.421875,0.0010502487421035767,-0.055331602692604065,92587,5
6,0,0.015625,,,0,1,,,0.004213016014546156,,0.24769963324069977,101134,,,330.9577167071402,707,1,,,0,7,310.76102513074875,305.55942615922163,-0.04224793612957001,,1,,,,-0.035634640604257584,286.4451713562012,,,0.004213016014546156,101122,0.3840627372264862,,330.9577167071402,763,13.353245601058006,,1e-06,0.35087719559669495,59231,,5919.15625,,,0.22807016968727112,0.10228591412305832,0.421875,,1,0.125,0,2.9273955821990967,0.0077522407559943544,,,401.296875,0.8571428656578064,0,0.0002528643716779066,0.10521075129508972,0.22489522270327128,1,101127.25,,7,,,0,,7,0.5918367346938774,0.18821686506271362,275,0.00512105505913496,,-0.030358808115124702,0.001,3.3980608582496643,0.0,0.2803844939917326,,,0.421875,,0.10581105202436447,0.421875,7,1,2.4748666286468506,62367,-2.4748666286468506,64,95.111328125,57,0.033010997532954785,,,7,65.25003099441528,1768000227.8191,0,,,0.2803844939917326,,1.5274819135665894,1,1,3.1358511559665203,1914.074817026,0.13193513453006744,,0,,1,1,0.24769963324069977,22,2.4748666286468506,,57,0,0,0.35087719559669495,404509,-2.4748666286468506,0.8203265486813174,13176,0.4071415784338776,,0.001796261640265584,0.421875,0.0026235096156597137,-0.035634640604257584,121598,6
7,0,0.015625,,,0,1,,,0.0048764715902507305,,0.24748267233371735,110973,,,371.39698810875416,546,1,,,0,8,351.0704366080463,298.7806943859931,-0.03970803692936897,,1,,,,-0.03160369396209717,286.8715286254883,,,0.0048764715902507305,110950,0.36437633633613586,,371.39698810875416,778,13.391016826033592,,1e-06,0.3035714328289032,63815,,6523.671875,,,0.3035714328289032,0.09529929235577583,0.390625,,1,0.109375,0,2.5969505310058594,0.007080399222170009,,,411.71875,1.0,0,0.0002147033272634153,0.09486737847328186,0.2410650245996368,1,110966.25,,8,,,0,,8,0.6964285714285714,0.17799175530672073,275,0.032144695520401,,-0.025496795773506165,0.001,3.503544334322214,-0.4832227732986212,-0.05205085314810276,,,0.390625,,0.09561159461736679,0.390625,8,0,2.4748666286468506,90645,-1.6201815605163574,64,95.111328125,56,0.03016912084988362,,,8,65.25003099441528,1768000599.2297158,0,,,0.4311719201505184,,1.6222196817398071,1,1,3.1427414007484913,2255.956657531,0.12731166183948517,,0,,1,1,0.24748267233371735,20,2.4748666286468506,,56,0,0,0.3035714328289032,443865,-1.6201815605163574,0.8408570628792889,10566,0.29827309086589404,,0.0028628960717469454,0.390625,0.00233299657702446,-0.03160369396209717,154460,7
8,0,0.015625,,,0,1,,,0.006758052855730057,,0.23567520081996918,111673,,,341.8701604530215,548,1,,,0,8,320.8938543982804,326.61888318078013,-0.044566161930561066,,1,,,,-0.0331265889108181,287.1251640319824,,,0.006758052855730057,111654,0.3977060914039612,,341.8701604530215,595,13.872401181608438,,1e-06,0.1964285671710968,90051,,6598.609375,,,0.1964285671710968,0.09541445598006248,0.296875,,1,0.109375,0,2.2553887367248535,0.007261058107557441,,,380.21875,1.0,0,0.0002136248160845022,0.10916606336832047,0.2324656735206309,1,111661.25,,8,,,0,,8,0.8035714285714286,0.18815811350941658,275,0.03100145421922207,,-0.03693610429763794,0.001,3.5596027858555317,-0.06861434876918793,0.025559116154909134,,,0.296875,,0.11002101749181747,0.296875,8,0,2.4748666286468506,41289,-1.6201815605163574,64,95.111328125,56,0.031059121184852486,,,8,65.25003099441528,1768000941.1115263,0,,,0.09417346492409706,,1.6481658220291138,1,1,3.243115298449993,2551.848633388,0.17080412805080414,,0,,1,1,0.23567520081996918,12,2.4748666286468506,,56,0,0,0.1964285671710968,446645,-1.6201815605163574,0.7598519915377066,10831,0.236227795630767,,0.003918951377272606,0.296875,0.0022030510008335114,-0.0331265889108181,131340,8
9,0,0.015625,,,0,1,,,0.010074082762002945,,0.2747832238674164,82259,,,295.8728453852236,469,1,,,0,8,279.6007216833532,278.011318993818,-0.044198907911777496,,1,,,,-0.029164696112275124,287.3921318054199,,,0.010074082762002945,82250,0.4205225110054016,,295.8728453852236,512,10.756081469357014,,1e-06,0.4107142984867096,28292,,4800.375,,,0.1607142835855484,0.09251856431365013,0.484375,,1,0.109375,0,1.3755947351455688,0.0075948393569077715,,,340.625,0.75,0,0.00028119092927461256,0.12407824397087097,0.21113544229551134,1,82256.0,,8,,,0,,8,0.5892857142857142,0.15066885575652122,275,0.041893120855093,,-0.027842385694384575,0.001,2.758703615516424,-0.28123484551906586,0.025341175496578217,,,0.484375,,0.12559646368026733,0.484375,8,0,2.4748666286468506,79810,-1.6201815605163574,64,95.48046875,56,0.0326908720013039,,,8,65.25003099441528,1768001237.0035264,0,,,0.3065760210156441,,1.4481661319732666,1,1,2.4988844245672226,2858.087341067,0.1525973677635193,,0,,1,1,0.2747832238674164,25,2.4748666286468506,,56,0,0,0.4107142984867096,329024,-1.6201815605163574,0.9100874986438338,9730,0.41303691093644207,,0.0047415802255272865,0.484375,0.0013916939496994019,-0.029164696112275124,108102,9
10,0,0.015625,,,0,1,,,0.00673370948061347,,0.3269706070423126,85274,,,306.21981190517545,697,1,,,0,8,287.2207366414368,278.35070327322416,-0.043397437781095505,,1,,,,-0.031422968953847885,287.7001304626465,,,0.00673370948061347,85133,0.42981722950935364,,306.21981190517545,618,12.19586282223463,,1e-06,0.4107142984867096,33494,,4951.765625,,,0.2857142984867096,0.11098157986998558,0.484375,,1,0.109375,0,1.5221242904663086,0.008427935461382392,,,375.515625,0.875,0,0.0003255107256573932,0.12409818917512894,0.19703545460197347,1,85236.5,,8,,,0,,8,0.5892857142857143,0.18427540734410286,275,0.19720077514648438,,-0.02267671935260296,0.001,3.5993671528995037,-0.2858216315507889,-0.1610672790557146,,,0.484375,,0.1254642754793167,0.484375,8,0,2.4748666286468506,116067,-2.4748666286468506,64,95.48046875,56,0.03577065817529647,,,8,65.72398376464844,1768001543.2422788,0,,,0.12475435249507427,,1.734889030456543,1,1,2.8734708838164806,3059.329498573,0.15840180218219757,,0,,1,1,0.3269706070423126,27,2.4748666286468506,,56,0,0,0.4107142984867096,340946,-2.4748666286468506,0.9063078404528587,13663,0.4068137767819471,,0.0023219881113618612,0.484375,0.005266569554805756,-0.031422968953847885,149561,10
11,0,0.015625,,,0,1,,,0.01116214506328106,,0.36325934529304504,85660,,,201.22691230475903,470,1,,,0,8,184.7686392068863,425.6662243580738,-0.04859829321503639,,1,,,,-0.03425581008195877,287.8748474121094,,,0.01116214506328106,85653,0.44636157155036926,,201.22691230475903,1019,10.86210212111473,,1e-06,0.3214285671710968,60367,,5021.15625,,,0.3214285671710968,0.08672625198960304,0.40625,,1,0.109375,0,2.149935722351074,0.007514978119028943,,,332.3125,1.0,0,0.00025312516998208823,0.13740520179271698,0.214075052454427,1,85655.5,,8,,,0,,8,0.6785714285714286,0.15113018825650215,275,0.021489493548870087,,-0.029788976535201073,0.001,2.762882687151432,-0.06861434131860733,0.1795137319713831,,,0.40625,,0.1399262249469757,0.40625,8,0,2.4748666286468506,43060,-1.6201815605163574,64,95.48046875,56,0.031702874074387315,,,8,65.72398376464844,1768001744.4831297,0,,,0.24812807328999043,,1.236323356628418,1,1,2.5747968330979347,3380.118981752,0.17512738704681396,,0,,1,1,0.36325934529304504,21,2.4748666286468506,,56,0,0,0.3214285671710968,342622,-1.6201815605163574,0.5749691592663738,9448,0.2230356427999428,,0.0056510260328650475,0.40625,0.0018904395401477814,-0.03425581008195877,103427,11
12,0,0.015625,,,0,1,,,0.00962095521390438,,0.31454160809516907,91334,,,320.77363488823175,470,1,,,0,8,303.122241076082,284.7163546711757,-0.045737940818071365,,1,,,,-0.029841752722859383,288.2633590698242,,,0.00962095521390438,91323,0.4055051803588867,,320.77363488823175,787,11.544812761247158,,1e-06,0.3571428656578064,84827,,5339.90625,,,0.2321428507566452,0.08442450314760208,0.4375,,1,0.21875,0,1.3242112398147583,0.007849539570149278,,,368.1875,0.875,0,0.00023109866786635776,0.11508463323116302,0.21492646050830666,1,91329.5,,8,,,0,,8,0.6428571428571428,0.152610395103693,275,0.04047214984893799,,-0.031118139624595642,0.001,2.9845759011805058,-0.14061741530895233,-0.0154334157705307,,,0.4375,,0.11700358986854553,0.4375,8,0,2.4748666286468506,20808,-1.6201815605163574,64,95.48046875,56,0.031602091222570905,,,8,65.72398376464844,1768002065.2739756,0,,,0.12518399953842163,,1.606508731842041,1,1,2.8675780966877937,3698.84375996,0.16732388734817505,,0,,1,1,0.31454160809516907,24,2.4748666286468506,,56,0,0,0.3571428656578064,365318,-1.6201815605163574,0.8869603313379858,8949,0.3571428571428572,,0.0054544005542993546,0.4375,0.001698959618806839,-0.029841752722859383,105635,12
13,0,0.015625,,,0,1,,,0.007336019072681665,,0.29633933305740356,97647,,,318.7124999910593,708,1,,,0,8,297.297505967319,306.37173001604634,-0.04709739238023758,,1,,,,-0.03589778393507004,288.673583984375,,,0.007336019072681665,97639,0.4191376268863678,,318.7124999910593,525,14.120329104363918,,1e-06,0.375,55792,,5716.65625,,,0.375,0.1024649515748024,0.453125,,1,0.109375,0,3.0659196376800537,0.008668329512484701,,,386.125,1.0,0,0.0002623418410018035,0.11895305663347244,0.2010189994988659,1,97644.5,,8,,,0,,8,0.625,0.1904747188091278,275,0.1714654117822647,,-0.02703036181628704,0.001,3.5876076482236385,-0.2623801976442337,-0.33703006617724895,,,0.453125,,0.12025436013936996,0.453125,8,0,2.4748666286468506,110837,-2.4748666286468506,64,95.48046875,56,0.03615239236302075,,,8,66.30961513519287,1768002383.9986556,0,,,-0.07464986853301525,,1.4795629978179932,1,1,3.3856588043272495,4018.841847657,0.12451139092445374,,0,,1,1,0.29633933305740356,26,2.4748666286468506,,56,0,0,0.375,390578,-2.4748666286468506,0.8125857717506383,14001,0.28515570397627343,,0.002851145574823022,0.453125,0.0019209757447242737,-0.03589778393507004,166629,13
14,0,0.015625,,,0,1,,,0.006525963544845581,,0.283107191324234,96859,,,319.9702097810805,737,1,,,0,8,298.65937878564,302.6680204580918,-0.04572932794690132,,1,,,,-0.03667900711297989,289.0351219177246,,,0.006525963544845581,96826,0.42184579372406006,,319.9702097810805,566,13.981870114803314,,1e-06,0.3214285671710968,37870,,5676.84375,,,0.3214285671710968,0.10093443468213081,0.40625,,1,0.109375,0,1.7306406497955322,0.008711621640992276,,,375.953125,1.0,0,0.00026055732159495175,0.12114689499139786,0.19780966263245778,1,96844.75,,8,,,0,,8,0.6785714285714286,0.1905166693031788,275,0.10403334349393845,,-0.026704754680395126,0.001,3.6414762772619724,-0.32137572579085827,-0.09319254197180271,,,0.40625,,0.12220384925603867,0.40625,8,0,2.4748666286468506,118550,-2.4748666286468506,64,95.48046875,56,0.036093515948988755,,,8,66.30961513519287,1768002703.9948442,0,,,0.22818318381905556,,1.3410887718200684,1,1,3.374699279665947,4315.333883019,0.13421590626239777,,0,,1,1,0.283107191324234,20,2.4748666286468506,,56,0,0,0.3214285671710968,387379,-2.4748666286468506,0.8220329815358446,13005,0.2834733547569204,,0.0026958866510540247,0.40625,0.002300463616847992,-0.03667900711297989,156420,14
15,0,0.015625,,,0,1,,,0.00757616525515914,,0.25828462839126587,89239,,,296.48070650547743,550,1,,,0,8,279.66078143939376,300.96562117559404,-0.05005475506186485,,1,,,,-0.03699305281043053,289.2149429321289,,,0.00757616525515914,89207,0.42846593260765076,,296.48070650547743,527,11.074388686567545,,1e-06,0.3392857015132904,58156,,5224.03125,,,0.2142857164144516,0.09100467711687088,0.421875,,1,0.109375,0,1.7797540426254272,0.007402037242724043,,,352.875,0.875,0,0.0002549707698513145,0.12448976933956146,0.2238267933546524,1,89230.5,,8,,,0,,8,0.6607142857142857,0.16098546609282494,275,0.25289228558540344,,-0.03220951184630394,0.001,2.829614292830229,-0.17130267061293125,0.16367708146572113,,,0.421875,,0.12550343573093414,0.421875,8,0,2.4748666286468506,85399,-1.6201815605163574,64,95.48046875,56,0.031027475713370275,,,8,66.30961513519287,1768003000.4887717,0,,,0.3349797520786524,,1.673997402191162,1,1,2.641949936747551,4554.085231196,0.13131864368915558,,0,,1,1,0.25828462839126587,22,2.4748666286468506,,56,0,0,0.3392857015132904,356922,-1.6201815605163574,0.8364612501103487,11025,0.3842399069883931,,0.003419276559725404,0.421875,0.002886362373828888,-0.03699305281043053,143555,15
16,0,0.015625,,,0,1,,,0.006870155222713947,,0.29863443970680237,83445,,,238.7397071197629,709,1,,,0,8,217.49523164704442,349.50826155676685,-0.04395680874586105,,1,,,,-0.037575751543045044,289.76640701293945,,,0.006870155222713947,83439,0.43496468663215637,,238.7397071197629,330,14.063047889620066,,1e-06,0.5357142686843872,22927,,4837.5,,,0.2857142984867096,0.10016386210918427,0.59375,,1,0.109375,0,2.009042263031006,0.009932999018136771,,,377.59375,0.75,0,0.00030010205386164036,0.12261584401130676,0.16875256580784506,1,83441.5,,8,,,0,,8,0.4642857142857143,0.1760237030684948,275,0.0310793649405241,,-0.020838197320699692,0.001,3.5679627247154713,-0.04116860032081604,0.036779237911105156,,,0.59375,,0.12382512539625168,0.59375,8,0,2.4748666286468506,84747,-1.6201815605163574,64,95.48046875,56,0.04213445314867322,,,8,66.30961513519287,1768003239.2401204,0,,,0.0779478382319212,,0.8848522305488586,1,1,3.3152973502874374,4845.665891407,0.09936816245317459,,0,,1,1,0.29863443970680237,33,2.4748666286468506,,56,0,0,0.5357142686843872,333766,-1.6201815605163574,0.7025039781881279,13130,0.34809979802889157,,0.0024015011731535196,0.59375,0.002152353525161743,-0.037575751543045044,107674,16
17,0,0.015625,,,0,1,,,0.011056550778448582,,0.3704697787761688,83828,,,291.5617143586278,545,1,,,0,8,274.14363734051585,287.49745207251533,-0.06326063722372055,,1,,,,-0.045078523457050323,289.9498634338379,,,0.011056550778448582,83820,0.47811615467071533,,291.5617143586278,978,11.466095391660929,,1e-06,0.4464285671710968,70129,,4881.15625,,,0.4464285671710968,0.09386393055319786,0.515625,,1,0.109375,0,1.6537222862243652,0.008152758725706826,,,357.796875,1.0,0,0.00027994598918915054,0.14828625321388245,0.20199445915862665,1,83823.25,,8,,,0,,8,0.5535714285714286,0.16551704704761505,275,0.16561277210712433,,-0.034348852932453156,0.001,2.9232241064310074,-0.18178601935505867,0.09281312115490437,,,0.515625,,0.15074282884597778,0.515625,8,0,2.4748666286468506,27311,-2.4748666286468506,64,95.48046875,56,0.034197240597510024,,,8,66.30961513519287,1768003530.8200293,0,,,0.27459914050996304,,1.581205129623413,1,1,2.733562931418419,5198.963494358,0.15980985760688782,,0,,1,1,0.3704697787761688,29,2.4748666286468506,,56,0,0,0.4464285671710968,335293,-2.4748666286468506,0.8775573069281608,12053,0.338344559312436,,0.004283914342522621,0.515625,0.004349943250417709,-0.045078523457050323,97440,17
18,0,0.015625,,,0,1,,,0.005347714759409428,,0.3271128237247467,106084,,,353.28375271335244,698,1,,,0,7,332.02159633114934,300.23104426786506,-0.04692172631621361,,1,,,,-0.03877531737089157,290.0974998474121,,,0.005347714759409428,106057,0.41458091139793396,,353.28375271335244,661,14.032002221792936,,1e-06,0.3684210479259491,95564,,6203.0,,,0.3684210479259491,0.10673601180315018,0.4375,,1,0.109375,0,1.8613449335098267,0.007900368085861269,,,426.171875,1.0,0,0.00025157745429917993,0.1137804388999939,0.21643935787672747,1,106066.75,,7,,,0,,7,0.6122448979591836,0.19097910076379776,275,0.0805230513215065,,-0.02170558087527752,0.001,3.5577452406287193,-0.09205576777458191,-0.07122397795319557,,,0.4375,,0.11492127180099487,0.4375,7,1,2.4748666286468506,21848,-1.6201815605163574,64,95.48046875,57,0.03307351790686746,,,7,66.30961513519287,1768003884.1184301,0,,,0.020831789821386337,,1.4764214754104614,1,1,3.351865466684103,5439.829821598,0.13586977124214172,,0,,1,1,0.3271128237247467,25,2.4748666286468506,,57,0,0,0.3684210479259491,424267,-1.6201815605163574,0.8363432923866208,13080,0.22541553096300534,,0.0024075971450656652,0.4375,0.002503175288438797,-0.03877531737089157,117412,18
19,0,0.015625,,,0,1,,,0.010340933687984943,,0.25983932614326477,67200,,,240.85539942234755,467,1,,,0,8,228.07595198601484,278.99519861776923,-0.06280895322561264,,1,,,,-0.04504244774580002,290.3142280578613,,,0.010340933687984943,67194,0.5433918833732605,,240.85539942234755,549,8.374373316764832,,1e-06,0.4464285671710968,39465,,3887.765625,,,0.1964285671710968,0.08286254480481148,0.515625,,1,0.109375,0,1.2790464162826538,0.007366066886367593,,,312.078125,0.75,0,0.0003082798645961958,0.1904253512620926,0.21436354074622285,1,67197.5,,8,,,0,,8,0.5535714285714286,0.14158546179533005,275,0.060675520449876785,,-0.039263688027858734,0.001,2.179635927081108,-0.20923175662755966,-0.15447236970067024,,,0.515625,,0.19114315509796143,0.515625,8,0,2.4748666286468506,85657,-1.20761239528656,64,95.48046875,56,0.031155821707521975,,,8,66.30961513519287,1768004124.9847388,0,,,0.05475938692688942,,1.6552667617797852,1,1,1.9799251183867455,5653.641946161,0.14371663331985474,,0,,1,1,0.25983932614326477,28,2.4748666286468506,,56,0,0,0.4464285671710968,268790,-1.20761239528656,0.9166413548351392,9738,0.38090587513752755,,0.003939551766961813,0.515625,0.0018877387046813965,-0.04504244774580002,125122,19
20,0,0.015625,,,0,1,,,0.006126692518591881,,0.2688344717025757,84229,,,213.79608022794127,546,1,,,0,8,195.5070641450584,393.9337891985963,-0.04698812589049339,,1,,,,-0.04089204594492912,290.8976936340332,,,0.006126692518591881,84208,0.4655480980873108,,213.79608022794127,559,12.117753949016333,,1e-06,0.5,61506,,4899.15625,,,0.25,0.09007155522704124,0.5625,,1,0.109375,0,1.275285243988037,0.008388499885424713,,,364.6875,0.75,0,0.0002673650885671748,0.1433112770318985,0.19126223260064415,1,84221.5,,8,,,0,,8,0.5,0.15811444073915482,275,0.25444602966308594,,-0.020328441634774208,0.001,3.077552568167448,-0.04116860032081604,0.026338957250118256,,,0.5625,,0.14408032596111298,0.5625,8,0,1.6201815605163574,51885,-1.20761239528656,64,95.48046875,56,0.03596989470923794,,,8,66.30961513519287,1768004338.7969162,0,,,0.0675075575709343,,0.9480161666870117,1,1,2.82596817240119,5990.146408194,0.08154888451099396,,0,,1,1,0.2688344717025757,31,1.6201815605163574,,56,0,0,0.5,336886,-1.20761239528656,0.6235355072144387,10750,0.3273268353539886,,0.002657190663740039,0.5625,0.0015523061156272888,-0.04089204594492912,113391,20
21,0,0.015625,,,0,1,,,0.0066314986906945705,,0.35675862431526184,91411,,,336.48912524059415,710,1,,,0,8,316.62251921743155,271.64845204029393,-0.04701549932360649,,1,,,,-0.03867354989051819,290.75757598876953,,,0.0066314986906945705,91404,0.4733929932117462,,336.48912524059415,1519,13.099944584071636,,1e-06,0.4107142984867096,75292,,5310.828125,,,0.4107142984867096,0.09861035645008087,0.484375,,1,0.109375,0,1.4490915536880493,0.00868401764604298,,,402.09375,1.0,0,0.0002697020637154282,0.1436619907617569,0.19225297349603035,1,91406.75,,8,,,0,,8,0.5892857142857143,0.18346517533063889,275,0.10552696883678436,,-0.02294224686920643,0.001,3.2875387333333492,-0.263358436524868,-0.109093576669693,,,0.484375,,0.14507512748241425,0.484375,8,0,2.4748666286468506,29496,-1.6201815605163574,64,95.48046875,56,0.03582871227800911,,,8,66.30961513519287,1768004675.3013384,0,,,0.15426485985517502,,1.2109119892120361,1,1,3.1751113198697567,6289.476012463,0.15919142961502075,,0,,1,1,0.35675862431526184,24,2.4748666286468506,,56,0,0,0.4107142984867096,365627,-1.6201815605163574,0.9315358633965146,13082,0.2519059996368908,,0.002553563565015793,0.484375,0.002528160810470581,-0.03867354989051819,104788,21
22,0,0.015625,,,0,1,,,0.007660072296857834,,0.35714229941368103,86743,,,299.31771048903465,545,1,,,0,7,282.7100565060973,289.7815497061192,-0.042236048728227615,,1,,,,-0.03125450015068054,291.42309188842773,,,0.007660072296857834,86733,0.4599580764770508,,299.31771048903465,479,10.796366713941097,,1e-06,0.3684210479259491,45579,,5048.5,,,0.24561403691768646,0.0917092114686966,0.4375,,1,0.109375,0,1.150744080543518,0.007647961175720019,,,372.546875,0.8571428656578064,0,0.00026433204918531244,0.14015747606754303,0.2249957150499448,1,86736.75,,7,,,0,,7,0.6122448979591837,0.15779300406575203,275,0.03974655270576477,,-0.023192742839455605,0.001,2.8825668543577194,-0.08870254270732403,-0.07838735356926918,,,0.4375,,0.14181958138942719,0.4375,7,1,2.4748666286468506,94006,-2.4748666286468506,64,95.48046875,57,0.031118201667520103,,,7,66.30961513519287,1768004974.6309156,0,,,0.010315189138054848,,1.3913729190826416,1,1,2.6534371860325336,6618.514157648,0.1531890630722046,,0,,1,1,0.35714229941368103,26,2.4748666286468506,,57,0,0,0.3684210479259491,346947,-2.4748666286468506,0.8749816050129287,10281,0.3718544318018081,,0.0035721296444535255,0.4375,0.003441575914621353,-0.03125450015068054,139585,22
23,0,0.015625,,,0,1,,,0.006153032183647156,,0.26942992210388184,93359,,,329.0267984755337,559,1,,,0,8,310.6407374627888,283.72384994938847,-0.04509139060974121,,1,,,,-0.03846682608127594,291.89079666137695,,,0.006153032183647156,93345,0.45053765177726746,,329.0267984755337,511,12.18299724906683,,1e-06,0.4642857015132904,66811,,5434.3125,,,0.3392857015132904,0.0952642522752285,0.53125,,1,0.109375,0,1.3616923093795776,0.007681481334669699,,,400.234375,0.875,0,0.00025511903043892254,0.12998120486736298,0.2178156540855823,1,93352.75,,8,,,0,,8,0.5357142857142857,0.1571909561753273,275,0.030292097479104996,,-0.020244350656867027,0.001,3.061647519469261,-0.19376586005091667,0.05284116044640541,,,0.53125,,0.13083922863006592,0.53125,8,0,2.4748666286468506,66229,-1.6201815605163574,64,95.48046875,56,0.03262624092237998,,,8,66.30961513519287,1768005303.6691234,0,,,0.24660702049732208,,1.0315431356430054,1,1,2.868349626660347,6866.176718413,0.08949347585439682,,0,,1,1,0.26942992210388184,30,2.4748666286468506,,56,0,0,0.4642857015132904,373411,-1.6201815605163574,0.8931693793568323,10409,0.2834733547569204,,0.0030486416071653366,0.53125,0.0016666390001773834,-0.03846682608127594,133040,23
24,0,0.015625,,,0,1,,,0.009229740127921104,,0.35010677576065063,75196,,,247.65233569592237,348,1,,,0,8,233.21625711396337,303.62019315789576,-0.058666031807661057,,1,,,,-0.04863983765244484,291.97819900512695,,,0.009229740127921104,75186,0.5205609798431396,,247.65233569592237,745,9.441280204802752,,1e-06,0.4642857015132904,58890,,4391.375,,,0.3392857015132904,0.09440644085407257,0.53125,,1,0.109375,0,1.46005380153656,0.0073752092652985,,,308.140625,0.875,0,0.0003138835480188203,0.17392651736736298,0.21590579598880083,1,75192.25,,8,,,0,,8,0.5357142857142857,0.1489255465567112,275,0.2821376919746399,,-0.029487458989024162,0.001,2.510378934442997,-0.1713026724755764,0.2039974145591259,,,0.53125,,0.1755526065826416,0.53125,8,0,2.4748666286468506,45313,-1.6201815605163574,64,95.48046875,56,0.03139046977847701,,,8,66.30961513519287,1768005551.331692,0,,,0.3753000870347023,,1.0276248455047607,1,1,2.2182343155145645,7181.319472928,0.11184702068567276,,0,,1,1,0.35010677576065063,31,2.4748666286468506,,56,0,0,0.4642857015132904,300769,-1.6201815605163574,0.8298093461400308,8318,0.30929478706587094,,0.004677042365074158,0.53125,0.0023635514080524445,-0.04863983765244484,104203,24
25,0,0.015625,,,0,1,,,0.007765782065689564,,0.2945983409881592,80091,,,315.1295563727617,469,1,,,0,7,299.4072409644723,254.13991921870496,-0.03488481789827347,,1,,,,-0.02967892773449421,292.42636489868164,,,0.007765782065689564,80082,0.4535957872867584,,315.1295563727617,937,10.333209093660116,,1e-06,0.5263158082962036,65602,,4645.78125,,,0.5263158082962036,0.08314540237188339,0.578125,,1,0.109375,0,2.175556182861328,0.007833985937567985,,,359.65625,1.0,0,0.0002595471249137919,0.13310419023036957,0.20770014422324806,1,80087.0,,7,,,0,,7,0.38775510204081637,0.15523697435855865,275,0.09201252460479736,,-0.003745466470718384,0.001,2.6232554614543915,0.0,0.21983973495662212,,,0.578125,,0.13435831665992737,0.578125,7,1,1.6201815605163574,29076,-2.4748666286468506,64,95.48046875,57,0.03225619980040492,,,7,66.30961513519287,1768005866.4743876,0,,,0.21983973495662212,,0.6354779601097107,1,1,2.509601727128029,7394.264671113,0.061109475791454315,,0,,1,1,0.2945983409881592,33,1.6201815605163574,,57,0,0,0.5263158082962036,320348,-2.4748666286468506,1.0069863147495117,8929,0.2120878539880258,,0.0038389151450246572,0.578125,0.0016387589275836945,-0.02967892773449421,94678,25
26,0,0.015625,,,0,1,,,0.00799595471471548,,0.300550639629364,85262,,,212.90546547621489,697,1,,,0,7,193.74124328792095,400.41480292352526,-0.036522604525089264,,1,,,,-0.024289492517709732,292.399356842041,,,0.00799595471471548,85244,0.4687390923500061,,212.90546547621489,522,12.619767181575298,,1e-06,0.3684210479259491,60271,,4975.171875,,,0.24561403691768646,0.09587343409657478,0.4375,,1,0.109375,0,1.1531533002853394,0.008847149610330634,,,352.984375,0.8571428656578064,0,0.00028115211669308326,0.1397377848625183,0.19003851242722197,1,85250.5,,7,,,0,,7,0.5714285714285714,0.1761476807296276,275,0.14095866680145264,,-0.021986206993460655,0.001,3.2266622856259346,-0.06861434131860733,-0.043920187279582024,,,0.4375,,0.1410236358642578,0.4375,7,1,2.4748666286468506,62503,-2.4748666286468506,64,95.48046875,57,0.03700789784686101,,,7,66.30961513519287,1768006079.4196205,0,,,0.024694154039025307,,1.4933903217315674,1,1,3.0168957114219666,7691.584784555,0.13005225360393524,,0,,1,1,0.300550639629364,24,2.4748666286468506,,57,0,0,0.3684210479259491,341002,-2.4748666286468506,0.6084627832829926,12301,0.3581618117302907,,0.003060566959902644,0.4375,0.005329713225364685,-0.024289492517709732,122774,26
27,0,0.015625,,,0,1,,,0.010100414976477623,,0.38784274458885193,78100,,,297.3054528608918,575,1,,,0,8,279.58420038595796,262.6793395428938,-0.058427389711141586,,1,,,,-0.046273261308670044,292.8405075073242,,,0.010100414976477623,78090,0.46262669563293457,,297.3054528608918,422,11.616688292473555,,1e-06,0.4821428656578064,47422,,4510.953125,,,0.3571428656578064,0.10817007347941399,0.546875,,1,0.109375,0,1.8666621446609497,0.008858057006863852,,,370.046875,0.875,0,0.00034627277158693785,0.13529516756534576,0.18628304903799867,1,78096.0,,8,,,0,,8,0.5178571428571428,0.1563383750617504,275,0.33791619539260864,,-0.028088832274079323,0.001,3.0508386567234993,-0.1524480376392603,-0.003694692626595497,,,0.546875,,0.1378459930419922,0.546875,8,0,1.6201815605163574,61461,-2.4748666286468506,64,95.48046875,56,0.03718720642694105,,,8,66.30961513519287,1768006376.7397144,0,,,0.1487533450126648,,1.1449027061462402,1,1,2.767115280032158,8175.550173413,0.12568672001361847,,0,,1,1,0.38784274458885193,30,1.6201815605163574,,56,0,0,0.4821428656578064,312384,-2.4748666286468506,0.968421309195181,11432,0.3108374140273073,,0.0037946614902466536,0.546875,0.0022079795598983765,-0.046273261308670044,108883,27
28,0,0.015625,,,0,1,,,0.004999054130166769,,0.30393341183662415,114887,,,483.94733783975244,733,1,,,0,8,461.3922896757722,237.38688286377283,-0.03089771419763565,,1,,,,-0.026181349530816078,293.4689178466797,,,0.004999054130166769,114881,0.3775988519191742,,483.94733783975244,1013,14.699028093367815,,1e-06,0.5357142686843872,54359,,6691.890625,,,0.4107142984867096,0.10432039201259613,0.59375,,1,0.109375,0,1.682450532913208,0.007656918467384989,,,488.28125,0.875,0,0.0002270149174105689,0.09043530374765396,0.23116311679201973,1,114882.75,,8,,,0,,8,0.4642857142857143,0.2020893394947052,275,0.3234177231788635,,-0.011013041250407696,0.001,4.008919473737478,-0.06125679984688759,0.14758795872330666,,,0.59375,,0.0915025994181633,0.59375,8,0,1.6201815605163574,124258,-2.4748666286468506,64,98.634765625,56,0.031987021753413405,,,8,66.30961513519287,1768006860.7051308,0,,,0.20884475857019424,,0.9125536680221558,1,1,3.5185914002358913,8361.400262531,0.04959286004304886,,0,,1,1,0.30393341183662415,33,1.6201815605163574,,56,0,0,0.5357142686843872,459531,-2.4748666286468506,1.077312067721361,13464,0.2834733547569204,,0.002356351586058736,0.59375,0.001629844307899475,-0.026181349530816078,178617,28
29,0,0.015625,,,0,1,,,0.009351489134132862,,0.26556676626205444,60014,,,185.83855937048793,493,1,,,0,8,171.2270179539919,322.90526897793853,-0.04421733319759369,,1,,,,-0.03574454411864281,293.7870101928711,,,0.009351489134132862,60005,0.4510364532470703,,185.83855937048793,490,9.620287783443928,,1e-06,0.6607142686843872,38021,,3410.21875,,,0.4107142984867096,0.0978243462741375,0.703125,,1,0.109375,0,1.3520864248275757,0.009423039857080345,,,340.296875,0.75,0,0.0004075454053156753,0.13239659368991852,0.17084280897756263,1,60008.25,,8,,,0,,8,0.3392857142857143,0.13283586129546165,275,0.2524232566356659,,-0.010946816764771938,0.001,2.472664747387171,-0.1121439691632986,-0.19970614835619926,,,0.703125,,0.13364194333553314,0.703125,8,0,1.6201815605163574,46270,-2.4748666286468506,64,98.634765625,56,0.040079021565551105,,,8,66.30961513519287,1768007046.5552385,0,,,-0.08756217919290066,,0.8618190288543701,1,1,2.2618405260145664,8685.910278881,0.06286461651325226,,0,,1,1,0.26556676626205444,41,1.6201815605163574,,56,0,0,0.6607142686843872,240033,-2.4748666286468506,0.7845309499665156,9402,0.31083741402730736,,0.0032229030039161444,0.703125,0.003706667572259903,-0.03574454411864281,84291,29
30,0,0.015625,,,0,1,,,0.007436827756464481,,0.3231402337551117,82850,,,324.4974341914058,732,1,,,0,8,303.2350752353668,255.30633302675946,-0.0347716324031353,,1,,,,-0.027861081063747406,294.19872283935547,,,0.007436827756464481,82842,0.4019438326358795,,324.4974341914058,618,14.08360331878066,,1e-06,0.5357142686843872,70715,,4779.84375,,,0.4107142984867096,0.09341000393033028,0.59375,,1,0.109375,0,1.7678892612457275,0.010020880254476866,,,398.046875,0.875,0,0.0002818775862828139,0.10172638297080994,0.1669216837717448,1,82846.25,,8,,,0,,8,0.4642857142857143,0.16818735003471375,275,0.5280554294586182,,-0.011582608334720135,0.001,3.575183443725109,-0.020088201388716698,0.2671340350061655,,,0.59375,,0.10337299108505249,0.59375,8,0,1.6201815605163574,27498,-2.4748666286468506,64,98.634765625,56,0.0424992178848791,,,8,66.30961513519287,1768007371.0652094,0,,,0.2872222363948822,,0.8944618105888367,1,1,3.320769403129816,9027.092070674,0.07836783677339554,,0,,1,1,0.3231402337551117,35,1.6201815605163574,,56,0,0,0.5357142686843872,331385,-2.4748666286468506,0.9912558439912615,12579,0.30929478706587094,,0.0026704887859523296,0.59375,0.002304237335920334,-0.027861081063747406,98213,30
31,0,0.015625,,,0,1,,,0.006227156613022089,,0.3645769953727722,101009,,,341.1649277433753,695,1,,,0,7,320.2413070574403,296.05036094441056,-0.022334648296236992,,1,,,,-0.014423864893615246,294.5077095031738,,,0.006227156613022089,100996,0.415393590927124,,341.1649277433753,578,13.811377830803394,,1e-06,0.31578946113586426,76815,,5916.625,,,0.19298245012760162,0.09693006798624992,0.390625,,1,0.109375,0,1.440237283706665,0.008134628812216695,,,396.0,0.8571428656578064,0,0.00023992115994299598,0.1054362803697586,0.20887860802103042,1,101002.0,,7,,,0,,7,0.6326530612244898,0.18486907333135605,275,0.15470458567142487,,-0.013144083321094513,0.001,3.5203169025480747,-0.25272588431835175,-0.22552897408604622,,,0.390625,,0.10704997926950455,0.390625,7,1,1.6201815605163574,50518,-0.935412585735321,64,98.634765625,57,0.03418590184056602,,,7,66.30961513519287,1768007712.246963,0,,,0.027196910232305527,,1.248033881187439,1,1,3.2864551171660423,9409.431188103,0.1245424896478653,,0,,1,1,0.3645769953727722,20,1.6201815605163574,,57,0,0,0.31578946113586426,404008,-0.935412585735321,0.8457136328181192,12558,0.2842528219833494,,0.0027800309471786022,0.390625,0.001762203872203827,-0.014423864893615246,127333,31
32,0,0.015625,,,0,1,,,0.0071859280578792095,,0.360659658908844,107768,,,382.3262624256313,737,1,,,0,8,362.4403277486563,281.8358574594644,-0.025213612243533134,,1,,,,-0.015078405849635601,295.1024360656738,,,0.0071859280578792095,107744,0.35924115777015686,,382.3262624256313,695,13.017834674566984,,1e-06,0.375,76507,,6312.25,,,0.375,0.1050417423248291,0.453125,,1,0.109375,0,1.8198620080947876,0.007271423064630716,,,422.328125,1.0,0,0.00024370898864959782,0.08320024609565735,0.23765131961183658,1,107753.25,,8,,,0,,8,0.625,0.1920829378068447,275,0.3763407766819,,-0.012561491690576077,0.001,3.4128476567566395,-0.05314844101667404,-0.07219765335321426,,,0.453125,,0.08519405871629715,0.453125,8,0,2.4748666286468506,48876,-2.4748666286468506,64,98.634765625,56,0.030202881756622155,,,8,66.30961513519287,1768008094.5860975,0,,,-0.019049212336540222,,1.3852101564407349,1,1,3.1340778693556786,9703.508807119,0.11930879950523376,,0,,1,1,0.360659658908844,23,2.4748666286468506,,56,0,0,0.375,431013,-2.4748666286468506,0.8971650554196609,12699,0.3189387696337813,,0.0033759581856429577,0.453125,0.0024399086833000183,-0.015078405849635601,125383,32
33,0,0.015625,,,0,1,,,0.00972899328917265,,0.3571912348270416,77806,,,294.0615781210363,549,1,,,0,8,277.5787773914635,264.47521807146427,-0.04098651185631752,,1,,,,-0.031563397496938705,295.01998138427734,,,0.00972899328917265,77739,0.4256671965122223,,294.0615781210363,579,10.767006315290928,,1e-06,0.5178571343421936,48240,,4493.65625,,,0.5178571343421936,0.08981690928339958,0.578125,,1,0.109375,0,2.8953933715820312,0.008377875810933477,,,367.09375,1.0,0,0.00028871865608252195,0.11123248189687729,0.19795477192914931,1,77772.0,,8,,,0,,8,0.48214285714285715,0.14735081046819687,275,0.20878060162067413,,-0.014876204542815685,0.001,2.8300305269658566,-0.020088201388716698,-0.15993772633373737,,,0.578125,,0.1136254146695137,0.578125,8,0,1.6201815605163574,53548,-2.4748666286468506,64,98.634765625,56,0.03461080567328514,,,8,66.30961513519287,1768008388.6637902,0,,,-0.13984952494502068,,0.9275736212730408,1,1,2.606256630271673,10036.839775165,0.10952793806791306,,0,,1,1,0.3571912348270416,33,1.6201815605163574,,56,0,0,0.5178571343421936,311088,-2.4748666286468506,0.9651758290905357,10221,0.25691954589175287,,0.004059308208525181,0.578125,0.0016569346189498901,-0.031563397496938705,101788,33
34,0,0.015625,,,0,1,,,0.006040958687663078,,0.31784725189208984,88318,,,333.3181130364537,548,1,,,0,8,315.2006907649338,264.92634677294734,-0.033080652356147766,,1,,,,-0.026623588055372238,295.5710868835449,,,0.006040958687663078,88291,0.3929780125617981,,333.3181130364537,390,12.010782562196255,,1e-06,0.4821428656578064,62481,,5118.703125,,,0.3571428656578064,0.08769362792372704,0.546875,,1,0.109375,0,2.369875192642212,0.008035655979900665,,,400.34375,0.875,0,0.0002482698493674662,0.09550417959690094,0.20492632347460404,1,88304.75,,8,,,0,,8,0.5178571428571429,0.15496203303337097,275,0.20601607859134674,,-0.011727778241038322,0.001,3.006487473845482,-0.12274102307856083,-0.07389211468398571,,,0.546875,,0.09684733301401138,0.546875,8,0,1.6201815605163574,64537,-2.4748666286468506,64,98.634765625,56,0.03400378394762528,,,8,66.30961513519287,1768008721.9947157,0,,,0.04884890839457512,,1.0357997417449951,1,1,2.8383463695645332,10304.632562274,0.08143344521522522,,0,,1,1,0.31784725189208984,32,1.6201815605163574,,56,0,0,0.4821428656578064,353219,-2.4748666286468506,0.9621598816989588,10084,0.31083741402730736,,0.0029083779081702232,0.546875,0.0019538514316082,-0.026623588055372238,127018,34
35,0,0.015625,,,0,1,,,0.011703958734869957,,0.36801454424858093,73292,,,267.7812600694597,576,1,,,0,8,250.27038740739226,273.4078552808706,-0.03706607222557068,,1,,,,-0.022528022527694702,295.7019500732422,,,0.011703958734869957,73138,0.4165630638599396,,267.7812600694597,417,11.495209768414497,,1e-06,0.4821428656578064,45789,,4221.328125,,,0.4821428656578064,0.08775071054697037,0.546875,,1,0.109375,0,3.3981130123138428,0.009489884625980681,,,354.515625,1.0,0,0.00029963978824591904,0.10609538853168488,0.17745550417058964,1,73213.5,,8,,,0,,8,0.5178571428571428,0.15400997921824455,275,0.10755311697721481,,-0.01054953970015049,0.001,2.9683566577732563,-0.06861434131860733,0.1325667891651392,,,0.546875,,0.1091608852148056,0.546875,8,0,1.6201815605163574,60992,-2.4748666286468506,64,98.634765625,56,0.03925235703939334,,,8,66.30961513519287,1768008989.787513,0,,,0.20118113048374653,,1.2050825357437134,1,1,2.7791506722569466,10451.2639306,0.13997797667980194,,0,,1,1,0.36801454424858093,32,1.6201815605163574,,56,0,0,0.4821428656578064,292854,-2.4748666286468506,0.9263612511146605,11337,0.31083741402730736,,0.004147255327552557,0.546875,0.0032642781734466553,-0.022528022527694702,106781,35
36,0,0.015625,,,0,1,,,0.0070679811760783195,,0.36608198285102844,56446,,,146.6186523064971,493,1,,,0,7,134.36851302534342,384.78221639948896,-0.036185916513204575,,1,,,,-0.02954193763434887,295.96485900878906,,,0.0070679811760783195,56392,0.4747258722782135,,146.6186523064971,469,7.968504387885332,,1e-06,0.5263158082962036,18572,,3207.6875,,,0.28070175647735596,0.07572247087955475,0.578125,,1,0.125,0,2.1262316703796387,0.008695660487048142,,,318.328125,0.7142857313156128,0,0.0003355525707555658,0.1373118758201599,0.18689188978065768,1,56416.25,,7,,,0,,7,0.42857142857142855,0.12481053173542023,275,0.1661883145570755,,-0.014753401279449463,0.001,2.1005582995712757,-0.18411154299974442,0.05338143743574619,,,0.578125,,0.13892881572246552,0.578125,7,1,1.6201815605163574,87222,-2.4748666286468506,64,98.634765625,57,0.0353112108119794,,,7,66.30961513519287,1768009136.418889,0,,,0.2374929804354906,,0.9038249850273132,1,1,1.962306223809719,10692.173592825,0.12115603685379028,,0,,1,1,0.36608198285102844,33,1.6201815605163574,,57,0,0,0.5263158082962036,225665,-2.4748666286468506,0.65452386369339,9152,0.3818017741606063,,0.002350635128095746,0.578125,0.001811053603887558,-0.02954193763434887,105794,36
37,0,0.015625,,,0,1,,,0.011903203092515469,,0.3385584354400635,54865,,,240.89707059785724,550,1,,,0,8,227.1220457740128,227.7424954311088,-0.03661790490150452,,1,,,,-0.029243340715765953,296.11999893188477,,,0.011903203092515469,54860,0.4426577389240265,,240.89707059785724,647,8.941634200513363,,1e-06,0.7321428656578064,39388,,3103.15625,,,0.4821428656578064,0.08313113078474998,0.765625,,1,0.109375,0,1.9412338733673096,0.009595864174658792,,,325.75,0.75,0,0.0003788158158339029,0.11513296514749527,0.15757339017823271,1,54862.5,,8,,,0,,8,0.26785714285714285,0.13105937093496323,275,0.4924074411392212,,-0.0113056730479002,0.001,2.490898262709379,-0.07185385562479496,-0.13789476826786995,,,0.765625,,0.11779243499040604,0.765625,8,0,0.935412585735321,41259,-2.4748666286468506,64,98.634765625,56,0.04074565596041633,,,8,66.30961513519287,1768009377.3285487,0,,,-0.06604091264307499,,0.5829263925552368,1,1,2.105812393128872,10918.017927446,0.07081857323646545,,0,,1,1,0.3385584354400635,45,0.935412585735321,,56,0,0,0.7321428656578064,219450,-2.4748666286468506,1.1436040209766911,10280,0.2194322451329376,,0.003410664852708578,0.765625,0.0023565255105495453,-0.029243340715765953,80647,37
38,0,0.015625,,,0,1,,,0.0050547365099191666,,0.34069663286209106,78588,,,225.83267204090953,546,1,,,0,7,207.891999874264,347.9833067987796,-0.028352050110697746,,1,,,,-0.023261815309524536,296.56761932373047,,,0.0050547365099191666,78582,0.393886536359787,,225.83267204090953,514,11.642976850271225,,1e-06,0.4385964870452881,42480,,4531.640625,,,0.31578946113586426,0.08662470430135727,0.5,,1,0.109375,0,2.1923816204071045,0.009278911950073654,,,379.984375,0.8571428656578064,0,0.00027557295288396555,0.0933791846036911,0.1897866049972303,1,78586.0,,7,,,0,,7,0.4897959183673469,0.1504540629684925,275,0.43331459164619446,,-0.009092536754906178,0.001,3.1235224939882755,-0.1193877998739481,-0.08741093426942825,,,0.5,,0.09462930262088776,0.5,7,1,1.6201815605163574,92301,-2.4748666286468506,64,98.634765625,57,0.03703896638800558,,,7,66.30961513519287,1768009603.1728663,0,,,0.031976865604519844,,0.9786704182624817,1,1,2.9167702980339527,11229.7570108,0.09687962383031845,,0,,1,1,0.34069663286209106,28,1.6201815605163574,,57,0,0,0.4385964870452881,314344,-2.4748666286468506,0.7168071713619998,9955,0.32268139389473266,,0.0021813397761434317,0.5,0.0028182268142700195,-0.023261815309524536,134781,38
39,0,0.015625,,,0,1,,,0.008660477586090565,,0.32372212409973145,92320,,,311.72820695862174,495,1,,,0,7,295.01146376132965,296.14099057854526,-0.02307717315852642,,1,,,,-0.01185685209929943,296.9530715942383,,,0.008660477586090565,92308,0.3723474144935608,,311.72820695862174,488,10.94395450875163,,1e-06,0.4035087823867798,68024,,5396.28125,,,0.4035087823867798,0.08759047836065292,0.46875,,1,0.109375,0,2.4941279888153076,0.00713063546080384,,,373.4375,1.0,0,0.00023720414870919,0.0865783765912056,0.23097728175180493,1,92315.5,,7,,,0,,7,0.5306122448979592,0.14867150411009789,275,0.1248634085059166,,-0.009843735955655575,0.001,2.885595727711916,-0.12987114302814007,-0.05670328438282013,,,0.46875,,0.08863214403390884,0.46875,7,1,2.4748666286468506,44748,-2.4748666286468506,64,98.634765625,57,0.029637369966992625,,,7,66.30961513519287,1768009914.911938,0,,,0.07316785864531994,,1.2725006341934204,1,1,2.6330727115273476,11478.173964925,0.09300720691680908,,0,,1,1,0.32372212409973145,26,2.4748666286468506,,57,0,0,0.4035087823867798,369262,-2.4748666286468506,0.8542093911933845,8736,0.3121848681791501,,0.005062764044851065,0.46875,0.0017255060374736786,-0.01185685209929943,112772,39
40,0,0.015625,,,0,1,,,0.00838025938719511,,0.31743213534355164,54364,,,248.40686478838325,472,1,,,0,8,234.98218969628215,218.81541013894687,-0.040932804346084595,,1,,,,-0.03344794362783432,297.04944229125977,,,0.00838025938719511,54347,0.4322206676006317,,248.40686478838325,483,8.767606627196074,,1e-06,0.6071428656578064,43500,,3057.78125,,,0.3571428656578064,0.08318756893277168,0.65625,,1,0.109375,0,2.222923517227173,0.009715830385606836,,,339.421875,0.75,0,0.0003826105524892797,0.11236989498138428,0.16280142776872256,1,54355.25,,8,,,0,,8,0.3928571428571429,0.1184559129178524,275,0.3898705542087555,,-0.012850520201027393,0.001,2.3062251172959805,-0.08870254270732403,-0.15416770055890083,,,0.65625,,0.11408838629722595,0.65625,8,0,2.4748666286468506,31746,-2.4748666286468506,64,98.634765625,56,0.040325482024257425,,,8,66.30961513519287,1768010163.3289495,0,,,-0.0654651578515768,,0.8522209525108337,1,1,2.112425558269024,11774.349466126,0.0950961634516716,,0,,1,1,0.31743213534355164,41,2.4748666286468506,,56,0,0,0.6071428656578064,217421,-2.4748666286468506,1.2007388409502506,8397,0.3480997980288915,,0.0028892771806567907,0.65625,0.002415727823972702,-0.03344794362783432,75246,40
41,0,0.015625,,,0,1,,,0.011983907781541348,,0.39844152331352234,76188,,,296.1559100970626,470,1,,,0,8,280.36167192459106,257.24794745791445,-0.024519294500350952,,1,,,,-0.008802184835076332,297.3400688171387,,,0.011983907781541348,76183,0.37697944045066833,,296.1559100970626,508,10.346921022981405,,1e-06,0.5,46272,,4404.34375,,,0.375,0.0905432403087616,0.5625,,1,0.109375,0,3.3133866786956787,0.008092758510161753,,,357.25,0.875,0,0.00029711441254819354,0.08880651742219925,0.19697678349911016,1,76185.5,,8,,,0,,8,0.5,0.1445288509130478,275,0.5374376773834229,,-0.010173430666327477,0.001,2.72651094943285,-0.020088201388716698,-0.10861672274768353,,,0.5625,,0.09251715242862701,0.5625,8,0,2.4748666286468506,44798,-2.4748666286468506,64,98.634765625,56,0.033953052165377286,,,8,66.30961513519287,1768010459.5044303,0,,,-0.08852852135896683,,1.2869983911514282,1,1,2.4662034139037132,12079.910270596,0.12169938534498215,,0,,1,1,0.39844152331352234,30,2.4748666286468506,,56,0,0,0.5,304742,-2.4748666286468506,0.994620622838927,9565,0.3425593945223371,,0.00525971595197916,0.5625,0.0013061314821243286,-0.008802184835076332,91070,41
42,0,0.015625,,,0,1,,,0.005975095555186272,,0.360704630613327,85355,,,305.5484957844019,494,1,,,0,7,288.36205215752125,279.3459996616264,-0.023562435060739517,,1,,,,-0.01575993373990059,297.7397117614746,,,0.005975095555186272,85352,0.3889162242412567,,305.5484957844019,473,11.368375953286886,,1e-06,0.35087719559669495,32694,,4979.0,,,0.22807016968727112,0.08754468336701393,0.421875,,1,0.109375,0,2.0167839527130127,0.007894713751134931,,,355.609375,0.8571428656578064,0,0.000256417214729915,0.09205949306488037,0.20645885693262933,1,85353.75,,7,,,0,,7,0.5918367346938777,0.1560886912047863,275,0.34205809235572815,,-0.011557593941688538,0.001,2.8565945513546467,-0.02008819952607155,0.004176311194896698,,,0.421875,,0.09366468340158463,0.421875,7,1,2.4748666286468506,77422,-2.4748666286468506,64,98.634765625,57,0.03329782216155379,,,7,66.30961513519287,1768010765.0651846,0,,,0.024264510720968246,,1.282274603843689,1,1,2.695373695343733,12289.239052446,0.12809965014457703,,0,,1,1,0.360704630613327,24,2.4748666286468506,,57,0,0,0.35087719559669495,341415,-2.4748666286468506,0.904932127929558,10506,0.3534797566467096,,0.0027045453898608685,0.421875,0.00263865664601326,-0.01575993373990059,110116,42
43,0,0.015625,,,0,1,,,0.00630998844280839,,0.32146862149238586,73044,,,209.315096270293,467,1,,,0,8,193.1317831799388,348.89504532294274,-0.03672236576676369,,1,,,,-0.02887994423508644,297.9413070678711,,,0.00630998844280839,73015,0.40728333592414856,,209.315096270293,693,10.708014592528343,,1e-06,0.4464285671710968,48278,,4224.453125,,,0.3214285671710968,0.09511218965053558,0.515625,,1,0.109375,0,2.8898704051971436,0.008297342948406304,,,339.859375,0.875,0,0.00032559733000087494,0.10244911164045334,0.18653659181797747,1,73029.0,,8,,,0,,8,0.5535714285714286,0.14945906773209572,275,0.5318295359611511,,-0.013504534028470516,0.001,2.7854569032788277,-0.19135536439716816,0.018169205635786057,,,0.515625,,0.10383112728595734,0.515625,8,0,2.4748666286468506,72159,-1.6201815605163574,64,98.634765625,56,0.036656720592259044,,,8,66.30961513519287,1768010974.3918445,0,,,0.20952457003295422,,1.2061359882354736,1,1,2.4237866327166557,12597.311265152,0.12193646281957626,,0,,1,1,0.32146862149238586,29,2.4748666286468506,,56,0,0,0.4464285671710968,292116,-1.6201815605163574,0.714337222569263,10006,0.33071891388307384,,0.0025452354457229376,0.515625,0.002904590219259262,-0.02887994423508644,120437,43
44,0,0.015625,,,0,1,,,0.010387035086750984,,0.3308303952217102,77104,,,308.06235479936004,546,1,,,0,8,292.63183065876365,250.24966146938038,-0.03242751583456993,,1,,,,-0.023648884147405624,297.93931579589844,,,0.010387035086750984,77080,0.3926636576652527,,308.06235479936004,912,10.129993502050638,,1e-06,0.5714285969734192,65787,,4443.640625,,,0.5714285969734192,0.08673132583498955,0.625,,1,0.109375,0,2.4315218925476074,0.007921213782277827,,,374.640625,1.0,0,0.0002812573396730861,0.09496061503887177,0.20240967618484798,1,77092.5,,8,,,0,,8,0.4285714285714286,0.14367930218577385,275,0.19288629293441772,,-0.012402497231960297,0.001,2.6069918163120747,-0.050773460417985916,-0.060817448422312737,,,0.625,,0.09741061180830002,0.625,8,0,2.4748666286468506,33990,-2.4748666286468506,64,98.634765625,56,0.03285012647809657,,,8,66.30961513519287,1768011282.4662592,0,,,-0.01004398800432682,,0.812725305557251,1,1,2.4426646940410137,12853.111169252,0.09971630573272705,,0,,1,1,0.3308303952217102,35,2.4748666286468506,,56,0,0,0.5714285969734192,308370,-2.4748666286468506,1.0289698785088368,9369,0.2672612419124244,,0.004655194003134966,0.625,0.0020315051078796387,-0.023648884147405624,99777,44
45,0,0.015625,,,0,1,,,0.012570422142744064,,0.42136725783348083,61077,,,255.7845774255693,494,1,,,0,8,242.1191187798977,238.74973469723878,-0.0399513803422451,,1,,,,-0.0313437320291996,298.6039924621582,,,0.012570422142744064,61059,0.43881019949913025,,255.7845774255693,496,9.049238096922636,,1e-06,0.6785714030265808,41547,,3477.90625,,,0.5535714030265808,0.08259246498346329,0.71875,,1,0.109375,0,3.1319892406463623,0.00884357251429611,,,338.875,0.875,0,0.00033811402352875575,0.11729752272367477,0.17713676195816064,1,61068.5,,8,,,0,,8,0.3214285714285714,0.13152643665671349,275,0.45182204246520996,,-0.00934793520718813,0.001,2.2243275828659534,-0.12274102494120598,-0.3625809773802757,,,0.71875,,0.12111981213092804,0.71875,8,0,1.6201815605163574,51271,-2.4748666286468506,64,98.634765625,56,0.03704544117230092,,,8,66.30961513519287,1768011538.2661073,0,,,-0.23983995243906975,,0.6448029279708862,1,1,2.160254832357168,13157.811900353,0.07357872277498245,,0,,1,1,0.42136725783348083,44,1.6201815605163574,,56,0,0,0.6785714030265808,244274,-2.4748666286468506,1.0877553789541916,9263,0.23419423301078576,,0.004480757284909487,0.71875,0.0015113800764083862,-0.0313437320291996,92818,45
46,0,0.015625,,,0,1,,,0.008681547828018665,,0.29044079780578613,76768,,,304.68794509768486,735,1,,,0,8,286.9198283441365,248.606816314032,-0.04100828617811203,,1,,,,-0.030831214040517807,299.3893585205078,,,0.008681547828018665,74819,0.4302028715610504,,304.68794509768486,750,11.79883586242795,,1e-06,0.4821428656578064,53010,,4344.703125,,,0.4821428656578064,0.09671930968761444,0.546875,,1,0.109375,0,3.0295958518981934,0.00907001890446936,,,389.515625,1.0,0,0.0003192161777207645,0.1118326485157013,0.17877289009961636,1,75747.5,,8,,,0,,8,0.5178571428571429,0.16596106067299843,275,0.1287699192762375,,-0.018932828679680824,0.001,2.9375529251992702,-0.12176278978586197,0.14662134274840355,,,0.546875,,0.11338324844837189,0.546875,8,0,2.4748666286468506,47412,-2.4748666286468506,64,102.876953125,56,0.03894133754390557,,,8,66.30961513519287,1768011842.9666755,0,,,0.2683841325342655,,1.1312566995620728,1,1,2.7481250278651714,13384.104281588,0.13212934136390686,,0,,1,1,0.29044079780578613,30,2.4748666286468506,,56,0,0,0.4821428656578064,302990,-2.4748666286468506,1.0318592982983463,12766,0.2666640093405014,,0.002793774474412203,0.546875,0.0017477013170719147,-0.030831214040517807,100422,46
47,0,0.015625,,,0,1,,,0.007405111100524664,,0.276985764503479,84327,,,226.27551010251045,712,1,,,0,8,208.15449976548553,372.6220745753809,-0.03667798638343811,,1,,,,-0.026142200455069542,299.4042549133301,,,0.007405111100524664,84310,0.40815648436546326,,226.27551010251045,518,11.675011321902275,,1e-06,0.4464285671710968,40223,,4888.9375,,,0.3214285671710968,0.1098392866551876,0.515625,,1,0.109375,0,1.9352526664733887,0.008460030062492204,,,380.765625,0.875,0,0.0003256803681872129,0.09967917203903198,0.2055399973558388,1,84315.25,,8,,,0,,8,0.5535714285714286,0.170026995241642,275,0.12281525135040283,,-0.01410682313144207,0.001,3.2822545617818832,-0.16067011654376984,0.004144748672842979,,,0.515625,,0.10099215060472488,0.515625,8,0,2.4748666286468506,87773,-2.4748666286468506,64,102.876953125,56,0.03461714020269843,,,8,66.30961513519287,1768012069.259223,0,,,0.16481486521661282,,1.386094570159912,1,1,2.8532381989061832,13662.088090445,0.10207431018352509,,0,,1,1,0.276985764503479,30,2.4748666286468506,,56,0,0,0.4464285671710968,337261,-2.4748666286468506,0.6652598972344628,13756,0.3229132378575915,,0.0025022896006703377,0.515625,0.002510588616132736,-0.026142200455069542,127996,47
48,0,0.015625,,,0,1,,,0.009180105291306973,,0.32100194692611694,68363,,,277.97227791696787,560,1,,,0,8,262.5227162539959,245.9076153645013,-0.04134901985526085,,1,,,,-0.03345828875899315,299.76347732543945,,,0.009180105291306973,68349,0.41314616799354553,,277.97227791696787,490,10.05659719929099,,1e-06,0.625,49545,,3909.609375,,,0.625,0.0860203169286251,0.671875,,1,0.109375,0,2.2087607383728027,0.008755006727361117,,,362.609375,1.0,0,0.0003146064213143972,0.10686641186475754,0.18081093897365136,1,68355.5,,8,,,0,,8,0.375,0.1386030949652195,275,0.2976217269897461,,-0.01020139455795288,0.001,2.7448376454412937,-0.06125680170953274,-0.1285085193812847,,,0.671875,,0.10883220285177231,0.671875,8,0,1.6201815605163574,67748,-2.4748666286468506,64,102.876953125,56,0.036780497543324936,,,8,66.30961513519287,1768012347.243064,0,,,-0.06725171767175198,,0.8181983232498169,1,1,2.393811449408531,13954.153301407,0.06490842252969742,,0,,1,1,0.32100194692611694,43,1.6201815605163574,,56,0,0,0.625,273422,-2.4748666286468506,1.0491885628519309,9746,0.2569195458917528,,0.0034824979957193136,0.671875,0.0035070814192295074,-0.03345828875899315,117293,48
49,0,0.015625,,,0,1,,,0.007597776595503092,,0.37917929887771606,74726,,,292.04876478761435,696,1,,,0,7,275.27957946434617,255.8545318770303,-0.028744619339704514,,1,,,,-0.022054633125662804,300.0248260498047,,,0.007597776595503092,74720,0.42395803332328796,,292.04876478761435,469,11.05505671352148,,1e-06,0.5964912176132202,50776,,4289.90625,,,0.35087719559669495,0.09476767107844353,0.640625,,1,0.109375,0,1.6681523323059082,0.008745303764436368,,,380.21875,0.7142857313156128,0,0.00031706750046319533,0.10981948673725128,0.18634887004461417,1,74722.0,,7,,,0,,7,0.30612244897959184,0.16781705245375633,275,0.22345489263534546,,-0.008691278286278248,0.001,2.817613858729601,-0.03068525344133377,0.07854429632425308,,,0.640625,,0.11186601966619492,0.640625,7,1,1.6201815605163574,38841,-1.6201815605163574,64,102.876953125,57,0.036987288594796316,,,7,66.30961513519287,1768012639.3082314,0,,,0.10922954976558685,,0.8517745137214661,1,1,2.613866351544857,15084.715512995,0.05408608913421631,,0,,1,1,0.37917929887771606,38,1.6201815605163574,,57,0,0,0.5964912176132202,298888,-1.6201815605163574,1.002642756850551,11917,0.26920216241373307,,0.0025841393508017063,0.640625,0.0015836283564567566,-0.022054633125662804,89617,49
50,0,0.015625,0.5,0.0,0,1,0.136,0.0,0.016516782343387604,0.803625,0.4019486606121063,34339,0.0,0.0,1130.5471120215952,318,1,0.001,0.0,0,8,98.9349258877337,30.373568367794014,-0.08983828127384186,1.0,1,0.0,0.0,0.6276595744680851,-0.0810093879699707,300.1986846923828,0.22424999999999998,0.6622666666666667,0.016516782343387604,34338,0.576060950756073,1021.3393828608096,1130.5471120215952,430,6.642675317823887,0.16666666666666666,1e-06,0.8035714030265808,29791,0.0,1850.390625,0.26083833111531246,1.0,0.4285714328289032,0.06814534589648247,0.828125,0.978,1,0.109375,0,2.31691575050354,0.01205320820819346,0.0,0.3427885645700568,295.78125,0.625,0,0.0004961257027154633,0.1986241638660431,0.12859531210911587,1,34338.75,0.28792466063500727,8,0.14338409953687334,0.356,0,1.0,8,0.19642857142857145,0.09882699698209763,275,1.2055294513702393,0.5,-0.012695826590061188,0.001,1.7896864786744118,-0.04116860032081604,-0.05245012417435646,1.0,0.14668333238647124,0.828125,0.0,0.20198243856430054,0.828125,8,0,0.7245674133300781,13199,-2.4748666286468506,64,102.876953125,56,0.04836136520566333,0.021,0.4124789556921527,8,66.30961513519287,1768013769.8701656,0,0.03160696125855822,0.0,-0.01128152385354042,0.33407590316929797,0.4447018504142761,1,1,1.6555684134364128,15235.645452131,0.05544435605406761,0.2319499326250001,0,1.0,1,1,0.4019486606121063,52,0.7245674133300781,0.48342841563837285,56,0,0,0.8035714030265808,137355,-2.4748666286468506,0.8354226378529339,7085,0.17404989901444579,0.5714285714285714,0.004128393717110157,0.828125,0.001451745629310608,-0.0810093879699707,42990,50
51,0,0.015625,,,0,1,,,0.009942835196852684,,0.3403396010398865,54241,,,150.91788499057293,396,1,,,0,8,136.19462817162275,359.3908038360596,-0.068258136510849,,1,,,,-0.05932793393731117,301.1783218383789,,,0.009942835196852684,54236,0.48829108476638794,,150.91788499057293,491,9.667880933731794,,1e-06,0.5892857313156128,44613,,3072.25,,,0.4642857015132904,0.08560798317193985,0.640625,,1,0.109375,0,2.7045817375183105,0.010378789871155501,,,317.65625,0.875,0,0.00039459048080210484,0.1441371738910675,0.14664254490798526,1,54238.5,,8,,,0,,8,0.41071428571428575,0.13750114291906357,275,0.6708149909973145,,-0.01766861602663994,0.001,2.555897291749716,-0.05314844474196434,0.016416866332292557,,,0.640625,,0.14608798921108246,0.640625,8,0,1.20761239528656,20090,-2.4748666286468506,64,102.876953125,56,0.04456189299912329,,,8,66.30961513519287,1768013920.800401,0,,,0.0695653110742569,,0.8298957943916321,1,1,2.2517199777066708,15535.229966126,0.08619412779808044,,0,,1,1,0.3403396010398865,40,1.20761239528656,,56,0,0,0.5892857313156128,216954,-2.4748666286468506,0.692665331656475,9287,0.21943224513293763,,0.003154691308736801,0.640625,0.0038475319743156433,-0.05932793393731117,64703,51
52,0,0.015625,,,0,1,,,0.008720718324184418,,0.3375515043735504,78141,,,299.5730103030801,546,1,,,0,8,283.42535381764174,260.7986945184318,-0.043273359537124634,,1,,,,-0.033708516508340836,301.6295356750488,,,0.008720718324184418,78120,0.43017610907554626,,299.5730103030801,736,10.764913238584995,,1e-06,0.5357142686843872,53302,,4493.609375,,,0.5357142686843872,0.08961998298764229,0.59375,,1,0.109375,0,2.1046526432037354,0.007845477508827161,,,389.40625,1.0,0,0.00028677201584459617,0.11089353263378143,0.1991967153656833,1,78128.25,,8,,,0,,8,0.4642857142857143,0.15128157287836075,275,0.15117868781089783,,-0.015121111646294594,0.001,2.669134460389614,-0.10253910720348358,0.08438810892403126,,,0.59375,,0.11287016421556473,0.59375,8,0,2.4748666286468506,78215,-2.4748666286468506,64,102.876953125,56,0.034446289397833035,,,8,66.30961513519287,1768014220.3849359,0,,,0.18692721612751484,,1.0535222291946411,1,1,2.4518137127161026,15798.019025086,0.0916721373796463,,0,,1,1,0.3375515043735504,34,2.4748666286468506,,56,0,0,0.5357142686843872,312513,-2.4748666286468506,0.9855153805843776,10011,0.2923340275668732,,0.0037119919434189796,0.59375,0.0014247745275497437,-0.033708516508340836,131517,52
53,0,0.015625,,,0,1,,,0.012895309366285801,,0.3985278308391571,70745,,,262.7771877348423,711,1,,,0,8,244.44606128707528,268.0683609076462,-0.044951435178518295,,1,,,,-0.029006995260715485,301.8481864929199,,,0.012895309366285801,70139,0.44854092597961426,,262.7771877348423,493,11.999540761113167,,1e-06,0.5357142686843872,31662,,4049.4375,,,0.2857142984867096,0.09864252805709839,0.59375,,1,0.109375,0,1.9500404596328735,0.01059553217399058,,,353.203125,0.75,0,0.00035008296887556256,0.11823299527168274,0.1621501498659703,1,70442.25,,8,,,0,,8,0.4642857142857143,0.15746783465147018,275,0.42376258969306946,,-0.018964575603604317,0.001,3.0550886541604996,0.0,0.10469974763691425,,,0.59375,,0.1218474879860878,0.59375,8,0,2.4748666286468506,64552,-1.6201815605163574,64,102.876953125,56,0.04258644762593886,,,8,66.30961513519287,1768014483.1739771,0,,,0.10469974763691425,,1.1915016174316406,1,1,2.985492505133152,16072.616453853,0.11859115213155746,,0,,1,1,0.3985278308391571,34,2.4748666286468506,,56,0,0,0.5357142686843872,281769,-1.6201815605163574,0.9432099415315217,12423,0.34809979802889157,,0.003975844942033291,0.59375,0.004015035927295685,-0.029006995260715485,96214,53
54,0,0.015625,,,0,1,,,0.008157673291862011,,0.3076581656932831,69520,,,274.58667106181383,494,1,,,0,8,258.70187686756253,253.17142937484576,-0.044624634087085724,,1,,,,-0.03798473998904228,302.24691009521484,,,0.008157673291862011,69515,0.44262585043907166,,274.58667106181383,928,10.629864390939474,,1e-06,0.5714285969734192,55713,,3991.640625,,,0.4464285671710968,0.08669358491897583,0.625,,1,0.109375,0,2.310981035232544,0.008649513493567844,,,353.203125,0.875,0,0.00031176892479942397,0.11636458337306976,0.17149168744435378,1,69517.5,,8,,,0,,8,0.4285714285714286,0.13719189167022705,275,0.38261574506759644,,-0.01394642237573862,0.001,2.6095507964491844,-0.10629688203334808,-0.015165524557232857,,,0.625,,0.11792507767677307,0.625,8,0,0.935412585735321,28994,-2.4748666286468506,64,102.876953125,56,0.038227296691262895,,,8,66.30961513519287,1768014757.7714348,0,,,0.09113135747611523,,0.7693198919296265,1,1,2.40517021715641,16370.441257019,0.08090458810329437,,0,,1,1,0.3076581656932831,36,0.935412585735321,,56,0,0,0.5714285969734192,278070,-2.4748666286468506,1.0126705296912004,8772,0.21428571428571427,,0.0035141916014254093,0.625,0.001164119690656662,-0.03798473998904228,84707,54
55,0,0.015625,,,0,1,,,0.01040069479495287,,0.38075771927833557,75917,,,297.812936950475,694,1,,,0,8,279.64488353952765,254.90917479056452,-0.04208798706531525,,1,,,,-0.029217571020126343,302.3333206176758,,,0.01040069479495287,75913,0.42943310737609863,,297.812936950475,454,11.915826465934515,,1e-06,0.5357142686843872,56708,,4371.703125,,,0.4107142984867096,0.09440510720014572,0.59375,,1,0.109375,0,2.1331043243408203,0.009307109375982314,,,373.0,0.875,0,0.00031088979882219227,0.10897509753704071,0.17879447038837057,1,75915.25,,8,,,0,,8,0.4642857142857143,0.16121071577072144,275,0.7162272930145264,,-0.019324321299791336,0.001,3.131436098366976,-0.040176404640078545,0.3435662742704153,,,0.59375,,0.11180183291435242,0.59375,8,0,2.4748666286468506,49324,-2.4748666286468506,64,102.876953125,56,0.03924055596844677,,,8,66.30961513519287,1768015055.5961752,0,,,0.38374267891049385,,1.1953696012496948,1,1,2.8262061402201653,16608.693327243,0.0991077572107315,,0,,1,1,0.38075771927833557,33,2.4748666286468506,,56,0,0,0.5357142686843872,303661,-2.4748666286468506,0.9994849101984984,12769,0.3553526561095071,,0.0033773118630051613,0.59375,0.006165128201246262,-0.029217571020126343,106032,55
56,0,0.015625,,,0,1,,,0.009630490094423294,,0.4203304648399353,81773,,,238.23505965992808,733,1,,,0,8,221.67861418426037,343.2083007291853,-0.05287628620862961,,1,,,,-0.0426691509783268,302.89348220825195,,,0.009630490094423294,81754,0.43191659450531006,,238.23505965992808,654,10.71719067916274,,1e-06,0.4285714328289032,35801,,4734.3125,,,0.3035714328289032,0.09820178151130676,0.5,,1,0.109375,0,2.194915771484375,0.00811839439659075,,,375.953125,0.875,0,0.0003002589197335839,0.1092735156416893,0.2160080349216221,1,81764.25,,8,,,0,,8,0.5714285714285714,0.1707877553999424,275,0.34521201252937317,,-0.025286326184868813,0.001,2.8907801508903503,0.0,0.09991405159235,,,0.5,,0.11226915568113327,0.5,8,0,1.6201815605163574,77094,-1.6201815605163574,64,102.876953125,56,0.03276857146969103,,,8,66.30961513519287,1768015293.8482277,0,,,0.09991405159235,,1.0070009231567383,1,1,2.655177716165781,16865.151788227,0.11960955709218979,,0,,1,1,0.4203304648399353,29,1.6201815605163574,,56,0,0,0.4285714328289032,327057,-1.6201815605163574,0.731622246446357,13062,0.2672612419124244,,0.003305092453956604,0.5,0.0023266002535820007,-0.0426691509783268,112895,56
57,0,0.015625,,,0,1,,,0.00899274181574583,,0.34967201948165894,61765,,,256.44258401170373,512,1,,,0,8,240.39737090840936,240.83071163087868,-0.06130916252732277,,1,,,,-0.0532379187643528,303.0044059753418,,,0.00899274181574583,61752,0.44236454367637634,,256.44258401170373,389,10.658367566764355,,1e-06,0.625,38005,,3504.5625,,,0.625,0.08914671093225479,0.671875,,1,0.109375,0,2.6478731632232666,0.010183397173158179,,,355.390625,1.0,0,0.0003608638015044499,0.11398345977067947,0.15700546110458546,1,61759.25,,8,,,0,,8,0.37500000000000006,0.13684430718421936,275,1.1933642625808716,,-0.014399347826838493,0.001,2.6201864033937454,-0.12163511477410793,-0.07869663089513779,,,0.671875,,0.11610294133424759,0.671875,8,0,1.6201815605163574,47529,-2.4748666286468506,64,102.876953125,56,0.04314482270576616,,,8,66.30961513519287,1768015550.3067536,0,,,0.042938483878970146,,0.836219310760498,1,1,2.515675887465477,17134.833786696,0.08734013140201569,,0,,1,1,0.34967201948165894,39,1.6201815605163574,,56,0,0,0.625,247037,-2.4748666286468506,1.071805373835934,10467,0.25691954589175287,,0.0028705368749797344,0.671875,0.0033921152353286743,-0.0532379187643528,85534,57
58,0,0.015625,,,0,1,,,0.005492334254086018,,0.3322254419326782,68661,,,269.66857773810625,466,1,,,0,7,253.20781513303518,254.5977012815989,-0.054683610796928406,,1,,,,-0.049796149134635925,303.3061180114746,,,0.005492334254086018,68649,0.4543844759464264,,269.66857773810625,577,10.931555319577456,,1e-06,0.4736842215061188,46565,,3954.375,,,0.4736842215061188,0.09549099206924438,0.53125,,1,0.109375,0,2.111575126647949,0.009092364870376972,,,336.6875,1.0,0,0.00034771032840513126,0.1216113418340683,0.16874922938494105,1,68657.0,,7,,,0,,7,0.44897959183673475,0.1530468501150608,275,0.40140005946159363,,-0.02112097106873989,0.001,2.7628910653293133,-0.1524480413645506,-0.09550581872463226,,,0.53125,,0.1227680966258049,0.53125,7,1,1.6201815605163574,42776,-2.4748666286468506,64,102.876953125,57,0.039804955501906054,,,7,66.30961513519287,1768015819.9887307,0,,,0.05694222263991833,,0.8351861238479614,1,1,2.497017979621887,17482.854051464,0.08638708293437958,,0,,1,1,0.3322254419326782,32,1.6201815605163574,,57,0,0,0.4736842215061188,274628,-2.4748666286468506,1.000505038458334,10961,0.2581451151157861,,0.0019006519578397274,0.53125,0.002172674983739853,-0.049796149134635925,89341,58
59,0,0.015625,,,0,1,,,0.006643957458436489,,0.3087546229362488,97443,,,348.00612622126937,709,1,,,0,8,327.3604080863297,279.97567473294987,-0.037388432770967484,,1,,,,-0.029817849397659302,303.46488189697266,,,0.006643957458436489,97424,0.37142616510391235,,348.00612622126937,962,13.596710421144962,,1e-06,0.4107142984867096,63620,,5646.578125,,,0.4107142984867096,0.10353491455316544,0.484375,,1,0.109375,0,3.0048067569732666,0.008354525906242418,,,443.0,1.0,0,0.000265656012072792,0.08207456767559052,0.20331205513088463,1,97433.25,,8,,,0,,8,0.5892857142857143,0.18395612761378288,275,0.2335948348045349,,-0.019293978810310364,0.001,3.483691282570362,-0.07185385935008526,0.08429195918142796,,,0.484375,,0.0835806205868721,0.484375,8,0,2.4748666286468506,75164,-1.6201815605163574,64,102.876953125,56,0.034887244398459874,,,8,66.30961513519287,1768016168.0090387,0,,,0.15614581853151321,,1.102080225944519,1,1,3.256034445017576,17653.771515876,0.09861060231924057,,0,,1,1,0.3087546229362488,26,2.4748666286468506,,56,0,0,0.4107142984867096,389733,-1.6201815605163574,0.9058594892546362,14048,0.2806470293839592,,0.002542225643992424,0.484375,0.0015743747353553772,-0.029817849397659302,138784,59
60,0,0.015625,,,0,1,,,0.008457276038825512,,0.4087817072868347,70881,,,170.90387158468366,695,1,,,0,7,152.86839815229177,413.9944247251382,-0.042486339807510376,,1,,,,-0.034303031861782074,304.19713973999023,,,0.008457276038825512,70457,0.42717838287353516,,170.90387158468366,532,11.996323030442,,1e-06,0.4736842215061188,36196,,4071.9375,,,0.4736842215061188,0.09314541518688202,0.53125,,1,0.125,0,3.496159791946411,0.009799645503607448,,,350.140625,1.0,0,0.00032912062409458934,0.10874797403812408,0.16320605405595737,1,70753.25,,7,,,0,,7,0.4693877551020408,0.16401438787579536,275,0.2889626622200012,,-0.01808248832821846,0.001,2.98796796053648,-0.06861434131860733,0.06040431559085846,,,0.53125,,0.11128544062376022,0.53125,7,1,2.4748666286468506,92180,-2.4748666286468506,64,102.876953125,57,0.042387886883083106,,,7,66.30961513519287,1768016338.9264133,0,,,0.1290186569094658,,0.9251189231872559,1,1,2.7734270729124546,17910.855668743,0.12035109102725983,,0,,1,1,0.4087817072868347,31,2.4748666286468506,,57,0,0,0.4736842215061188,283013,-2.4748666286468506,0.5865926775962448,12765,0.24994793293705897,,0.002558506792411208,0.53125,0.0018679983913898468,-0.034303031861782074,128376,60
61,0,0.015625,,,0,1,,,0.015469653531908989,,0.4403197467327118,74377,,,257.06773467361927,560,1,,,0,8,242.20986114814878,289.29923895125035,-0.044262271374464035,,1,,,,-0.01815810799598694,304.4033432006836,,,0.015469653531908989,74361,0.4413543939590454,,257.06773467361927,469,9.815718475729227,,1e-06,0.3392857015132904,67346,,4310.859375,,,0.3392857015132904,0.09241246432065964,0.421875,,1,0.109375,0,2.1339941024780273,0.0077280638060061215,,,337.234375,1.0,0,0.0003106531048368607,0.11641810089349747,0.20123321834141,1,74369.5,,8,,,0,,8,0.6607142857142858,0.1504247486591339,275,0.9655719995498657,,-0.025778496637940407,0.001,2.4780525974929333,-0.262380201369524,-0.09221529588103294,,,0.421875,,0.12142874300479889,0.421875,8,0,2.4748666286468506,16237,-1.6201815605163574,64,102.876953125,56,0.032996451756866815,,,8,66.30961513519287,1768016596.01051,0,,,0.17016490548849106,,1.643181324005127,1,1,2.298928964883089,18153.742726678,0.22137075662612915,,0,,1,1,0.4403197467327118,22,2.4748666286468506,,56,0,0,0.3392857015132904,297478,-1.6201815605163574,0.8779059466396592,10724,0.26666400934050144,,0.00590991647914052,0.421875,0.003348618745803833,-0.01815810799598694,83583,61
62,0,0.015625,,,0,1,,,0.014310252852737904,,0.4552302956581116,70149,,,242.87454621866345,469,1,,,0,8,228.2244573570788,288.72210403171283,-0.0751362219452858,,1,,,,-0.05353379249572754,304.2881546020508,,,0.014310252852737904,70098,0.452096551656723,,242.87454621866345,667,9.566407207399607,,1e-06,0.375,59211,,4066.140625,,,0.375,0.098538339138031,0.453125,,1,0.109375,0,2.808737277984619,0.008308970792149907,,,316.5625,1.0,0,0.0003513040936423761,0.12058388441801071,0.19403716165693138,1,70123.25,,8,,,0,,8,0.625,0.15902622789144516,275,0.3044642210006714,,-0.0342392697930336,0.001,2.4549163840711117,-0.12176278606057167,0.07724516652524471,,,0.453125,,0.1253727525472641,0.453125,8,0,2.4748666286468506,19396,-1.6201815605163574,64,102.876953125,56,0.03410568965143375,,,8,66.30961513519287,1768016838.897582,0,,,0.19900795258581638,,1.4344414472579956,1,1,2.330608144402504,18426.93434625,0.18695013225078583,,0,,1,1,0.4552302956581116,23,2.4748666286468506,,56,0,0,0.375,280493,-1.6201815605163574,0.8770004471265319,12231,0.21354037041252497,,0.004581693094223738,0.453125,0.005084294825792313,-0.05353379249572754,78607,62
63,0,0.015625,,,0,1,,,0.008658773265779018,,0.3468632996082306,67025,,,273.17953415215015,578,1,,,0,8,257.88107186183333,245.34323264008125,-0.029555916786193848,,1,,,,-0.022797126322984695,304.8982048034668,,,0.008658773265779018,67018,0.3829367458820343,,273.17953415215015,520,10.033621154725552,,1e-06,0.6607142686843872,33593,,3802.140625,,,0.4107142984867096,0.08609818294644356,0.703125,,1,0.109375,0,2.9910550117492676,0.009080076455121931,,,386.78125,0.75,0,0.0003211528285039168,0.08724204450845718,0.183094259946531,1,67022.75,,8,,,0,,8,0.3392857142857143,0.14110004901885986,275,0.6973499059677124,,-0.0046538421884179115,0.001,2.5852644108235836,-0.04116860032081604,-0.06931648589670658,,,0.703125,,0.08949004858732224,0.703125,8,0,1.6201815605163574,73920,-2.4748666286468506,64,102.876953125,56,0.037426176763582335,,,8,66.30961513519287,1768017112.0893352,0,,,-0.02814788557589054,,0.7510156035423279,1,1,2.4342867769300938,18662.189731535,0.05381915718317032,,0,,1,1,0.3468632996082306,42,1.6201815605163574,,56,0,0,0.6607142686843872,268091,-2.4748666286468506,1.059769257703651,10664,0.27606472917393404,,0.002928471425548196,0.703125,0.002058945596218109,-0.022797126322984695,107513,63
64,0,0.015625,,,0,1,,,0.013421921990811825,,0.3853793144226074,59692,,,235.22106103599072,547,1,,,0,8,220.1119570285082,253.7421595546142,-0.04224827140569687,,1,,,,-0.03242265060544014,304.8458061218262,,,0.013421921990811825,59675,0.4227650761604309,,235.22106103599072,452,9.909092165529728,,1e-06,0.625,26282,,3391.140625,,,0.625,0.08752991259098053,0.671875,,1,0.109375,0,2.8738255500793457,0.010332826256992687,,,339.203125,1.0,0,0.00036662971991095213,0.10426070541143417,0.16149432725483093,1,59685.5,,8,,,0,,8,0.375,0.1340055949985981,275,0.8296622037887573,,-0.009768672287464142,0.001,2.489208858460188,-0.08870254270732403,-0.12379790470004082,,,0.671875,,0.10803385078907013,0.671875,8,0,1.6201815605163574,73539,-2.4748666286468506,64,102.876953125,56,0.0415054417133547,,,8,66.30961513519287,1768017347.3434896,0,,,-0.03509536199271679,,0.6898093819618225,1,1,2.4668796062469482,18938.103929816,0.07946503907442093,,0,,1,1,0.3853793144226074,40,1.6201815605163574,,56,0,0,0.625,238742,-2.4748666286468506,1.0141865846599742,9830,0.25691954589175287,,0.004386202432215214,0.671875,0.0019356757402420044,-0.03242265060544014,99821,64
65,0,0.015625,,,0,1,,,0.00920944195240736,,0.3592504560947418,70180,,,275.90342880412936,693,1,,,0,8,258.9481041058898,254.3163392500392,-0.02626672387123108,,1,,,,-0.014751876704394817,305.4139862060547,,,0.00920944195240736,70148,0.3809114396572113,,275.90342880412936,502,10.884179499000311,,1e-06,0.5535714030265808,49422,,4019.3125,,,0.3035714328289032,0.08784747496247292,0.609375,,1,0.109375,0,2.802438497543335,0.009626526778864246,,,366.109375,0.75,0,0.0003129953822945801,0.08946339040994644,0.17766330988262205,1,70166.75,,8,,,0,,8,0.4464285714285714,0.1647600643336773,275,0.490403950214386,,-0.012465451844036579,0.001,3.0963208004832268,-0.03068525530397892,0.11477014049887657,,,0.609375,,0.09194797277450562,0.609375,8,0,2.4748666286468506,40886,-2.4748666286468506,64,102.876953125,56,0.03877969087566515,,,8,66.30961513519287,1768017623.2588427,0,,,0.1454553958028555,,1.2240636348724365,1,1,2.701848391443491,19132.091906681,0.09824707359075546,,0,,1,1,0.3592504560947418,35,2.4748666286468506,,56,0,0,0.5535714030265808,280667,-2.4748666286468506,1.0066557717655764,12223,0.4068137767819471,,0.0028658737428486347,0.609375,0.0022884197533130646,-0.014751876704394817,90308,65
66,0,0.015625,,,0,1,,,0.009199051186442375,,0.36219435930252075,72532,,,193.97265338897705,549,1,,,0,8,177.74185625091195,373.8632674915044,-0.03478614613413811,,1,,,,-0.02672605775296688,305.80733489990234,,,0.009199051186442375,72512,0.3927600085735321,,193.97265338897705,649,10.638010431081057,,1e-06,0.5535714030265808,50610,,4154.640625,,,0.4285714328289032,0.08431227132678032,0.609375,,1,0.109375,0,3.237920045852661,0.008867454719924332,,,377.8125,0.875,0,0.0002906547962326566,0.0910479724407196,0.18216411527458895,1,72519.25,,8,,,0,,8,0.4464285714285714,0.15166645497083664,275,0.6265963315963745,,-0.010801373980939388,0.001,2.7654165662825108,-0.06861433386802673,0.23849838599562645,,,0.609375,,0.09354226291179657,0.609375,8,0,1.6201815605163574,47787,-1.6201815605163574,64,102.876953125,56,0.03667305726093781,,,8,66.30961513519287,1768017817.2463531,0,,,0.3071127198636532,,0.8414010405540466,1,1,2.5722446627914906,19385.759082161,0.08369474112987518,,0,,1,1,0.36219435930252075,36,1.6201815605163574,,56,0,0,0.5535714030265808,290077,-1.6201815605163574,0.6684613073893724,9535,0.2519059996368908,,0.003790038637816906,0.609375,0.0019066184759140015,-0.02672605775296688,98397,66
67,0,0.015625,,,0,1,,,0.012813583947718143,,0.3889092803001404,73065,,,253.6550392769277,420,1,,,0,8,240.3626737371087,288.0467118188489,-0.031366147100925446,,1,,,,-0.006335738580673933,305.8830223083496,,,0.012813583947718143,73064,0.4180586636066437,,253.6550392769277,567,8.692471884191036,,1e-06,0.3035714328289032,31418,,4249.640625,,,0.3035714328289032,0.0881902351975441,0.390625,,1,0.109375,0,2.713916063308716,0.0070733838710522945,,,316.890625,1.0,0,0.0003017547345069907,0.10261393338441849,0.22308273478217808,1,73064.5,,8,,,0,,8,0.6964285714285714,0.15365705266594887,275,0.455308198928833,,-0.015939196571707726,0.001,2.2602770142257214,0.0,0.027882400900125504,,,0.390625,,0.10628240555524826,0.390625,8,0,2.4748666286468506,76826,-2.4748666286468506,64,102.876953125,56,0.02974246003254329,,,8,66.30961513519287,1768018070.9139767,0,,,0.027882400900125504,,1.9220613241195679,1,1,2.0672530233860016,19723.871293229,0.2118365615606308,,0,,1,1,0.3889092803001404,19,2.4748666286468506,,56,0,0,0.3035714328289032,292258,-2.4748666286468506,0.8837610302970792,9057,0.33071891388307384,,0.005745818838477135,0.390625,0.001942172646522522,-0.006335738580673933,108244,67
68,0,0.015625,,,0,1,,,0.005479780491441488,,0.3404240012168884,98498,,,338.0965695604682,733,1,,,0,6,315.71995006501675,291.28585991874866,-0.015270891599357128,,1,,,,-0.01015336811542511,306.32532119750977,,,0.005479780491441488,98469,0.3340548574924469,,338.0965695604682,454,14.851528324186802,,1e-06,0.3965517282485962,61832,,5737.0,,,0.27586206793785095,0.09727426618337631,0.453125,,1,0.125,0,2.4841067790985107,0.008929385917108559,,,418.171875,0.8333333134651184,0,0.0002469322449448668,0.06817971915006638,0.19809822744128272,1,98482.75,,6,,,0,,6,0.4523809523809524,0.17546968162059784,275,1.5872814655303955,,-0.005340611096471548,0.001,3.7008507885038853,-0.12176278233528137,-0.03201775997877121,,,0.453125,,0.06967155635356903,0.453125,6,2,1.6201815605163574,86376,-2.4748666286468506,64,102.876953125,58,0.037700836756149686,,,6,66.30961513519287,1768018409.0262587,0,,,0.08974502235651016,,0.9186209440231323,1,1,3.517561923712492,19887.89911921,0.06934496760368347,,0,,1,1,0.3404240012168884,28,1.6201815605163574,,58,0,0,0.3965517282485962,393931,-2.4748666286468506,0.8598787205448644,12988,0.30210898905832195,,0.0022911960259079933,0.453125,0.00708465650677681,-0.01015336811542511,148208,68
69,0,0.015625,,,0,1,,,0.012685499154031277,,0.42853018641471863,66395,,,164.0088647082448,474,1,,,0,8,148.47544011473656,404.7677551947762,-0.03369031101465225,,1,,,,-0.018204009160399437,306.4836120605469,,,0.012685499154031277,66372,0.4152413010597229,,164.0088647082448,334,10.03271596133709,,1e-06,0.4821428656578064,32741,,3822.03125,,,0.3571428656578064,0.09257020056247711,0.546875,,1,0.109375,0,2.69506573677063,0.00946861177364362,,,327.0625,0.875,0,0.000348608508493862,0.09788693487644196,0.17819135964669355,1,66385.5,,8,,,0,,8,0.5178571428571429,0.14586271345615387,275,0.6993651986122131,,-0.01610436476767063,0.001,2.7240340560674667,-0.17130267061293125,-0.17679881863296032,,,0.546875,,0.1020813137292862,0.546875,8,0,2.4748666286468506,89344,-1.6201815605163574,64,102.876953125,56,0.037782030568938585,,,8,66.30961513519287,1768018573.053949,0,,,-0.005496148020029068,,1.1870973110198975,1,1,2.5143141075968742,20236.260361611,0.12317175418138504,,0,,1,1,0.42853018641471863,30,2.4748666286468506,,56,0,0,0.4821428656578064,265542,-1.6201815605163574,0.6069884310319961,8631,0.31083741402730736,,0.005325027275830507,0.546875,0.0030183009803295135,-0.018204009160399437,122085,69
70,0,0.015625,,,0,1,,,0.006174348294734955,,0.37548738718032837,99757,,,348.34974056109786,560,1,,,0,8,328.29674895480275,286.3286185870029,-0.020806943997740746,,1,,,,-0.01269588340073824,307.00846099853516,,,0.006174348294734955,99719,0.33777353167533875,,348.34974056109786,479,13.245986443012953,,1e-06,0.3392857015132904,74681,,5817.921875,,,0.2142857164144516,0.09680883958935738,0.421875,,1,0.109375,0,2.907369375228882,0.007867898210223183,,,415.984375,0.875,0,0.00024264691477894924,0.06742234528064728,0.21366805085938861,1,99742.5,,8,,,0,,8,0.6607142857142858,0.1748526729643345,275,0.33572492003440857,,-0.009056673385202885,0.001,3.374865595251322,-0.21381855010986328,0.14749880693852901,,,0.421875,,0.06932444870471954,0.421875,8,0,2.4748666286468506,52547,-0.935412585735321,64,102.876953125,56,0.03320045728504136,,,8,66.30961513519287,1768018921.415186,0,,,0.3613173570483923,,1.2928636074066162,1,1,3.139055348932743,20551.48750784,0.09990493953227997,,0,,1,1,0.37548738718032837,22,2.4748666286468506,,56,0,0,0.3392857015132904,398970,-0.935412585735321,0.8816957003945318,9849,0.27606472917393404,,0.0034510400146245956,0.421875,0.0014670677483081818,-0.01269588340073824,127228,70
71,0,0.015625,,,0,1,,,0.008075693622231483,,0.36817142367362976,77260,,,315.2049380466342,709,1,,,0,8,294.7807863801718,245.05564690287952,-0.027783311903476715,,1,,,,-0.022074272856116295,307.2617988586426,,,0.008075693622231483,77227,0.3618015944957733,,315.2049380466342,506,13.341229248791933,,1e-06,0.5892857313156128,69587,,4419.125,,,0.5892857313156128,0.10028772428631783,0.640625,,1,0.109375,0,4.308850288391113,0.010294686367621394,,,408.546875,1.0,0,0.0003245862048098942,0.07573866099119186,0.16043244859668734,1,77242.75,,8,,,0,,8,0.41071428571428575,0.1906716451048851,275,0.512785792350769,,-0.006040900945663452,0.001,3.579619836062193,-0.0992995984852314,0.02418384701013565,,,0.640625,,0.07810026407241821,0.640625,8,0,1.6201815605163574,22779,-2.4748666286468506,64,102.876953125,56,0.04317955163685891,,,8,66.30961513519287,1768019236.642433,0,,,0.12348344549536705,,0.6791571974754333,1,1,3.1807595416903496,20812.529743205,0.08694163709878922,,0,,1,1,0.36817142367362976,35,1.6201815605163574,,56,0,0,0.5892857313156128,308971,-2.4748666286468506,1.042276420601405,13815,0.23076514255928726,,0.002457140013575554,0.640625,0.0036674030125141144,-0.022074272856116295,92366,71
72,0,0.015625,,,0,1,,,0.010822039097547531,,0.2959250509738922,56210,,,261.0242928043008,492,1,,,0,8,246.91177728027105,215.311377328915,-0.03164698928594589,,1,,,,-0.024617794901132584,307.72932052612305,,,0.010822039097547531,56194,0.3863517642021179,,261.0242928043008,396,9.31520101428032,,1e-06,0.6964285969734192,19846,,3151.84375,,,0.5714285969734192,0.08074910566210747,0.734375,,1,0.109375,0,4.862545013427734,0.009883726299799077,,,360.75,0.875,0,0.00035919461963696464,0.08434589207172394,0.16131856667969213,1,56201.5,,8,,,0,,8,0.3035714285714286,0.1316736899316311,275,0.7002830505371094,,-0.0033853354398161173,0.001,2.3393538407981396,-0.12274102121591568,0.041122833266854286,,,0.734375,,0.08663560450077057,0.734375,8,0,1.6201815605163574,78389,-2.4748666286468506,64,102.876953125,56,0.04143662097221747,,,8,66.30961513519287,1768019497.6846273,0,,,0.16386385448276997,,0.6178786158561707,1,1,2.2219209745526314,20969.111737612,0.05788898095488548,,0,,1,1,0.2959250509738922,45,1.6201815605163574,,56,0,0,0.6964285969734192,224806,-2.4748666286468506,1.224044345473736,9110,0.24156695104408363,,0.0035523197147995234,0.734375,0.002972915768623352,-0.024617794901132584,98235,72
73,0,0.015625,,,0,1,,,0.012701074592769146,,0.41786086559295654,62129,,,156.56977777183056,339,1,,,0,8,143.99446473270655,396.75920145028454,-0.036100536584854126,,1,,,,-0.01894984394311905,307.9830627441406,,,0.012701074592769146,62110,0.419989675283432,,156.56977777183056,411,8.25816760212183,,1e-06,0.4464285671710968,36498,,3577.453125,,,0.4464285671710968,0.08192866295576096,0.515625,,1,0.109375,0,5.052318572998047,0.008077622220964694,,,305.078125,1.0,0,0.0003297166915742829,0.10427480936050415,0.20038095191102234,1,62120.5,,8,,,0,,8,0.5535714285714286,0.11899429187178612,275,0.7135146260261536,,-0.01650880090892315,0.001,2.092500925064087,-0.09929958917200565,0.049719275906682014,,,0.515625,,0.1082577034831047,0.515625,8,0,2.4748666286468506,55674,-2.4748666286468506,64,102.876953125,56,0.03323447011100132,,,8,66.30961513519287,1768019654.2667003,0,,,0.14901886507868767,,1.3142335414886475,1,1,2.007143724709749,21290.777596405,0.1435258537530899,,0,,1,1,0.41786086559295654,27,2.4748666286468506,,56,0,0,0.4464285671710968,248482,-2.4748666286468506,0.6289148824133202,7251,0.31491414443836424,,0.005986495409160852,0.515625,0.0013889297842979431,-0.01894984394311905,92172,73
74,0,0.015625,,,0,1,,,0.009667659178376198,,0.35307177901268005,78917,,,321.64587092772126,737,1,,,0,8,304.7049240618944,245.2782924663392,-0.019275855273008347,,1,,,,-0.007830541580915451,308.39501190185547,,,0.009667659178376198,78877,0.3439900875091553,,321.64587092772126,467,11.092363372445107,,1e-06,0.6071428656578064,67550,,4523.78125,,,0.2321428507566452,0.0897221527993679,0.65625,,1,0.109375,0,2.5277347564697266,0.008477177419866193,,,407.015625,0.625,0,0.0002843168504056707,0.06832408905029297,0.2026800255431344,1,78892.75,,8,,,0,,8,0.3928571428571429,0.1646193042397499,275,0.5768720507621765,,-0.007959095761179924,0.001,2.8839217238128185,0.0,0.046111369505524635,,,0.65625,,0.07107692956924438,0.65625,8,0,2.4748666286468506,30866,-2.4748666286468506,64,102.876953125,56,0.035150135381404206,,,8,66.30961513519287,1768019975.932538,0,,,0.046111369505524635,,1.1646004915237427,1,1,2.6751513555645943,21743.736816839,0.06199946254491806,,0,,1,1,0.35307177901268005,39,2.4748666286468506,,56,0,0,0.6071428656578064,315571,-2.4748666286468506,1.0524413483669441,12724,0.37627334831616926,,0.0032489693257957697,0.65625,0.0017558522522449493,-0.007830541580915451,98416,74
75,0,0.015625,,,0,1,,,0.00621349411085248,,0.3628060221672058,107134,,,452.9458309672773,735,1,,,0,8,430.7999067604542,236.50620598766284,-0.02036132477223873,,1,,,,-0.010699741542339325,309.06964111328125,,,0.00621349411085248,107117,0.2997070848941803,,452.9458309672773,608,14.685242246836424,,1e-06,0.3214285671710968,86133,,6249.0,,,0.3214285671710968,0.10025981068611145,0.40625,,1,0.109375,0,3.8302299976348877,0.00812319142002961,,,446.28125,1.0,0,0.00023397964678040844,0.055194128304719925,0.21356113981715588,1,107124.5,,8,,,0,,8,0.6785714285714286,0.1848803609609604,275,0.27087923884391785,,-0.009914406575262547,0.001,3.6713901311159134,-0.03068525344133377,0.15908926166594028,,,0.40625,,0.057105470448732376,0.40625,8,0,2.4748666286468506,36610,-1.6201815605163574,64,102.876953125,56,0.034271437082171737,,,8,66.30961513519287,1768020428.8917265,0,,,0.18977451510727406,,1.5345743894577026,1,1,3.480771277099848,22088.948049259,0.11270361393690109,,0,,1,1,0.3628060221672058,21,2.4748666286468506,,56,0,0,0.3214285671710968,428498,-1.6201815605163574,1.0771721144394457,12807,0.2834733547569205,,0.0028672371990978718,0.40625,0.0038120895624160767,-0.010699741542339325,122743,75
76,0,0.015625,,,0,1,,,0.006659471429884434,,0.3240417242050171,93518,,,345.19823088124394,574,1,,,0,8,327.03466214984655,270.8929004684563,-0.02391786314547062,,1,,,,-0.015035166405141354,309.22857666015625,,,0.006659471429884434,93503,0.3275124430656433,,345.19823088124394,583,11.953384045511484,,1e-06,0.3571428656578064,51666,,5443.375,,,0.2321428507566452,0.08804964646697044,0.4375,,1,0.109375,0,2.556987762451172,0.007732514023027732,,,401.109375,0.875,0,0.00023539728020000278,0.06610403209924698,0.21892181482517065,1,93511.75,,8,,,0,,8,0.6428571428571429,0.1599770039319992,275,0.5272995233535767,,-0.01167296152561903,0.001,3.044779200106859,-0.18411152809858322,-0.04247545823454857,,,0.4375,,0.06782175600528717,0.4375,8,0,1.6201815605163574,71292,-0.935412585735321,64,102.876953125,56,0.03195690393322626,,,8,66.30961513519287,1768020774.103015,0,,,0.14163606986403465,,1.3099265098571777,1,1,2.892323672771454,22331.414566068,0.09083440154790878,,0,,1,1,0.3240417242050171,23,1.6201815605163574,,56,0,0,0.3571428656578064,374047,-0.935412585735321,0.9387405049424947,10262,0.2766416675862441,,0.0033453304786235094,0.4375,0.0027603283524513245,-0.015035166405141354,122958,76
77,0,0.015625,,,0,1,,,0.006533083971589804,,0.41602131724357605,89788,,,242.45190116018057,710,1,,,0,8,221.25437262654305,370.27344215663373,-0.02393781766295433,,1,,,,-0.015476689673960209,309.56925201416016,,,0.006533083971589804,89745,0.33570459485054016,,242.45190116018057,491,14.017965372651815,,1e-06,0.4107142984867096,60695,,5206.671875,,,0.4107142984867096,0.10285121947526932,0.484375,,1,0.109375,0,3.8805935382843018,0.009243731353726005,,,404.171875,1.0,0,0.00028641865215032645,0.0686781108379364,0.17949865545922183,1,89773.5,,8,,,0,,8,0.5892857142857143,0.17267601564526558,275,0.8510191440582275,,-0.013737664557993412,0.001,3.563609439879656,-0.3012875020503998,-0.3852862175554037,,,0.484375,,0.07094733417034149,0.484375,8,0,2.4748666286468506,50322,-2.4748666286468506,64,102.876953125,56,0.03903703590884786,,,8,66.30961513519287,1768021016.5694637,0,,,-0.08399871550500393,,1.2711820602416992,1,1,3.319368466734886,22658.527333064,0.11376134306192398,,0,,1,1,0.41602131724357605,25,2.4748666286468506,,56,0,0,0.4107142984867096,359094,-2.4748666286468506,0.6639749258809852,12616,0.28959419178976525,,0.002552575897425413,0.484375,0.0017613209784030914,-0.015476689673960209,111017,77
78,0,0.015625,,,0,1,,,0.007096485234797001,,0.361477255821228,93792,,,327.09492069482803,735,1,,,0,8,306.3353403285146,286.72716715005515,-0.023243503645062447,,1,,,,-0.014946091920137405,310.23362731933594,,,0.007096485234797001,93783,0.3319184482097626,,327.09492069482803,571,13.74947265908122,,1e-06,0.3571428656578064,51443,,5480.265625,,,0.3571428656578064,0.10665471479296684,0.4375,,1,0.109375,0,3.301326036453247,0.008575479760792246,,,381.421875,1.0,0,0.0002843003689023181,0.06598041206598282,0.19637390356936094,1,93787.0,,8,,,0,,8,0.6428571428571429,0.17105836793780327,275,0.3199461102485657,,-0.011757959611713886,0.001,3.4913844875991344,-0.08870254270732403,0.18614673800766468,,,0.4375,,0.06807741522789001,0.4375,8,0,2.4748666286468506,90229,-2.4748666286468506,64,102.876953125,56,0.03665079557689557,,,8,66.30961513519287,1768021343.682311,0,,,0.2748492807149887,,1.1459846496582031,1,1,3.217074081301689,22923.803234619,0.1153695285320282,,0,,1,1,0.361477255821228,22,2.4748666286468506,,56,0,0,0.3571428656578064,375148,-2.4748666286468506,0.8734046887796685,12626,0.2766416675862441,,0.0029107569716870785,0.4375,0.003311600536108017,-0.014946091920137405,141672,78
79,0,0.015625,,,0,1,,,0.010192828252911568,,0.3611584007740021,63381,,,265.264980815351,409,1,,,0,8,250.04311269894242,238.90922128207472,-0.03362778201699257,,1,,,,-0.026861637830734253,310.01294326782227,,,0.010192828252911568,63369,0.38599520921707153,,265.264980815351,457,10.047204319387674,,1e-06,0.5714285969734192,38447,,3626.9375,,,0.4464285671710968,0.08450818061828613,0.625,,1,0.109375,0,3.8186395168304443,0.00928161017787441,,,333.953125,0.875,0,0.0003333695492186737,0.08904702216386795,0.16965477099818552,1,63374.25,,8,,,0,,8,0.4285714285714286,0.12207809090614319,275,0.6668204069137573,,-0.00985155813395977,0.001,2.5768880173563957,-0.17439297959208488,-0.04485863074660301,,,0.625,,0.0918206200003624,0.625,8,0,1.6201815605163574,48888,-1.6201815605163574,64,102.876953125,56,0.039634411134599916,,,8,66.30961513519287,1768021608.9581685,0,,,0.12953434884548187,,0.6301863789558411,1,1,2.3528603352606297,23269.849239065,0.08445578813552856,,0,,1,1,0.3611584007740021,38,1.6201815605163574,,56,0,0,0.5714285969734192,253497,-1.6201815605163574,1.0771962946483018,8141,0.22587697572631282,,0.004323830362409353,0.625,0.007266085594892502,-0.026861637830734253,87335,79
80,0,0.015625,,,0,1,,,0.004313575103878975,,0.34932103753089905,93935,,,346.0305951833725,575,1,,,0,7,327.62450981512666,271.4384256982411,-0.02217903919517994,,1,,,,-0.016943523660302162,310.62889862060547,,,0.004313575103878975,93922,0.3463859558105469,,346.0305951833725,576,11.89779720082879,,1e-06,0.3684210479259491,71163,,5462.40625,,,0.3684210479259491,0.09987805411219597,0.4375,,1,0.109375,0,3.96065616607666,0.008042074931183038,,,407.96875,1.0,0,0.00026584240282827965,0.07051017880439758,0.21873224574885078,1,93926.0,,7,,,0,,7,0.6326530612244898,0.16100509837269783,275,0.6970220804214478,,-0.010288516990840435,0.001,3.205534342676401,-0.07185385562479496,0.16073407605290413,,,0.4375,,0.07171284407377243,0.4375,7,1,2.4748666286468506,49539,-1.6201815605163574,64,102.876953125,57,0.031668007795575215,,,7,66.30961513519287,1768021955.0041358,0,,,0.2325879316776991,,1.191550850868225,1,1,3.0214397199451923,23593.414116421,0.11597646772861481,,0,,1,1,0.34932103753089905,24,2.4748666286468506,,57,0,0,0.3684210479259491,375704,-1.6201815605163574,0.9371571303143837,10155,0.22725568827877643,,0.00219594594091177,0.4375,0.003676328808069229,-0.016943523660302162,120702,80
81,0,0.015625,,,0,1,,,0.008663412183523178,,0.33951058983802795,87815,,,323.55154563486576,708,1,,,0,8,303.9930087663233,271.36479854460214,-0.022516503930091858,,1,,,,-0.014647183008491993,311.1228942871094,,,0.008663412183523178,87780,0.33163294196128845,,323.55154563486576,675,12.821495078504086,,1e-06,0.4464285671710968,72384,,5095.0625,,,0.4464285671710968,0.1075025126338005,0.515625,,1,0.109375,0,4.189920425415039,0.008799084197335681,,,392.46875,1.0,0,0.00030609880534222616,0.06745094805955887,0.19162585720976297,1,87800.5,,8,,,0,,8,0.5535714285714286,0.17383304610848427,275,0.4231446385383606,,-0.01094820536673069,0.001,3.327422570437193,-0.08870254084467888,0.27259380742907524,,,0.515625,,0.06980791687965393,0.515625,8,0,1.6201815605163574,41374,-2.4748666286468506,64,102.876953125,56,0.03650746601244892,,,8,66.30961513519287,1768022278.5690925,0,,,0.3612963482737541,,0.8858232498168945,1,1,3.090255968272686,23776.347092826,0.1051885262131691,,0,,1,1,0.33951058983802795,30,1.6201815605163574,,56,0,0,0.4464285671710968,351202,-2.4748666286468506,0.9322536793167506,12956,0.24156695104408363,,0.0032304320484399796,0.515625,0.0028777942061424255,-0.014647183008491993,113758,81
82,0,0.015625,,,0,1,,,0.01237477920949459,,0.44104549288749695,69902,,,182.91515754908323,560,1,,,0,8,168.4612817503512,382.1020135045134,-0.032032959163188934,,1,,,,-0.01767858862876892,311.4007911682129,,,0.01237477920949459,69882,0.40762779116630554,,182.91515754908323,789,9.398890048265457,,1e-06,0.4285714328289032,63522,,4030.375,,,0.4285714328289032,0.12402752414345741,0.5,,1,0.109375,0,4.658625602722168,0.008347657934549226,,,337.890625,1.0,0,0.0004436383295124188,0.09311500936746597,0.19581124370199227,1,69892.25,,8,,,0,,8,0.5714285714285714,0.15744534879922867,275,0.898740291595459,,-0.014670955017209053,0.001,2.398998335003853,-0.12500229477882385,0.038285814225673676,,,0.5,,0.09742056578397751,0.5,8,0,1.6201815605163574,17730,-1.6201815605163574,64,102.876953125,56,0.03361921403397894,,,8,66.30961513519287,1768022461.502061,0,,,0.16328810900449753,,1.1279369592666626,1,1,2.3337463811039925,24107.513104934,0.16282083094120026,,0,,1,1,0.44104549288749695,29,1.6201815605163574,,56,0,0,0.4285714328289032,279569,-1.6201815605163574,0.6530924609618801,10673,0.2142857142857143,,0.004440042655915022,0.5,0.00294693186879158,-0.01767858862876892,81252,82
83,0,0.015625,,,0,1,,,0.008900618180632591,,0.3783903121948242,86132,,,331.1535792052746,505,1,,,0,8,311.4337375164032,260.0696637695536,-0.030639460310339928,,1,,,,-0.019343312829732895,311.8030319213867,,,0.008900618180632591,86106,0.3290771543979645,,331.1535792052746,757,13.02321233600378,,1e-06,0.4642857015132904,70169,,4990.875,,,0.4642857015132904,0.09467412531375885,0.53125,,1,0.109375,0,4.698873996734619,0.008963494865298403,,,391.8125,1.0,0,0.0002748224205896185,0.06518519669771194,0.18428138032774183,1,86123.0,,8,,,0,,8,0.5357142857142857,0.16091331094503403,275,0.511987566947937,,-0.012775563634932041,0.001,3.330831576138735,-0.09431704133749008,0.12125839851796627,,,0.53125,,0.06797291338443756,0.53125,8,0,2.4748666286468506,30548,-1.6201815605163574,64,102.876953125,56,0.03780410673108165,,,8,66.30961513519287,1768022792.6680498,0,,,0.21557543985545635,,1.2385027408599854,1,1,3.0878522731363773,24359.996835422,0.09873371571302414,,0,,1,1,0.3783903121948242,29,2.4748666286468506,,56,0,0,0.4642857015132904,344492,-1.6201815605163574,0.9750098226651238,11253,0.22303564279994278,,0.0037780129350721836,0.53125,0.0016458220779895782,-0.019343312829732895,100717,83
84,0,0.015625,,,0,1,,,0.011736910790205002,,0.31356045603752136,64413,,,252.47146769985557,439,1,,,0,8,237.91022243350744,255.11100555952783,-0.02956872060894966,,1,,,,-0.018038753420114517,312.0353889465332,,,0.011736910790205002,64404,0.39754819869995117,,252.47146769985557,435,9.588170994073153,,1e-06,0.5892857313156128,57816,,3703.59375,,,0.4642857015132904,0.08426248282194138,0.640625,,1,0.109375,0,4.165514945983887,0.00898184935115064,,,321.921875,0.875,0,0.00032706401284750546,0.08973348140716553,0.17976567222899179,1,64408.25,,8,,,0,,8,0.41071428571428575,0.12438509613275528,275,0.5821473598480225,,-0.011129289865493774,0.001,2.4311204589903355,0.0,0.07178723253309727,,,0.640625,,0.09236052632331848,0.640625,8,0,2.4748666286468506,21282,-2.4748666286468506,64,102.876953125,56,0.03721639306328441,,,8,66.30961513519287,1768023045.1517913,0,,,0.07178723253309727,,0.9527996778488159,1,1,2.3140207938849926,24746.237270056,0.0749843642115593,,0,,1,1,0.31356045603752136,38,2.4748666286468506,,56,0,0,0.5892857313156128,257633,-2.4748666286468506,1.0037135486373348,9068,0.29827309086589404,,0.004572289064526558,0.640625,0.002842094749212265,-0.018038753420114517,79098,84
85,0,0.015625,,,0,1,,,0.0063674356788396835,,0.3844253122806549,92858,,,386.2186071947217,697,1,,,0,8,362.46424189954996,240.41436189320135,-0.03078036569058895,,1,,,,-0.021448923274874687,312.4463806152344,,,0.0063674356788396835,92845,0.3330823481082916,,386.2186071947217,433,15.671772304922342,,1e-06,0.4821428656578064,71423,,5398.5625,,,0.2321428507566452,0.10923047363758087,0.546875,,1,0.109375,0,4.014596462249756,0.010082062203129667,,,404.71875,0.75,0,0.0002940967492463339,0.0661006048321724,0.1761799220362619,1,92852.5,,8,,,0,,8,0.5178571428571429,0.2020418420433998,275,0.1646469533443451,,-0.017344025894999504,0.001,3.998808965086937,-0.09205576777458191,0.25128278136253357,,,0.546875,,0.06812751293182373,0.546875,8,0,2.4748666286468506,40229,-1.20761239528656,64,102.876953125,56,0.04219534289578186,,,8,66.73415088653564,1768023431.3922024,0,,,0.3433385491371155,,1.4347140789031982,1,1,3.7445787228643894,24923.777394009,0.09134752303361893,,0,,1,1,0.3844253122806549,30,2.4748666286468506,,56,0,0,0.4821428656578064,371410,-1.20761239528656,1.0490762642241278,17810,0.3566961492042532,,0.0018574052955955267,0.546875,0.002543758600950241,-0.021448923274874687,111652,85
86,0,0.015625,,,0,1,,,0.00970286875963211,,0.3867828845977783,72382,,,177.52962532266974,442,1,,,0,8,162.27599078044295,407.6728031642962,-0.029934905469417572,,1,,,,-0.021116506308317184,312.40480041503906,,,0.00970286875963211,72356,0.3735619783401489,,177.52962532266974,475,9.928123857825994,,1e-06,0.4821428656578064,53749,,4186.90625,,,0.3571428656578064,0.08864665776491165,0.546875,,1,0.109375,0,3.6395745277404785,0.008250238822666704,,,336.46875,0.875,0,0.0003062103026118207,0.08046314120292664,0.19429942247147858,1,72374.0,,8,,,0,,8,0.5178571428571428,0.25567658990621567,275,0.37132713198661804,,-0.013121454045176506,0.001,2.5613569356501102,-0.10392189398407936,-0.039151884615421295,,,0.546875,,0.08343532681465149,0.546875,8,0,2.4748666286468506,43641,-2.4748666286468506,64,102.876953125,56,0.03429451135016026,,,8,66.73415088653564,1768023608.9323387,0,,,0.06477000936865807,,0.8789095282554626,1,1,2.3884111382067204,25244.21378426,0.09864697605371475,,0,,1,1,0.3867828845977783,31,2.4748666286468506,,56,0,0,0.4821428656578064,289496,-2.4748666286468506,0.6055932959913829,9201,0.326839378887913,,0.004212900530546904,0.546875,0.0041831061244010925,-0.021116506308317184,97390,86
87,0,0.015625,,,0,1,,,0.007178905885666609,,0.35908058285713196,87248,,,320.42455573007464,548,1,,,0,8,301.3865586556494,272.26299745107764,-0.02807060070335865,,1,,,,-0.020373456180095673,312.84566497802734,,,0.007178905885666609,87235,0.3295733630657196,,320.42455573007464,482,12.547266401350498,,1e-06,0.4285714328289032,47086,,5071.28125,,,0.3035714328289032,0.1117367185652256,0.5,,1,0.109375,0,4.954702377319336,0.008570228665243406,,,381.203125,0.875,0,0.0003202001340135248,0.06445196270942688,0.19660144304733956,1,87239.75,,8,,,0,,8,0.5714285714285714,0.1740732304751873,275,0.4701651334762573,,-0.010896068997681141,0.001,3.1883176006376743,-0.15244803205132484,0.11956361681222916,,,0.5,,0.0665670782327652,0.5,8,0,2.4748666286468506,86542,-1.6201815605163574,64,102.876953125,56,0.03595627681575915,,,8,66.73415088653564,1768023929.3687246,0,,,0.272011648863554,,1.044118881225586,1,1,2.990658424794674,25561.805669173,0.09314632415771484,,0,,1,1,0.35908058285713196,26,2.4748666286468506,,56,0,0,0.4285714328289032,348959,-1.6201815605163574,0.9285947173595474,12019,0.28571428571428575,,0.002896972233429551,0.5,0.002365272492170334,-0.020373456180095673,133628,87
88,0,0.015625,,,0,1,,,0.006779513321816921,,0.3802585005760193,86844,,,317.5728740133345,733,1,,,0,8,296.7453637048602,273.42228227072707,-0.039020638912916183,,1,,,,-0.03165855258703232,313.25049591064453,,,0.006779513321816921,86821,0.32414382696151733,,317.5728740133345,515,13.687308639287949,,1e-06,0.5,63067,,5024.328125,,,0.5,0.10526758059859276,0.5625,,1,0.109375,0,4.1279072761535645,0.009243568482851516,,,402.640625,1.0,0,0.0003030800475593326,0.06371615827083588,0.1826931609159195,1,86831.5,,8,,,0,,8,0.5,0.17438214644789696,275,0.4191538095474243,,-0.020560817793011665,0.001,3.6067860648036003,-0.06125680170953274,0.1829018723219633,,,0.5625,,0.06586217135190964,0.5625,8,0,2.4748666286468506,63931,-2.4748666286468506,64,102.876953125,56,0.03940767071652554,,,8,66.73415088653564,1768024246.9606225,0,,,0.24415867403149605,,1.0469114780426025,1,1,3.2105316668748856,25859.587939834,0.09386223554611206,,0,,1,1,0.3802585005760193,32,2.4748666286468506,,56,0,0,0.5,347326,-2.4748666286468506,0.9228390727145116,13921,0.31134992453861954,,0.002324450761079788,0.5625,0.0020757876336574554,-0.03165855258703232,126998,88
89,0,0.015625,,,0,1,,,0.007563923951238394,,0.35822755098342896,80297,,,297.76805286854506,734,1,,,0,8,279.4872007407248,269.58734903451375,-0.04513048380613327,,1,,,,-0.03836534544825554,313.83995056152344,,,0.007563923951238394,80252,0.3397238254547119,,297.76805286854506,449,11.890447240322828,,1e-06,0.5,55133,,4631.359375,,,0.5,0.10553489625453949,0.5625,,1,0.109375,0,6.308156967163086,0.008980869784767346,,,385.796875,1.0,0,0.00032866880595500283,0.0703842043876648,0.18932408526125108,1,80274.5,,8,,,0,,8,0.5,0.18204927444458008,275,0.513390839099884,,-0.01937822625041008,0.001,3.194741204380989,-0.1404682043939829,0.297254903241992,,,0.5625,,0.07256143540143967,0.5625,8,0,1.6201815605163574,75852,-1.6201815605163574,64,102.876953125,56,0.03703058642633348,,,8,66.73415088653564,1768024544.7427707,0,,,0.4377231076359749,,0.8492646813392639,1,1,2.8837393261492252,26129.126584582,0.11233548820018768,,0,,1,1,0.35822755098342896,33,1.6201815605163574,,56,0,0,0.5,321098,-1.6201815605163574,0.9429170051339031,15012,0.18898223650461365,,0.0022247713059186935,0.5625,0.0025852546095848083,-0.03836534544825554,130985,89
90,0,0.015625,,,0,1,,,0.007956430315971375,,0.35786059498786926,72240,,,269.5241356417537,547,1,,,0,8,253.37187657877803,268.02237887896626,-0.039759352803230286,,1,,,,-0.032401952892541885,313.8130111694336,,,0.007956430315971375,72236,0.3721865713596344,,269.5241356417537,499,10.637209821492434,,1e-06,0.4642857015132904,33534,,4145.625,,,0.3392857015132904,0.10366157442331314,0.53125,,1,0.109375,0,5.909361839294434,0.008781849661908397,,,369.28125,0.875,0,0.00035874767064416187,0.07988015562295914,0.18636277805578033,1,72238.5,,8,,,0,,8,0.5357142857142857,0.1542813554406166,275,0.9755321741104126,,-0.017199058085680008,0.001,2.6967803835868835,-0.1121439691632986,-0.3241559527814388,,,0.53125,,0.08209188282489777,0.53125,8,0,1.6201815605163574,93573,-2.4748666286468506,64,102.876953125,56,0.03681281387865347,,,8,66.73415088653564,1768024814.2814138,0,,,-0.21201198361814022,,0.8849515318870544,1,1,2.537550587207079,26311.743020367,0.0988222062587738,,0,,1,1,0.35786059498786926,31,1.6201815605163574,,56,0,0,0.4642857015132904,288954,-2.4748666286468506,0.9549671211321349,11253,0.3253726278265821,,0.0027952860109508038,0.53125,0.0022022947669029236,-0.032401952892541885,127107,90
91,0,0.015625,,,0,1,,,0.006861025467514992,,0.40255245566368103,73075,,,182.60448173061013,544,1,,,0,8,165.44852769374847,400.1435195210302,-0.04673806577920914,,1,,,,-0.038210898637771606,314.02109146118164,,,0.006861025467514992,73062,0.35031965374946594,,182.60448173061013,450,11.3497249558568,,1e-06,0.4107142984867096,59543,,4213.109375,,,0.2857142984867096,0.10082828626036644,0.484375,,1,0.109375,0,4.763099670410156,0.009199868373847323,,,353.640625,0.875,0,0.0003449809980441727,0.0763641819357872,0.1743275578737926,1,73068.0,,8,,,0,,8,0.5892857142857143,0.14555319398641586,275,0.4957940876483917,,-0.02672668918967247,0.001,2.8479437939822674,-0.14520420879125595,-0.007967177778482437,,,0.484375,,0.07860217243432999,0.484375,8,0,2.4748666286468506,25853,-1.20761239528656,64,102.876953125,56,0.03883274811085838,,,8,66.73415088653564,1768024996.8980033,0,,,0.1372370310127735,,1.1961026191711426,1,1,2.688863929361105,26562.347470437,0.14755673706531525,,0,,1,1,0.40255245566368103,27,2.4748666286468506,,56,0,0,0.4107142984867096,292272,-1.20761239528656,0.6135927209852746,10599,0.3229132378575915,,0.002594117308035493,0.484375,0.0016132891178131104,-0.038210898637771606,85396,91
92,0,0.015625,,,0,1,,,0.00985848531126976,,0.39546287059783936,82384,,,250.5913684926927,515,1,,,0,7,233.52878887206316,328.7134369211205,-0.03305254504084587,,1,,,,-0.015980135649442673,314.32151794433594,,,0.00985848531126976,82352,0.3490563631057739,,250.5913684926927,597,11.204216435551643,,1e-06,0.24561403691768646,55665,,4800.75,,,0.24561403691768646,0.09696954861283302,0.328125,,1,0.125,0,5.89371395111084,0.008149241346372411,,,347.546875,1.0,0,0.00029430105408898276,0.0739881694316864,0.20134268724427512,1,82372.75,,7,,,0,,7,0.7142857142857143,0.15932651236653328,275,0.869674026966095,,-0.02644900232553482,0.001,2.895443197339773,-0.3013230301439762,-0.05321030132472515,,,0.328125,,0.07715743035078049,0.328125,7,1,2.4748666286468506,61505,-2.4748666286468506,64,102.876953125,57,0.034004620567941596,,,7,66.73415088653564,1768025247.502441,0,,,0.24811272881925106,,1.698695182800293,1,1,2.685101680457592,26701.927086761,0.2587905824184418,,0,,1,1,0.39546287059783936,17,2.4748666286468506,,57,0,0,0.24561403691768646,329491,-2.4748666286468506,0.7600660992815679,11256,0.31484180858247984,,0.00402073934674263,0.328125,0.0021625012159347534,-0.015980135649442673,117170,92
93,0,0.015625,,,0,1,,,0.013611555099487305,,0.41755542159080505,50415,,,139.5672923475504,470,1,,,0,8,127.48528986424208,361.19315028672463,-0.04441787302494049,,1,,,,-0.0275502260774374,314.63895416259766,,,0.013611555099487305,50408,0.4266268312931061,,139.5672923475504,713,7.977764002978802,,1e-06,0.5357142686843872,38847,,2834.21875,,,0.4107142984867096,0.0785953514277935,0.59375,,1,0.109375,0,13.57255744934082,0.009190415223795037,,,316.453125,0.875,0,0.0003897747575060553,0.10340652614831924,0.16486969499770412,1,50410.75,,8,,,0,,8,0.4642857142857143,0.10874184221029282,275,1.2317625284194946,,-0.016393283382058144,0.001,2.037872266024351,-0.1807583086192608,0.06583334319293499,,,0.59375,,0.10768257826566696,0.59375,8,0,1.6201815605163574,21356,-2.4748666286468506,64,102.876953125,56,0.039563803370207755,,,8,66.73415088653564,1768025387.0820708,0,,,0.24659165181219578,,1.1947976350784302,1,1,1.8531828969717026,26953.21068217,0.14993634819984436,,0,,1,1,0.41755542159080505,34,1.6201815605163574,,56,0,0,0.5357142686843872,201643,-2.4748666286468506,0.7028242453511333,6572,0.36246041303900783,,0.005478290840983391,0.59375,0.0023472383618354797,-0.0275502260774374,60203,93
94,0,0.015625,,,0,1,,,0.008797094225883484,,0.39077237248420715,56558,,,251.27206192538142,549,1,,,0,8,237.10285329818726,225.06680435007598,-0.06543884426355362,,1,,,,-0.0558026023209095,314.65937423706055,,,0.008797094225883484,56546,0.39082467555999756,,251.27206192538142,379,9.271296706050634,,1e-06,0.5714285969734192,33747,,3191.75,,,0.5714285969734192,0.08533641323447227,0.625,,1,0.109375,0,11.530241966247559,0.00999647942961802,,,342.8125,1.0,0,0.00037724087685212226,0.0862446278333664,0.1610283835267792,1,56553.0,,8,,,0,,8,0.4285714285714286,0.13088764995336533,275,0.6033677458763123,,-0.02766910381615162,0.001,2.402398243546486,-0.07086166180670261,0.0792876873165369,,,0.625,,0.08892358839511871,0.625,8,0,2.4748666286468506,53389,-2.4748666286468506,64,102.876953125,56,0.040984990655007845,,,8,66.73415088653564,1768025638.3656454,0,,,0.15014934912323952,,1.0299506187438965,1,1,2.261323604732752,27246.524274037,0.11708798259496689,,0,,1,1,0.39077237248420715,37,2.4748666286468506,,56,0,0,0.5714285969734192,226212,-2.4748666286468506,1.160721260369445,10052,0.31134992453861954,,0.0026486299466341734,0.625,0.0020577609539031982,-0.0558026023209095,87136,94
95,0,0.015625,,,0,1,,,0.006735329516232014,,0.31969061493873596,77957,,,293.3018080741167,548,1,,,0,8,277.95312713831663,265.7100906118739,-0.030513236299157143,,1,,,,-0.022113585844635963,314.92388916015625,,,0.006735329516232014,77915,0.32758423686027527,,293.3018080741167,691,10.045035924762487,,1e-06,0.4464285671710968,55659,,4493.5625,,,0.3214285671710968,0.09198939055204391,0.515625,,1,0.109375,0,7.940249443054199,0.007808471646144938,,,377.265625,0.875,0,0.00029509031944659024,0.06535100191831589,0.2101178133016107,1,77933.25,,8,,,0,,8,0.5535714285714286,0.1639253832399845,275,0.6968587040901184,,-0.01693173311650753,0.001,2.5901176892220974,-0.3576754964888096,-0.2576306387782097,,,0.515625,,0.067064069211483,0.515625,8,0,2.4748666286468506,41955,-1.6201815605163574,64,102.876953125,56,0.03222320359013158,,,8,66.73415088653564,1768025931.67926,0,,,0.1000448577105999,,1.2165898084640503,1,1,2.4341582916677,27554.250262939,0.12138132750988007,,0,,1,1,0.31969061493873596,29,2.4748666286468506,,56,0,0,0.4464285671710968,311733,-1.6201815605163574,0.9664976533732862,10835,0.3458020844828051,,0.0026588442269712687,0.515625,0.0027173273265361786,-0.022113585844635963,97614,95
96,0,0.015625,,,0,1,,,0.009141161106526852,,0.34699997305870056,78468,,,307.7095521427691,737,1,,,0,8,290.6353221870959,254.97014783472872,-0.02774627134203911,,1,,,,-0.016228236258029938,315.482120513916,,,0.009141161106526852,78450,0.317331463098526,,307.7095521427691,462,11.133230458945036,,1e-06,0.3928571343421936,58861,,4505.71875,,,0.2678571343421936,0.09546040743589401,0.46875,,1,0.109375,0,8.768902778625488,0.00862373445448428,,,397.828125,0.875,0,0.00030418162693424724,0.05896152928471565,0.19741332966499098,1,78456.75,,8,,,0,,8,0.6071428571428572,0.18951423838734627,275,0.635166347026825,,-0.016072608530521393,0.001,2.925095185637474,-0.20923177152872086,-0.0719947349280119,,,0.46875,,0.06159452721476555,0.46875,8,0,2.4748666286468506,46258,-1.6201815605163574,64,102.876953125,56,0.03547569348381444,,,8,66.73415088653564,1768026239.4051359,0,,,0.13723703660070896,,1.2322725057601929,1,1,2.706360712647438,27751.810936564,0.1638009399175644,,0,,1,1,0.34699997305870056,26,2.4748666286468506,,56,0,0,0.3928571343421936,313827,-1.6201815605163574,1.007869589990137,12794,0.36246041303900783,,0.003043936099857092,0.46875,0.0018348470330238342,-0.016228236258029938,105119,96
97,0,0.015625,,,0,1,,,0.010376525111496449,,0.2974072992801666,69003,,,197.54774411395192,504,1,,,0,7,181.62868871167302,349.2750590976095,-0.024809876456856728,,1,,,,-0.01807171292603016,315.71706771850586,,,0.010376525111496449,68994,0.3335931599140167,,197.54774411395192,398,10.446342714130878,,1e-06,0.5789473652839661,47458,,3945.203125,,,0.3333333432674408,0.08864613994956017,0.625,,1,0.109375,0,11.313942909240723,0.009410485431547723,,,367.203125,0.7142857313156128,0,0.0003211886488458451,0.06296809017658234,0.17871777120936755,1,68998.5,,7,,,0,,7,0.36734693877551017,0.1421641930937767,275,0.5841065645217896,,-0.007718534674495459,0.001,2.6228993237018585,0.0,-0.04612673446536064,,,0.625,,0.06540076434612274,0.625,7,1,1.6201815605163574,36167,-1.6201815605163574,64,102.876953125,57,0.03784989062853134,,,7,66.73415088653564,1768026436.965809,0,,,-0.04612673446536064,,0.6245561242103577,1,1,2.597237516194582,28032.363202724,0.06593962758779526,,0,,1,1,0.2974072992801666,37,1.6201815605163574,,57,0,0,0.5789473652839661,275994,-1.6201815605163574,0.7193414815922541,10104,0.2842528219833494,,0.0038591157644987106,0.625,0.0014395564794540405,-0.01807171292603016,83625,97
98,0,0.015625,,,0,1,,,0.005816995166242123,,0.33954939246177673,73637,,,280.5410670824349,420,1,,,0,8,264.5652245283127,262.4580093236913,-0.017666703090071678,,1,,,,-0.010408773086965084,316.10776138305664,,,0.005816995166242123,73626,0.31603607535362244,,280.5410670824349,480,10.566454987972975,,1e-06,0.3571428656578064,46156,,4270.890625,,,0.2321428507566452,0.0843873992562294,0.4375,,1,0.109375,0,11.880158424377441,0.008292305728496386,,,331.0,0.875,0,0.0002865242181583975,0.056635744869709015,0.1857432824543514,1,73630.25,,8,,,0,,8,0.6428571428571429,0.1372801847755909,275,0.3292699158191681,,-0.008217324502766132,0.001,2.724859081208706,-0.12274102494120598,0.01915089599788189,,,0.4375,,0.05828145146369934,0.4375,8,0,2.4748666286468506,43138,-1.6201815605163574,64,102.876953125,56,0.035876745590205705,,,8,66.73415088653564,1768026717.5181513,0,,,0.14189192093908787,,1.2300448417663574,1,1,2.4422581754624844,28385.77160599,0.14726711809635162,,0,,1,1,0.33954939246177673,23,2.4748666286468506,,56,0,0,0.3571428656578064,294521,-1.6201815605163574,0.967908569013023,8618,0.335029697130245,,0.002748810686171055,0.4375,0.0018883012235164642,-0.010408773086965084,89294,98
