_step,diag/group_gap_count,prompt_length/clip_ratio,critic/score/max,timing_per_token_ms/ref,critic/advantages/mean,actor/grad_norm,critic/rewards_sum/min,global_seqlen/min,critic/returns/max,val-core/alfworld/reward/mean@94,diag/adv_teacher_sample_mean,critic/returns/mean,val-aux/alfworld/reward/worst@64/std,critic/rewards_sum/mean,luffy/total_onpolicy_kept,critic/rewards_onpolicy/count,response_length/min,diag/adv_onpolicy_token_mean,actor/kl_coef,response_length/clip_ratio,exp_mask_ratio,val-aux/alfworld/reward/best@64/mean,timing_per_token_ms/gen,timing_s/update_actor,training/epoch,val-aux/alfworld/reward/best@16/mean,actor/on_pg_clipfrac,diag/group_teacher_minus_on_reward_mean,actor/kl_loss,global_seqlen/max,val-aux/alfworld/reward/best@64/std,global_seqlen/mean,timing_s/adv,val-aux/alfworld/reward/worst@94/std,critic/advantages/min,critic/rewards_onpolicy/min,luffy/tasks_with_full_teacher,actor/pg_loss,training/num_term_traj,critic/rewards_onpolicy/max,critic/rewards_teacher/mean,timing_s/reward,val-aux/alfworld/reward/worst@2/std,perf/cpu_memory_used_gb,val-aux/alfworld/reward/best@16/std,diag/adv_teacher_token_mean,val-aux/alfworld/reward/best@2/std,timing_s/gen,val-aux/alfworld/reward/worst@8/mean,_timestamp,diag/onpolicy_adv_pos_ratio,luffy/total_teacher_rollouts,perf/max_memory_reserved_gb,val-aux/alfworld/reward/std@2,critic/returns/min,diag/reward_teacher_mean,val-aux/alfworld/reward/worst@2/mean,val-aux/alfworld/reward/worst@32/mean,actor/lr,global_seqlen/balanced_min,actor/on_pg_loss,global_seqlen/minmax_diff,actor/on_pg_clipfrac_lower,val-aux/alfworld/reward/worst@94/mean,actor/ppo_kl,val-aux/alfworld/reward/std@3,val-aux/alfworld/reward/best@8/std,val-aux/alfworld/reward/worst@32/std,val-aux/alfworld/reward/mean@2,val-aux/alfworld/reward/worst@4/mean,val-aux/alfworld/reward/best@32/mean,timing_s/old_log_prob,val-aux/alfworld/reward/worst@3/std,val-aux/alfworld/reward/worst@16/mean,perf/throughput,perf/total_num_tokens,luffy/tasks_without_teacher,luffy/tasks_with_partial_teacher,timing_s/dump_rollout_generations,perf/max_memory_allocated_gb,training/global_step,diag/group_teacher_minus_on_reward_std,val-aux/alfworld/reward/best@2/mean,val-aux/alfworld/reward/worst@8/std,prompt_length/max,diag/reward_onpolicy_mean,diag/entropy_onpolicy_token_mean,diag/entropy_teacher_token_mean,prompt_length/mean,timing_per_token_ms/adv,diag/teacher_adv_pos_ratio,critic/score/mean,luffy/onpolicy_replaced_by_teacher,perf/time_per_step,diag/adv_onpolicy_sample_mean,timing_per_token_ms/update_actor,diag/entropy_offpolicy_token_mean,val-aux/alfworld/reward/best@4/mean,diag/teacher_token_ratio,timing_s/step,val-aux/alfworld/reward/worst@4/std,critic/advantages/max,val-aux/alfworld/reward/mean@3,val-core/alfworld/reward/best@94/mean,timing_s/testing,critic/rewards_onpolicy/mean,critic/rewards_teacher/min,critic/rewards_last/max,timing_s/ref,val-aux/alfworld/reward/best@3/mean,perf/mfu/actor,critic/score/min,critic/rewards/max,prompt_length/min,critic/rewards_sum/max,critic/rewards_teacher/count,diag/entropy_onpolicy_token_std,critic/rewards_last/min,diag/exp_token_ratio,critic/rewards_last/mean,global_seqlen/balanced_max,val-aux/alfworld/reward/best@32/std,critic/rewards_teacher/max,val-core/alfworld/reward/best@94/std,val-aux/alfworld/reward/best@4/std,response_length/mean,val-aux/alfworld/reward/std@94,val-aux/alfworld/reward/worst@16/std,val-aux/alfworld/reward/best@3/std,training/num_not_none_traj,val-aux/alfworld/reward/worst@3/mean,val-aux/alfworld/reward/best@8/mean,_runtime,val-aux/alfworld/reward/mean@1,critic/rewards/mean,critic/rewards/min,actor/entropy_loss,response_length/max,val-aux/alfworld/reward/worst@64/mean,actor/off_pg_loss
1,8,0.109375,1,0.018556779181505435,-0.05017324537038803,3.325960874557495,0,50042,2.4748666286468506,,0.14373339712619781,-0.05017324537038803,,0.5,56,56,550,-0.06071537733078003,0.001,0.015625,0.0031311053317040205,,0.87815668580892,15.271243024617434,0,,0,0.5714285714285714,0.01799057424068451,138751,,80414.25,0.09989306330680847,,-1.6201815605163574,0,8,0.09844312816858292,27,1,1,0.00229022279381752,,249.62934112548828,,1.4034563302993774,,262.71286675333977,,1767960864.7228944,0.4285714328289032,8,66.40234375,,-1.6201815605163574,1,,,1e-06,80409,0.19774272479116917,88709,0,,0,,,,,,,10.537599820643663,,,272.81243514109354,321657,0,0,0.14840607717633247,55.08720636367798,1,0.28571428571428575,,,558,0.4285714328289032,0.11420772224664688,0.27703943848609924,351.453125,0.00031055771615978657,1.0,0.5,8,294.76020753383636,-0.030931297689676285,0.04747679367965701,0.27703943848609924,,0.0072000641375780106,294.76020753383636,,2.4748666286468506,,,,0.4285714328289032,1,1,5.9689179211854935,,0.20106057692532714,0,1,275,1,8,0.3984183371067047,0,0.0072000641375780106,0.5,80419,,1,,,4674.4375,,,,64,,,447.836408393,,0.5,0,0.11538012325763702,10191,,-0.09929959662258625
2,8,0.875,1,0.0065255412887927225,-0.05147567391395569,2.019836902618408,0,72192,2.4748666286468506,,0.31404468417167664,-0.05147567391395569,,0.265625,56,56,1014,-0.07530872523784637,0.001,0.015625,0.0082243038341403,,0.48356805592183855,8.267023675143719,0,,0,0.8392857142857143,0.0028571486473083496,76337,,74414.75,0.08035321161150932,,-1.6201815605163574,0,8,-0.042323820292949677,11,1,1,0.0012130513787269592,,250.62059020996094,,1.826446294784546,,134.8589101396501,,1767961012.1056776,0.1607142835855484,8,78.607421875,,-1.6201815605163574,1,,,1e-06,74412,0.23384347558021545,4145,0,,0,,,,,,,2.0817562974989414,,,504.9396026052753,297659,0,0,0.13169730082154274,55.21868419647217,2,0.21943224513293766,,,296,0.1607142835855484,0.17283844947814941,0.3222137689590454,293.375,0.0002699505528524564,1.0,0.265625,8,147.3735662959516,-0.05518598109483719,0.027773471237703944,0.3222137689590454,,0.012532137334346771,147.3735662959516,,2.4748666286468506,,,,0.1607142835855484,1,1,1.942386094480753,,0.23444195639595417,0,1,275,1,8,0.48627012968063354,0,0.012532137334346771,0.265625,74416,,1,,,4357.546875,,,,64,,,725.715470919,,0.265625,0,0.1747104525566101,6344,,-0.27616729587316513
3,8,0.109375,1,0.0068578780606086106,-0.034446995705366135,1.628167986869812,0,70009,2.4748666286468506,,0.2563011646270752,-0.034446995705366135,,0.296875,56,56,574,-0.058553777635097504,0.001,0.015625,0.006203480996191502,,0.7447603331703133,11.378413036465645,0,,0,0.8035714285714286,0.0034574109595268965,111712,,93113.0,0.0949939675629139,,-0.935412585735321,0,8,0.06376846879720688,12,1,1,0.001475650817155838,,251.32082748413086,,1.8718236684799194,,260.85454097390175,,1767961289.9846911,0.1964285671710968,8,88.791015625,,-0.935412585735321,1,,,1e-06,93104,0.11691690981388092,41703,0,,0,,,,,,,2.78910119459033,,,335.09954682471425,372452,0,0,0.17741934582591057,61.56517791748047,3,0.18813667415808463,,,504,0.1964285671710968,0.1374366730451584,0.3688850998878479,346.859375,0.0002550502281177545,1.0,0.296875,8,277.86668433994055,-0.04113087058067322,0.03055001191150979,0.3688850998878479,,0.012488115578889847,277.86668433994055,,2.4748666286468506,,,,0.1964285671710968,1,1,2.554230399429798,,0.22664180120610697,0,1,275,1,8,0.4420739412307739,0,0.012488115578889847,0.296875,93128,,1,,,5472.703125,,,,64,,,1028.184192837,,0.296875,0,0.14032700657844543,10513,,-0.05314844101667404
4,8,0.21875,1,0.007198424689287285,-0.035268913954496384,2.0662341117858887,0,87173,2.4748666286468506,,0.1719309687614441,-0.035268913954496384,,0.359375,56,56,1638,-0.048837870359420776,0.001,0.015625,0.0050594015046954155,,0.7559451130163664,12.025735430419445,0,,0,0.7321428571428572,0.004861155059188604,121814,,99688.25,0.09415338560938835,,-1.20761239528656,0,8,-0.23228111490607262,16,1,1,0.0014581233263015747,,251.5520896911621,,1.570648431777954,,284.0244538076222,,1767961592.453436,0.2678571343421936,8,89.669921875,,-1.20761239528656,1,,,1e-06,99681,-0.05049508810043335,34641,0,,0,,,,,,,3.251199096441269,,,329.60106231150183,398753,0,0,0.17139657214283943,61.56517791748047,4,0.18123020651950394,,,467,0.2678571343421936,0.12066951394081116,0.287533164024353,359.875,0.00023611956677288535,1.0,0.359375,8,302.4512399956584,-0.03290184587240219,0.03015835725479042,0.287533164024353,,0.008378557860851288,302.4512399956584,,2.4748666286468506,,,,0.2678571343421936,1,1,2.8703934401273727,,0.22914754756211392,0,1,275,1,8,0.406629353761673,0,0.008378557860851288,0.359375,99693,,1,,,5870.640625,,,,64,,,1251.814333638,,0.359375,0,0.12206758558750153,9255,,-0.18178602680563927
5,8,0.109375,1,0.00736497774321586,-0.05192379653453827,3.5787971019744873,0,61019,2.4748666286468506,,0.1714089810848236,-0.05192379653453827,,0.46875,56,56,709,-0.06732279062271118,0.001,0.015625,0.0063069346360862255,,0.7499683871581392,10.752273604273796,0,,0,0.6071428571428572,0.02294958010315895,85997,,74046.75,0.09115824103355408,,-2.4748666286468506,0,8,0.05644744820892811,25,1,1,0.0010385289788246155,,251.88369750976562,,1.2892760038375854,,207.8552384376526,,1767961816.0835667,0.3928571343421936,8,89.669921875,,-2.4748666286468506,1,,,1e-06,74042,0.14850321598351002,24978,0,,0,,,,,,,2.587337952107191,,,331.1258703099425,296187,0,0,0.13906444981694221,61.56517791748047,5,0.26486423168198797,,,321,0.3928571343421936,0.16498076915740967,0.33482474088668823,297.421875,0.0003077725931035261,1.0,0.46875,8,223.6211563013494,-0.03310989588499069,0.03630231443065967,0.33482474088668823,,0.011351171880960464,223.6211563013494,,2.4748666286468506,,,,0.3928571343421936,1,1,2.181410662829876,,0.17906894179795954,0,1,275,1,8,0.48033300042152405,0,0.011351171880960464,0.46875,74053,,1,,,4330.5,,,,64,,,1558.605628863,,0.46875,0,0.16690869629383087,7473,,-0.09205576777458191
6,7,0.125,1,0.008088463627912464,-0.04468946531414986,3.106538772583008,0,65061,2.4748666286468506,,0.13608716428279877,-0.04468946531414986,,0.40625,57,57,649,-0.05149298533797264,0.001,0.015625,0.0017311697592958808,,0.7605660417820489,13.714626893401146,0,,0,0.6122448979591837,0.006818327121436596,119865,,100385.25,0.10754059255123138,,-1.6201815605163574,0,7,0.170370789244771,22,1,1,0.001768365502357483,,252.4366912841797,,1.5507371425628662,,285.8648313321173,,1767962122.8748589,0.21052631735801697,7,97.23046875,,-1.6201815605163574,1,,,1e-06,100378,0.20105604454874992,54804,0,,0,,,,,,,3.6349411197006702,,,327.2263625197562,401541,1,0,0.1890210136771202,65.9185700416565,6,0.3872176726736791,,,707,0.3333333432674408,0.11029502004384995,0.24729198217391968,401.296875,0.00026781970596086423,0.8571428656578064,0.40625,7,306.77616933733225,-0.03489840030670166,0.03415498515320016,0.24729198217391968,,0.00424628471955657,306.77616933733225,,2.4748666286468506,,,,0.3333333432674408,1,1,3.2478497736155987,,0.21616312623172665,0,1,275,1,7,0.39732056856155396,0,0.00424628471955657,0.40625,100394,,1,,,5872.78125,,,,64,,,1918.647736419,,0.40625,0,0.11087673902511597,13698,,-0.03068525530397892
7,8,0.109375,1,0.007045006406745491,-0.027445122599601746,1.163030743598938,0,75517,2.4748666286468506,,0.15168999135494232,-0.027445122599601746,,0.34375,56,56,814,-0.035593438893556595,0.001,0.015625,0.0028857493307441473,,0.7844767006977086,13.789271622896194,0,,0,0.75,0.0418965220451355,150694,,114688.5,0.09728671237826347,,-1.20761239528656,0,8,-0.020926732569932938,17,1,1,0.0014191493391990662,,252.90867614746094,,1.6949390172958374,,339.21086328849196,,1767962482.916987,0.125,8,97.23046875,,-1.20761239528656,1,,,1e-06,114688,0.2117464654147625,75177,0,,0,,,,,,,3.491000834852457,,,318.55383962808435,458754,0,0,0.19046903774142265,65.9185700416565,7,0.3331206804674577,,,546,0.25,0.10532116889953613,0.2470385879278183,411.71875,0.0002120672787120406,0.875,0.34375,8,360.02862226963043,-0.02846221998333931,0.030058095674143866,0.2470385879278183,,0.004708559717983007,360.02862226963043,,2.4748666286468506,,,,0.25,1,1,3.231924869120121,,0.240120438536691,0,1,275,1,8,0.38806435465812683,0,0.004708559717983007,0.34375,114690,,1,,,6756.3125,,,,64,,,2248.471810443,,0.34375,0,0.10598844289779663,10478,,-0.23267319798469543
8,8,0.109375,1,0.007888697773735348,-0.031528227031230927,1.478489875793457,0,104979,2.4748666286468506,,0.15884754061698914,-0.031528227031230927,,0.34375,56,56,1084,-0.04384961724281311,0.001,0.015625,0.003561516758054495,,0.7160913802884005,14.897529240697622,0,,0,0.75,0.03215780481696129,122023,,113330.25,0.10219058021903038,,-1.6201815605163574,0,8,-0.23222175426781178,16,1,1,0.0014860071241855621,,253.02099990844727,,1.808188557624817,,307.19389295578003,,1767962812.7410765,0.25,8,97.23046875,,-1.6201815605163574,1,,,1e-06,113324,0.04901307635009289,17044,0,,0,,,,,,,3.8257575556635857,,,343.6199174513106,453321,0,0,0.20017335191369057,65.9185700416565,8,0.25505101530510177,,,548,0.25,0.11737041920423508,0.23535437881946564,380.21875,0.00022542653046964597,1.0,0.34375,8,329.81280840933323,-0.03857814893126488,0.032863090923865475,0.23535437881946564,,0.006652882322669029,329.81280840933323,,2.4748666286468506,,,,0.25,1,1,3.576112363487482,,0.2165592457962819,0,1,275,1,8,0.4125446677207947,0,0.006652882322669029,0.34375,113335,,1,,,6702.921875,,,,64,,,2528.609443101,,0.34375,0,0.1181553527712822,11973,,-0.28123483061790466
9,8,0.109375,1,0.00796172344579928,-0.05016925558447838,3.596212387084961,0,32168,1.6201815605163574,,0.14781513810157776,-0.05016925558447838,,0.453125,56,56,509,-0.06358607113361359,0.001,0.015625,0.004954854026436806,,0.8632853991855166,10.681852243840694,0,,0,0.625,0.006280909292399883,118219,,81799.75,0.09770141541957855,,-2.4748666286468506,0,8,-0.13324525021016598,23,1,1,0.0012051351368427277,,253.43414688110352,,1.2603176832199097,,263.6464976258576,,1767963092.878675,0.375,8,97.23046875,,-2.4748666286468506,1,,,1e-06,81792,-0.09207664988934994,86051,0,,0,,,,,,,2.916242141276598,,,292.0080488196701,327199,0,0,0.1644856184720993,65.9185700416565,9,0.2760647291739341,,,469,0.375,0.1269865483045578,0.27378642559051514,340.625,0.0002985993704735606,1.0,0.453125,8,280.1284085512161,-0.02637488953769207,0.03264634746390024,0.27378642559051514,,0.01013428345322609,280.1284085512161,,1.6201815605163574,,,,0.375,1,1,2.605067949742079,,0.209814250846104,0,1,275,1,8,0.42327195405960083,0,0.01013428345322609,0.453125,81808,,1,,,4771.859375,,,,64,,,2819.515796363,,0.453125,0,0.12847426533699036,9291,,-0.04116860032081604
10,8,0.109375,1,0.00890387885058753,-0.03994687646627426,1.5670233964920044,0,36341,2.4748666286468506,,0.1673126518726349,-0.03994687646627426,,0.46875,56,56,618,-0.050177689641714096,0.001,0.015625,0.002311204792931676,,0.8354861583865544,13.28288970515132,0,,0,0.6071428571428572,0.027264539152383804,153492,,86984.5,0.10569582507014275,,-2.4748666286468506,0,8,0.17411734908819199,24,1,1,0.002486675977706909,,253.72250747680664,,1.5026863813400269,,270.6181441321969,,1767963383.7850037,0.2678571343421936,8,97.23046875,,-2.4748666286468506,1,,,1e-06,86155,0.3454200215637684,117151,0,,0,,,,,,,3.587321449071169,,,299.02868287220815,347938,0,0,0.17540670186281204,65.9185700416565,10,0.37627334831616926,,,697,0.3928571343421936,0.12943974137306213,0.33074942231178284,375.515625,0.00030377775658347965,0.875,0.46875,8,290.890155300498,-0.027488483116030693,0.03817602476634147,0.33074942231178284,,0.00658835144713521,290.890155300498,,2.4748666286468506,,,,0.3928571343421936,1,1,3.097997799515724,,0.1856236107451588,0,1,275,1,8,0.4343053996562958,0,0.00658835144713521,0.46875,87286,,1,,,5061.015625,,,,64,,,3091.730427958,,0.46875,0,0.13076603412628174,13730,,-0.1713026724755764
11,8,0.109375,1,0.007247034139933307,-0.03248580917716026,1.212274193763733,0,81940,2.4748666286468506,,0.2731923758983612,-0.03248580917716026,,0.25,56,56,1349,-0.051536109298467636,0.001,0.015625,0.005834569688886404,,0.719520585741989,11.629373285919428,0,,0,0.8571428571428572,0.053634922951459885,106269,,93785.5,0.09141926094889641,,-1.20761239528656,0,8,-0.13264785148203373,11,1,1,0.0018549896776676178,,253.91547775268555,,1.827863335609436,,254.6196277588606,,1767963655.9996483,0.1428571492433548,8,97.23046875,,-1.20761239528656,1,,,1e-06,93778,0.04913816414773464,24329,0,,0,,,,,,,2.9545397013425827,,,344.5457750433607,375142,0,0,0.1657734364271164,65.9185700416565,11,0.1889822365046136,,,470,0.1428571492433548,0.1528913974761963,0.36687126755714417,332.3125,0.00024369241766823338,1.0,0.25,8,272.2004064284265,-0.04653358459472656,0.03099992345810234,0.36687126755714417,,0.01013637613505125,272.2004064284265,,2.4748666286468506,,,,0.1428571492433548,1,1,2.7186668813228607,,0.220002950648986,0,1,275,1,8,0.4689185917377472,0,0.01013637613505125,0.25,93791,,1,,,5529.28125,,,,64,,,3398.470984891,,0.25,0,0.15506039559841156,9136,,-0.18178601562976837
12,8,0.21875,1,0.007918957331031857,-0.02814597263932228,1.241074800491333,0,78356,2.4748666286468506,,0.1417100429534912,-0.02814597263932228,,0.5,56,56,733,-0.043238624930381775,0.001,0.015625,0.005267609842121601,,0.871718051551313,11.90771360322833,0,,0,0.5714285714285714,0.034899357706308365,100083,,88692.25,0.09607906267046928,,-2.4748666286468506,0,8,-0.27412683703005314,28,1,1,0.0018406808376312256,,254.12504959106445,,1.4770656824111938,,288.71737726405263,,1767963962.7402027,0.3035714328289032,8,97.23046875,,-2.4748666286468506,1,,,1e-06,88690,-0.1335094217211008,21727,0,,0,,,,,,,3.0176512375473976,,,289.15776554106867,354769,0,0,0.15806805714964867,65.9185700416565,12,0.3571428571428571,,,470,0.4285714328289032,0.12438581138849258,0.3167206346988678,368.1875,0.00027082147163497736,0.875,0.5,8,306.72615633904934,-0.025628095492720604,0.03356469590981267,0.3167206346988678,,0.009927386417984962,306.72615633904934,,2.4748666286468506,,,,0.4285714328289032,1,1,2.809400573372841,,0.20283041714437133,0,1,275,1,8,0.4220094084739685,0,0.009927386417984962,0.5,88693,,1,,,5175.078125,,,,64,,,3695.987751254,,0.5,0,0.12629519402980804,9283,,-0.14061741530895233
13,8,0.109375,1,0.008987105254695548,-0.046769607812166214,1.6794469356536865,0,49052,1.6201815605163574,,0.10925200581550598,-0.046769607812166214,,0.515625,56,56,822,-0.055985648185014725,0.001,0.015625,0.002653600415214896,,0.7970793718541527,13.759358059614897,0,,0,0.5535714285714286,0.2571418583393097,152500,,92857.25,0.11146391555666924,,-2.4748666286468506,0,8,-0.03297962434589863,29,1,1,0.0029945671558380127,,254.78001022338867,,1.1345349550247192,,276.36096857115626,,1767964260.2569582,0.4464285671710968,8,97.23046875,,-2.4748666286468506,1,,,1e-06,92848,0.07916434481739998,103448,0,,0,,,,,,,3.7091785334050655,,,312.12297316271105,371429,0,0,0.199980266392231,65.9185700416565,13,0.27140507417090476,,,708,0.4464285671710968,0.12594608962535858,0.2948382794857025,386.125,0.00030009481100471216,1.0,0.515625,8,297.50213212147355,-0.025500480085611343,0.03704438280159841,0.2948382794857025,,0.007741183508187532,297.50213212147355,,1.6201815605163574,,,,0.4464285671710968,1,1,3.3380715176463127,,0.19329445263118317,0,1,275,1,8,0.4274744391441345,0,0.007741183508187532,0.515625,92872,,1,,,5417.453125,,,,64,,,4002.496285148,,0.515625,0,0.12725353240966797,15096,,-0.1121439691632986
14,8,0.109375,1,0.007914636289667628,-0.03456610441207886,1.3113607168197632,0,33759,2.4748666286468506,,0.1549917608499527,-0.03456610441207886,,0.390625,56,56,573,-0.045850664377212524,0.001,0.015625,0.002614089287817478,,0.784605780232298,12.937831621617079,0,,0,0.6964285714285714,0.03800951689481735,153820,,97412.75,0.11089083924889565,,-2.4748666286468506,0,8,0.1719082146883011,19,1,1,0.003309357911348343,,254.88330841064453,,1.6941418647766113,,286.8440271951258,,1767964566.7653313,0.3035714328289032,8,97.23046875,,-2.4748666286468506,1,,,1e-06,97411,0.19199641607701778,120061,0,,0,,,,,,,3.2961522676050663,,,317.8306290015905,389651,0,0,0.1947103850543499,65.9185700416565,14,0.33071891388307384,,,737,0.3035714328289032,0.125047966837883,0.27846503257751465,375.953125,0.00028459015695813853,1.0,0.390625,8,306.49264454469085,-0.029800208285450935,0.0332036402360499,0.27846503257751465,,0.006485407240688801,306.49264454469085,,2.4748666286468506,,,,0.3035714328289032,1,1,3.083945944905281,,0.21654236392958662,0,1,275,1,8,0.4277136027812958,0,0.006485407240688801,0.390625,97416,,1,,,5712.34375,,,,64,,,4290.362780708,,0.390625,0,0.1260429471731186,13435,,-0.020088201388716698
15,8,0.109375,1,0.007900536525774488,-0.039700400084257126,1.5403541326522827,0,55334,2.4748666286468506,,0.09846824407577515,-0.039700400084257126,,0.5,56,56,530,-0.050071362406015396,0.001,0.015625,0.0034975367598235607,,0.8395066752296153,11.15371436625719,0,,0,0.5714285714285714,0.042336542159318924,133648,,86232.75,0.09979773312807083,,-2.4748666286468506,0,8,0.09941883385181427,27,1,1,0.002477947622537613,,255.19155502319336,,1.2697268724441528,,270.6124582402408,,1767964854.6320415,0.3035714328289032,8,97.23046875,,-2.4748666286468506,1,,,1e-06,86225,0.160675635561347,78314,0,,0,,,,,,,3.082415781915188,,,299.5728587334145,344931,0,0,0.1574932187795639,65.9185700416565,15,0.3499271061118826,,,550,0.4285714328289032,0.12579749524593353,0.25861772894859314,352.875,0.000289326657006969,0.875,0.5,8,287.8523453846574,-0.02248110994696617,0.0323360740735312,0.25861772894859314,,0.007857991382479668,287.8523453846574,,2.4748666286468506,,,,0.4285714328289032,1,1,2.7251399643719196,,0.2158182631310481,0,1,275,1,8,0.42785516381263733,0,0.007857991382479668,0.5,86239,,1,,,5036.671875,,,,64,,,4593.89719342,,0.5,0,0.12684118747711182,10766,,-0.06125680170953274
16,8,0.109375,1,0.009350887433575511,-0.03664171323180199,1.113243579864502,0,21315,2.4748666286468506,,0.13556396961212158,-0.03664171323180199,,0.515625,56,56,367,-0.04751676693558693,0.001,0.015625,0.0022986840922385454,,0.9197342918943124,12.968567714095116,0,,0,0.5535714285714286,0.029333433136343956,118445,,83179.75,0.10183731466531754,,-2.4748666286468506,0,8,-0.04445955343544483,29,1,1,0.0026018358767032623,,255.68473434448242,,1.5300712585449219,,283.7867749668658,,1767965158.1663165,0.1964285671710968,8,97.23046875,,-2.4748666286468506,1,,,1e-06,83173,-0.04445955343544483,97130,0,,0,,,,,,,3.3505428209900856,,,274.0508177779291,332719,0,0,0.17582791298627853,65.9185700416565,16,0.4191676640823394,,,709,0.4464285671710968,0.12217831611633301,0.2930704951286316,377.59375,0.00030607604214161964,0.75,0.515625,8,303.5194372870028,-0.022518357262015343,0.038977538746194584,0.2930704951286316,,0.006893467158079147,303.5194372870028,,2.4748666286468506,,,,0.4464285671710968,1,1,3.1112179160118103,,0.1828248720006329,0,1,275,1,8,0.43103480339050293,0,0.006893467158079147,0.515625,83192,,1,,,4821.140625,,,,64,,,4846.324503582,,0.515625,0,0.12335634976625443,13749,,0.0
17,8,0.109375,1,0.008456546019955446,-0.04587120935320854,1.3145753145217896,0,65483,2.4748666286468506,,0.1701284646987915,-0.04587120935320854,,0.53125,56,56,982,-0.06532259285449982,0.001,0.015625,0.004287317395210266,,0.8792514546065232,10.505456551909447,0,,0,0.5357142857142857,0.14215926826000214,85604,,72967.25,0.09655188769102097,,-2.4748666286468506,0,8,-0.3049766570329666,30,1,1,0.001691274344921112,,255.78593063354492,,1.4493964910507202,,236.49226374551654,,1767965410.593711,0.3392857015132904,8,97.23046875,,-2.4748666286468506,1,,,1e-06,72962,0.08604111522436142,20121,0,,0,,,,,,,2.6547523848712444,,,289.0792574559176,291869,0,0,0.17396582290530205,65.9185700416565,17,0.3829930462415574,,,545,0.4642857015132904,0.16199266910552979,0.36592522263526917,357.796875,0.0003308055589700207,0.875,0.53125,8,252.4126104451716,-0.03183198347687721,0.03599373880716845,0.36592522263526917,,0.01284158043563366,252.4126104451716,,2.4748666286468506,,,,0.4642857015132904,1,1,2.468203630298376,,0.18808406046879908,0,1,275,1,8,0.4869862496852875,0,0.01284158043563366,0.53125,72971,,1,,,4202.65625,,,,64,,,5193.977510612,,0.53125,0,0.16461148858070374,12043,,-0.39101777225732803
18,7,0.109375,1,0.008115425613968887,-0.03213219344615936,1.7617526054382324,0,87848,1.6201815605163574,,0.11010675877332687,-0.03213219344615936,,0.484375,57,57,894,-0.037464067339897156,0.001,0.015625,0.0022965851239860058,,0.8298283277302769,14.338169243186712,0,,0,0.5714285714285714,0.051413074135780334,129650,,104942.5,0.10279693827033043,,-2.4748666286468506,0,7,0.141512893140316,26,1,1,0.001956738531589508,,256.16694259643555,,0.9482808709144592,,325.70346949249506,,1767965758.2467458,0.42105263471603394,7,97.23046875,,-2.4748666286468506,1,,,1e-06,104939,0.21474953554570675,41802,0,,0,,,,,,,3.863731734454632,,,301.8750884970477,419770,1,0,0.19715947285294533,65.9185700416565,18,0.2753211747598376,,,698,0.42105263471603394,0.11138852685689926,0.327652245759964,426.171875,0.0002448887206573372,1.0,0.484375,7,347.63550885394216,-0.012657379731535912,0.03415720333322227,0.327652245759964,,0.005408986005932093,347.63550885394216,,1.6201815605163574,,,,0.42105263471603394,1,1,3.4066122099757195,,0.21136864840170372,0,1,275,1,7,0.4062804877758026,0,0.005408986005932093,0.484375,104946,,1,,,6132.734375,,,,64,,,5417.819508239,,0.484375,0,0.1125582903623581,13746,,-0.07323664240539074
19,8,0.109375,1,0.008263968217791812,-0.05409408360719681,1.4266301393508911,0,40238,2.4748666286468506,,0.14740611612796783,-0.05409408360719681,,0.53125,56,56,535,-0.06743060052394867,0.001,0.015625,0.0041704485192894936,,0.8987647203037286,9.315815813839436,0,,0,0.5357142857142857,0.05220805108547211,102175,,63351.25,0.08332111313939095,,-2.4748666286468506,0,8,0.2907953839749098,30,1,1,0.001262769103050232,,256.6014060974121,,1.142506718635559,,209.80044618993998,,1767965982.0887916,0.3392857015132904,8,97.23046875,,-2.4748666286468506,1,,,1e-06,63342,0.2907953839749098,61937,0,,0,,,,,,,2.3850590363144875,,,283.0320418540998,253405,0,0,0.13241735473275185,65.9185700416565,19,0.31743551490412814,,,467,0.4642857015132904,0.1853032410144806,0.2567010819911957,312.078125,0.0003288061132944928,0.875,0.53125,8,223.83066448941827,-0.030152341350913048,0.036762557225940434,0.2567010819911957,,0.011022482067346573,223.83066448941827,,2.4748666286468506,,,,0.4642857015132904,1,1,2.094130866229534,,0.17715702043362644,0,1,275,1,8,0.5284690856933594,0,0.011022482067346573,0.53125,63357,,1,,,3647.375,,,,64,,,5689.088690226,,0.53125,0,0.18609021604061127,9173,,0.0
20,8,0.109375,1,0.008879900190044978,-0.05319644883275032,1.3993792533874512,0,59271,2.4748666286468506,,0.09577815979719162,-0.05319644883275032,,0.546875,56,56,549,-0.05996894836425781,0.001,0.015625,0.0026046186685562134,,0.8179597766508023,12.425932247191668,0,,0,0.5178571428571428,0.13419580459594727,114845,,82996.75,0.08802486583590508,,-2.4748666286468506,0,8,-0.24016998521983624,30,1,1,0.0020484887063503265,,256.8288459777832,,1.0281672477722168,,252.46083118394017,,1767966253.3579576,0.3571428656578064,8,97.23046875,,-2.4748666286468506,1,,,1e-06,82983,0.023188438266515732,55574,0,,0,,,,,,,3.1604903377592564,,,305.97011356758713,331987,0,0,0.15597959235310555,65.9185700416565,20,0.3345534641999142,,,546,0.4821428656578064,0.14179269969463348,0.2660250663757324,364.6875,0.00026514552026406175,0.875,0.546875,8,271.2577023692429,-0.02454465627670288,0.037428972360940845,0.2660250663757324,,0.0062239388935267925,271.2577023692429,,2.4748666286468506,,,,0.4821428656578064,1,1,2.9480114243924618,,0.18501131402040066,0,1,275,1,8,0.46029573678970337,0,0.0062239388935267925,0.546875,83011,,1,,,4822.609375,,,,64,,,6009.54507622,,0.546875,0,0.14256590604782104,10978,,-0.26335842348635197
21,8,0.109375,1,0.008355108033661062,-0.05208117514848709,1.5416944026947021,0,78167,2.4748666286468506,,0.14704614877700806,-0.05208117514848709,,0.484375,56,56,1432,-0.06001092121005058,0.001,0.015625,0.002519764704629779,,0.852273020320664,13.555481679737568,0,,0,0.5892857142857143,0.1023252010345459,106318,,94416.75,0.10213437676429749,,-1.20761239528656,0,8,-0.12062036991119385,28,1,1,0.0018778406083583832,,257.11035919189453,,1.1781165599822998,,299.94300086051226,,1767966573.8142846,0.4107142984867096,8,97.23046875,,-1.20761239528656,1,,,1e-06,94410,0.11431409046053886,28151,0,,0,,,,,,,3.4765373952686787,,,294.6471483343177,377667,0,0,0.18535379692912102,65.9185700416565,21,0.20748125068968304,,,710,0.4107142984867096,0.14578264951705933,0.3547884523868561,402.09375,0.000270435004287633,1.0,0.484375,8,320.4400603696704,-0.0329429917037487,0.03589268238881758,0.3547884523868561,,0.006404628045856953,320.4400603696704,,2.4748666286468506,,,,0.4107142984867096,1,1,3.1554485857486725,,0.1958792335569638,0,1,275,1,8,0.47465312480926514,0,0.006404628045856953,0.484375,94425,,1,,,5498.953125,,,,64,,,6285.816970492,,0.484375,0,0.14712126553058624,13267,,-0.2349344603717327
22,7,0.109375,1,0.008333841636498517,-0.029529498890042305,1.1298989057540894,0,43949,2.4748666286468506,,0.13267353177070618,-0.029529498890042305,,0.515625,57,57,495,-0.04041546583175659,0.001,0.015625,0.0034987672697752714,,0.8501034791625495,11.418782003223896,0,,0,0.5510204081632654,0.09162892401218414,133571,,82090.75,0.09103531762957573,,-1.20761239528656,0,7,-0.09676357172429562,29,1,1,0.0032750703394412994,,257.44805908203125,,1.298976182937622,,258.8735114745796,,1767966850.0862474,0.21052631735801697,7,97.23046875,,-1.20761239528656,1,,,1e-06,82088,-0.055594971403479576,89622,0,,0,,,,,,,2.962222695350647,,,297.14841652914913,328363,1,0,0.1612936109304428,65.9185700416565,22,0.38506045436965736,,,545,0.45614033937454224,0.14246462285518646,0.35355547070503235,372.546875,0.00027723987669005256,0.7142857313156128,0.515625,7,276.26177840307355,-0.021177025511860847,0.03477487415824528,0.35355547070503235,,0.0081275450065732,276.26177840307355,,2.4748666286468506,,,,0.45614033937454224,1,1,2.7365252412855625,,0.19907149923139691,0,1,275,1,7,0.4614667594432831,0,0.0081275450065732,0.515625,82094,,1,,,4758.125,,,,64,,,6595.967930447,,0.515625,0,0.1441802680492401,10508,,-0.04116860032081604
23,8,0.109375,1,0.008417329317119589,-0.0468517430126667,2.0914559364318848,0,58961,1.6201815605163574,,0.08232571184635162,-0.0468517430126667,,0.5625,56,56,512,-0.0530000664293766,0.001,0.015625,0.002999147865921259,,0.8829735398283517,12.152904227375984,0,,0,0.5,0.2628398835659027,129925,,88960.0,0.09985824301838875,,-2.4748666286468506,0,8,-0.11583983339369297,31,1,1,0.0026996657252311707,,257.9032096862793,,0.8957517743110657,,291.57993718981743,,1767967160.2371163,0.5,8,97.23046875,,-2.4748666286468506,1,,,1e-06,88954,0.02936437539756298,70964,0,,0,,,,,,,3.1128603778779507,,,286.8427774764955,355840,0,0,0.16818826645612717,65.9185700416565,23,0.23690177073967142,,,559,0.5,0.1248505562543869,0.2688451111316681,400.234375,0.0002806268070435835,1.0,0.5625,8,310.13505301624537,-0.0217673908919096,0.03415272096272477,0.2688451111316681,,0.006480429787188768,310.13505301624537,,1.6201815605163574,,,,0.5,1,1,2.9952224642038345,,0.20330758277490055,0,1,275,1,8,0.43488430976867676,0,0.006480429787188768,0.5625,88968,,1,,,5159.765625,,,,64,,,6831.571641068,,0.5625,0,0.12578369677066803,10590,,-0.14520420879125595
24,8,0.109375,1,0.007344329743016798,-0.04727955162525177,1.3642041683197021,0,53649,2.4748666286468506,,0.13475334644317627,-0.04727955162525177,,0.484375,56,56,689,-0.05782335251569748,0.001,0.015625,0.004739942494779825,,0.7843377836458592,9.8060601092875,0,,0,0.5892857142857143,0.29947805404663086,96570,,75326.5,0.08307167142629623,,-1.20761239528656,0,8,-0.23226639069616795,27,1,1,0.0017879009246826172,,257.8949508666992,,1.086732029914856,,220.85775480791926,,1767967395.840873,0.2857142984867096,8,97.23046875,,-1.20761239528656,1,,,1e-06,75321,-0.016186563298106194,42921,0,,0,,,,,,,2.4378323070704937,,,319.78512579912467,301306,0,0,0.13203877955675125,65.9185700416565,24,0.28064702938395913,,,348,0.4107142984867096,0.17683041095733643,0.3458153009414673,308.140625,0.00027570533419943923,0.875,0.484375,8,235.55348239466548,-0.026526210829615593,0.032545186983622965,0.3458153009414673,,0.009212138131260872,235.55348239466548,,2.4748666286468506,,,,0.4107142984867096,1,1,2.2128906175494194,,0.20660788450000747,0,1,275,1,8,0.5274512767791748,0,0.009212138131260872,0.484375,75335,,1,,,4399.765625,,,,64,,,7124.588327992,,0.484375,0,0.1783871203660965,8203,,-0.21607982739806175
25,7,0.109375,1,0.007766654342894085,-0.04284607991576195,1.701192021369934,0,70073,1.20761239528656,,0.06894971430301666,-0.04284607991576195,,0.53125,57,57,1165,-0.04865264147520065,0.001,0.015625,0.0037064028438180685,,0.9250000628855528,10.870716318488121,0,,0,0.44897959183673475,0.1334553211927414,93964,,80524.0,0.08577286824584007,,-1.6201815605163574,0,7,0.037029389292001724,30,1,1,0.0019426122307777405,,258.40888595581055,,0.703453540802002,,276.6471688076854,,1767967688.8575306,0.4736842215061188,7,97.23046875,,-1.6201815605163574,1,,,1e-06,80521,0.07819798961281776,23891,0,,0,,,,,,,2.7381365932524204,,,274.81952173196186,322096,1,0,0.14513082802295685,65.9185700416565,25,0.14139190265868387,,,469,0.4736842215061188,0.1380542516708374,0.29133492708206177,359.65625,0.00026629597463439494,1.0,0.53125,7,293.00684133544564,-0.012726842425763607,0.033749926476851995,0.29133492708206177,,0.007720394060015678,293.00684133544564,,1.20761239528656,,,,0.4736842215061188,1,1,2.501608297228813,,0.19850970961074527,0,1,275,1,7,0.4652615189552307,0,0.007720394060015678,0.53125,80529,,1,,,4673.09375,,,,64,,,7394.455977572,,0.53125,0,0.1392376571893692,9265,,-0.04116860032081604
26,7,0.109375,1,0.009048968349607521,-0.024508008733391762,1.3178553581237793,0,57887,1.6201815605163574,,0.11012051999568939,-0.024508008733391762,,0.5,57,57,524,-0.035066258162260056,0.001,0.015625,0.0028425329364836216,,0.8397601507350002,12.461230415850878,0,,0,0.489795918367347,0.11026626825332642,126393,,80338.25,0.09726231172680855,,-2.4748666286468506,0,7,0.12360850907862186,28,1,1,0.0018522106111049652,,258.60227966308594,,1.2038981914520264,,250.88842215389013,,1767967958.725228,0.31578946113586426,7,97.23046875,,-2.4748666286468506,1,,,1e-06,80334,0.12360850907862186,68506,0,,0,,,,,,,3.300756450742483,,,297.71503065513286,321353,1,0,0.16895056515932083,65.9185700416565,26,0.340272081643532,,,697,0.4385964870452881,0.12975120544433594,0.29397091269493103,352.984375,0.0003026650186144475,0.8571428656578064,0.5,7,269.8494927287102,-0.018501438200473785,0.03877738939997721,0.29397091269493103,,0.008521833457052708,269.8494927287102,,1.6201815605163574,,,,0.4385964870452881,1,1,2.907913126051426,,0.17790697751773846,0,1,275,1,7,0.44727882742881775,0,0.008521833457052708,0.5,80346,,1,,,4668.15625,,,,64,,,7671.888578114,,0.5,0,0.13115066289901733,13298,,0.0
27,8,0.109375,1,0.008455785914387809,-0.03514263778924942,1.4195327758789062,0,56326,2.4748666286468506,,0.1819947361946106,-0.03514263778924942,,0.5,56,56,430,-0.0527510941028595,0.001,0.015625,0.004314221907407045,,0.8889937936248754,10.678616110235453,0,,0,0.5714285714285714,0.16487334668636322,104393,,79268.0,0.09660021588206291,,-2.4748666286468506,0,8,-0.15338094532489777,27,1,1,0.0016541630029678345,,258.74443435668945,,1.7188969850540161,,260.8210001178086,,1767968236.1577573,0.4285714328289032,8,97.23046875,,-2.4748666286468506,1,,,1e-06,79260,0.0558508038520813,48067,0,,0,,,,,,,2.9620212465524673,,,285.7346922439224,317072,0,0,0.15848219022154808,65.9185700416565,27,0.3425593945223371,,,575,0.4285714328289032,0.13207252323627472,0.38556376099586487,370.046875,0.00030466334423116174,1.0,0.5,8,277.4181860014796,-0.028808994218707085,0.03367883670029347,0.38556376099586487,,0.009939023293554783,277.4181860014796,,2.4748666286468506,,,,0.4285714328289032,1,1,2.6810929514467716,,0.20692044241891647,0,1,275,1,8,0.45165857672691345,0,0.009939023293554783,0.5,79277,,1,,,4584.203125,,,,64,,,8099.257941836,,0.5,0,0.1345919668674469,9986,,-0.20923174917697906
28,8,0.109375,1,0.008800733485619749,-0.03699126094579697,1.9947582483291626,0,63752,1.6201815605163574,,0.04796406626701355,-0.03699126094579697,,0.640625,56,56,695,-0.04153527319431305,0.001,0.015625,0.0024274815805256367,,1.0874293201271705,14.93566307425499,0,,0,0.4107142857142857,0.11649081856012344,134803,,100877.5,0.10594168677926064,,-2.4748666286468506,0,8,-0.06939716264605522,39,1,1,0.002811957150697708,,259.52716064453125,,0.7485410571098328,,404.80643871054053,,1767968663.5264995,0.5892857313156128,8,97.23046875,,-2.4748666286468506,1,,,1e-06,100861,0.07107103615999222,71051,0,,0,,,,,,,3.7426958940923214,,,236.05101931960175,403510,0,0,0.18609552085399628,65.9185700416565,28,0.23076514255928726,,,733,0.5892857313156128,0.09500160068273544,0.3020293414592743,488.28125,0.00026255033773453105,1.0,0.640625,8,427.3546468503773,-0.011226405389606953,0.03701435670554631,0.3020293414592743,,0.005751356482505798,427.3546468503773,,1.6201815605163574,,,,0.5892857313156128,1,1,3.551183968782425,,0.1947466784048409,0,1,275,1,8,0.3874402642250061,0,0.005751356482505798,0.640625,100892,,1,,,5816.5625,,,,64,,,8266.756193258,,0.640625,0,0.09619230031967163,13048,,-0.14046819880604744
29,8,0.109375,1,0.009108557042352066,-0.023079553619027138,1.108137845993042,0,23110,1.6201815605163574,,0.04686133190989494,-0.023079553619027138,,0.734375,56,56,489,-0.03179622069001198,0.001,0.015625,0.0033047280739992857,,0.741802277658266,8.923405334353447,0,,0,0.3035714285714286,0.5930504202842712,87302,,57342.75,0.08781864121556282,,-2.4748666286468506,0,8,-0.14915378764271736,44,1,1,0.002920057624578476,,259.7201347351074,,0.8547843098640442,,153.99221842363477,,1767968831.0254023,0.1964285671710968,8,97.23046875,,-2.4748666286468506,1,,,1e-06,57342,0.08013066276907921,64192,0,,0,,,,,,,2.248554140329361,,,342.37002664182074,229371,0,0,0.1270367093384266,65.9185700416565,29,0.3602543036041431,,,493,0.6964285969734192,0.13453367352485657,0.27088093757629395,340.296875,0.0003828672378616426,0.5,0.734375,8,167.4876465164125,-0.010382155887782574,0.038903807954595165,0.27088093757629395,,0.009831785224378109,167.4876465164125,,1.6201815605163574,,,,0.6964285969734192,1,1,2.0892388373613358,,0.17544948123965376,0,1,275,1,8,0.45629721879959106,0,0.009831785224378109,0.734375,57343,,1,,,3243.625,,,,64,,,8566.070944416,,0.734375,0,0.1358742117881775,9157,,-0.22928445041179657
30,8,0.109375,1,0.00941550746689175,-0.03221959248185158,1.77653169631958,0,71729,2.4748666286468506,,0.08602333068847656,-0.03221959248185158,,0.5625,56,56,632,-0.03892067074775696,0.001,0.015625,0.0026214509271085262,,0.8744060900455557,13.56870787218213,0,,0,0.5,0.08507537841796875,99166,,86005.0,0.09519664943218231,,-2.4748666286468506,0,8,0.10357312485575676,32,1,1,0.0027875714004039764,,259.9634552001953,,0.8993632197380066,,278.53768795356154,,1767969130.340204,0.375,8,97.23046875,,-2.4748666286468506,1,,,1e-06,85995,0.1567215621471405,27437,0,,0,,,,,,,3.662305098026991,,,287.3506565306683,344020,0,0,0.16986148059368134,65.9185700416565,30,0.31134992453861954,,,732,0.5,0.10138441622257233,0.32299038767814636,398.046875,0.00027671835774717256,0.875,0.5625,8,299.3033008463681,-0.017620744183659554,0.03944162511534832,0.32299038767814636,,0.007141848094761372,299.3033008463681,,2.4748666286468506,,,,0.5,1,1,3.2391228787600994,,0.17972695954429746,0,1,275,1,8,0.3997390568256378,0,0.007141848094761372,0.5625,86025,,1,,,4977.265625,,,,64,,,8963.904272455,,0.5625,0,0.10296709090471268,12828,,-0.05314843729138374
31,7,0.109375,1,0.007622864891247601,-0.016830014064908028,1.64568293094635,0,81740,2.4748666286468506,,0.19896933436393738,-0.016830014064908028,,0.28125,57,57,498,-0.027949105948209763,0.001,0.015625,0.002654257696121931,,0.9675636373646078,13.518615402281284,0,,0,0.7755102040816327,0.291043758392334,132422,,103856.75,0.11147352680563927,,-2.4748666286468506,0,7,0.07766767404973507,13,1,1,0.0018626861274242401,,260.4425392150879,,1.8114781379699707,,377.4301263540983,,1767969528.1734946,0.19298245012760162,7,97.23046875,,-2.4748666286468506,1,,,1e-06,103849,0.2383733056485653,50682,0,,0,,,,,,,3.3817089162766933,,,261.06459110458786,415427,1,0,0.1891295574605465,65.9185700416565,31,0.28425282198334934,,,695,0.19298245012760162,0.09990271925926208,0.3641456961631775,396.0,0.0002683348140723623,1.0,0.28125,7,397.8201316408813,-0.022545572370290756,0.032541494419672495,0.3641456961631775,,0.0060448674485087395,397.8201316408813,,2.4748666286468506,,,,0.19298245012760162,1,1,3.166743893176317,,0.21988212443011795,0,1,275,1,7,0.40200865268707275,0,0.0060448674485087395,0.28125,103860,,1,,,6095.046875,,,,64,,,9316.616748669,,0.28125,0,0.1015000268816948,13186,,-0.16070563159883022
32,8,0.109375,1,0.007967970503430167,-0.016175352036952972,2.2676429748535156,0,81455,2.4748666286468506,,0.10710293799638748,-0.016175352036952972,,0.40625,56,56,991,-0.026417482644319534,0.001,0.015625,0.003370940452441573,,0.83868641523055,14.281072176992893,0,,0,0.6785714285714286,0.4166885316371918,130162,,105475.25,0.1067902110517025,,-0.935412585735321,0,8,0.033493803814053535,21,1,1,0.0014633536338806152,,260.992862701416,,1.366738200187683,,331.1737821549177,,1767969880.8859475,0.1964285671710968,8,97.23046875,,-0.935412585735321,1,,,1e-06,105464,0.2627782393246889,48707,0,,0,,,,,,,3.558297425508499,,,299.05405998794265,421901,0,0,0.1936071626842022,65.9185700416565,32,0.2834733547569204,,,737,0.3214285671710968,0.08300266414880753,0.36656609177589417,422.328125,0.0002531167526308364,0.875,0.40625,8,352.6962650306523,-0.014516551978886127,0.03384934422291697,0.36656609177589417,,0.007351749576628208,352.6962650306523,,2.4748666286468506,,,,0.3214285671710968,1,1,3.361694723367691,,0.21257966439849177,0,1,275,1,8,0.3616827726364136,0,0.007351749576628208,0.40625,105490,,1,,,6169.875,,,,64,,,9586.815214554,,0.40625,0,0.0850873664021492,12719,,-0.22928443551063538
33,8,0.109375,1,0.00941842600472539,-0.03629530966281891,2.393329620361328,0,47110,1.6201815605163574,,0.09231442958116531,-0.03629530966281891,,0.59375,56,56,549,-0.04702836647629738,0.001,0.015625,0.0033319678623229265,,0.9431340614485364,11.458020236343145,0,,0,0.4642857142857143,0.5338440537452698,110043,,72874.75,0.09502056613564491,,-1.6201815605163574,0,8,0.12624205276370049,35,1,1,0.0017285645008087158,,261.20645904541016,,0.9810318946838379,,252.764644138515,,1767970151.0843904,0.4107142984867096,8,97.23046875,,-1.6201815605163574,1,,,1e-06,72865,0.12624205276370049,62933,0,,0,,,,,,,2.9131815768778324,,,269.72052065814876,291499,0,0,0.18949578702449799,65.9185700416565,33,0.24484480715718018,,,549,0.5357142686843872,0.11806254833936691,0.352167010307312,367.09375,0.0003259721856186296,0.875,0.59375,8,270.1861535124481,-0.016566039994359016,0.03930723685619211,0.352167010307312,,0.010440103709697723,270.1861535124481,,1.6201815605163574,,,,0.5357142686843872,1,1,2.7454617619514465,,0.17480041690047182,0,1,275,1,8,0.4428046941757202,0,0.010440103709697723,0.59375,72882,,1,,,4187.578125,,,,64,,,9916.029678153,,0.59375,0,0.12050661444664001,12572,,0.0
34,8,0.109375,1,0.008319318888123513,-0.02390936017036438,3.871722936630249,0,66927,1.6201815605163574,,0.09206923097372055,-0.02390936017036438,,0.5,56,56,580,-0.030758440494537354,0.001,0.015625,0.002925437642261386,,0.9160240568517407,12.591071043163538,0,,0,0.5714285714285715,0.31745848059654236,131298,,90998.75,0.09444260597229004,,-2.4748666286468506,0,8,-0.06284715980291367,26,1,1,0.002625133842229843,,261.57898712158203,,1.1403096914291382,,309.95780818909407,,1767970480.2974412,0.4285714328289032,8,97.23046875,,-2.4748666286468506,1,,,1e-06,90990,0.09782294929027557,64371,0,,0,,,,,,,3.3310547806322575,,,276.43100306246777,363995,0,0,0.16745392978191376,65.9185700416565,34,0.2672612419124244,,,548,0.4285714328289032,0.0873979702591896,0.3224402368068695,400.34375,0.00025946127274355425,1.0,0.5,8,329.1915486752987,-0.010106265544891357,0.034591329669812876,0.3224402368068695,,0.005848575383424759,329.1915486752987,,1.6201815605163574,,,,0.4285714328289032,1,1,3.028190478682518,,0.20114305313749,0,1,275,1,8,0.37176981568336487,0,0.005848575383424759,0.5,91004,,1,,,5287.078125,,,,64,,,10166.642247915,,0.5,0,0.08877263218164444,10022,,-0.16067010909318924
35,8,0.109375,1,0.009191830073889266,-0.01103039737790823,2.0154783725738525,0,45101,2.4748666286468506,,0.17633044719696045,-0.01103039737790823,,0.546875,56,56,411,-0.03067740797996521,0.001,0.015625,0.004533515311777592,,0.904566537128188,10.864244528114796,0,,0,0.5178571428571429,0.1704005002975464,88963,,70304.25,0.08864834904670715,,-1.6201815605163574,0,8,-0.1295226588845253,32,1,1,0.0016884133219718933,,261.7807083129883,,1.5756797790527344,,233.8557777106762,,1767970730.911464,0.2321428507566452,8,97.23046875,,-1.6201815605163574,1,,,1e-06,70069,0.18239742890000343,43862,0,,0,,,,,,,3.0438323244452477,,,280.54110750971574,281217,0,0,0.14380808919668198,65.9185700416565,35,0.4036662341234755,,,576,0.4821428656578064,0.10906863212585449,0.36667412519454956,354.515625,0.0003152311170615829,0.75,0.546875,8,250.60231145471334,-0.018931718543171883,0.03863295792258219,0.36667412519454956,,0.012230783700942993,250.60231145471334,,2.4748666286468506,,,,0.4821428656578064,1,1,2.584898877888918,,0.18314378057148567,0,1,275,1,8,0.42784950137138367,0,0.012230783700942993,0.546875,70978,,1,,,4039.5,,,,64,,,10312.529905699,,0.546875,0,0.11221934109926224,10322,,-0.31192008778452873
36,7,0.125,1,0.009891084862974013,-0.03235557675361633,3.4228711128234863,0,19387,1.20761239528656,,0.09619899094104767,-0.03235557675361633,,0.640625,57,57,442,-0.03789312019944191,0.001,0.015625,0.0020891886670142412,,0.7227431523478849,8.692143488675356,0,,0,0.3673469387755102,0.1979673057794571,91673,,51043.25,0.08491940796375275,,-2.4748666286468506,0,7,0.011102039366960526,36,1,1,0.0025908909738063812,,262.248348236084,,0.6635544300079346,,132.84019140154123,,1767970876.79918,0.35087719559669495,7,97.23046875,,-2.4748666286468506,1,,,1e-06,51031,0.011102039366960526,72286,0,,0,,,,,,,2.0899462029337883,,,349.9087264828783,204173,1,0,0.13000274077057838,65.9185700416565,36,0.2943307163644073,,,493,0.5964912176132202,0.1256091445684433,0.3679463267326355,318.328125,0.0004159188921343799,0.7142857313156128,0.640625,7,145.87589887529612,-0.01222912035882473,0.04257244341159387,0.3679463267326355,,0.007894450798630714,145.87589887529612,,1.20761239528656,,,,0.5964912176132202,1,1,2.019492469727993,,0.15188925804475176,0,1,275,1,7,0.4580301344394684,0,0.007894450798630714,0.640625,51059,,1,,,2871.875,,,,64,,,10537.119062683,,0.640625,0,0.127522274851799,10359,,0.0
37,8,0.109375,1,0.009098990187284568,-0.022617539390921593,1.9563686847686768,0,33754,1.20761239528656,,0.07528847455978394,-0.022617539390921593,,0.734375,56,56,646,-0.03104856051504612,0.001,0.015625,0.0028036052826792,,1.0094560533277896,8.383271913975477,0,,0,0.3035714285714286,0.23683850467205048,76151,,57542.0,0.09528300911188126,,-2.4748666286468506,0,8,-0.05408093146979809,44,1,1,0.002503722906112671,,262.2670707702637,,0.7154748439788818,,211.29934108257294,,1767971101.3554144,0.4464285671710968,8,97.23046875,,-2.4748666286468506,1,,,1e-06,57482,-0.012912331148982048,42397,0,,0,,,,,,,2.5059548169374466,,,256.2599798607312,230168,0,0,0.1446983478963375,65.9185700416565,37,0.25190599963689075,,,550,0.6964285969734192,0.11073476821184158,0.33785930275917053,325.75,0.00041397157342411305,0.75,0.734375,8,224.54540124163032,-0.008485965430736542,0.03642240413078915,0.33785930275917053,,0.011293713003396988,224.54540124163032,,1.20761239528656,,,,0.6964285969734192,1,1,2.094296373426914,,0.17942704343226157,0,1,275,1,8,0.43593695759773254,0,0.011293713003396988,0.734375,57646,,1,,,3270.625,,,,64,,,10816.466332851,,0.734375,0,0.11329982429742813,12625,,-0.04116860032081604
38,7,0.109375,1,0.007737239650989545,-0.02334708906710148,3.1016194820404053,0,43930,1.6201815605163574,,0.11699827015399933,-0.02334708906710148,,0.515625,57,57,476,-0.029518892988562584,0.001,0.015625,0.002325507579371333,,0.9637297095633935,9.595489129424095,0,,0,0.5102040816326531,0.18763014674186707,137439,,74733.75,0.09508710727095604,,-1.6201815605163574,0,7,0.04444419592618942,30,1,1,0.0013298876583576202,,262.54395294189453,,1.1266041994094849,,264.65559792146087,,1767971380.7331681,0.3333333432674408,7,97.23046875,,-1.6201815605163574,1,,,1e-06,74728,0.04444419592618942,93509,0,,0,,,,,,,2.490801580250263,,,267.5447093461658,298935,1,0,0.15759996697306633,65.9185700416565,38,0.32268139389473266,,,546,0.45614033937454224,0.09021756798028946,0.3453010022640228,379.984375,0.00031808623035427784,0.8571428656578064,0.515625,7,279.3318177834153,-0.01553621981292963,0.03209891491268702,0.3453010022640228,,0.005338363349437714,279.3318177834153,,1.6201815605163574,,,,0.45614033937454224,1,1,2.3129317350685596,,0.21316397044768956,0,1,275,1,7,0.3911423981189728,0,0.005338363349437714,0.515625,74740,,1,,,4290.875,,,,64,,,11123.658495414,,0.515625,0,0.09157930314540863,9304,,0.0
39,7,0.109375,1,0.007744900934152228,-0.015299661085009575,2.51669979095459,0,70399,2.4748666286468506,,0.11501061171293259,-0.015299661085009575,,0.359375,57,57,761,-0.02709534950554371,0.001,0.015625,0.004156383220106363,,0.7814058526925778,12.696004215627909,0,,0,0.673469387755102,0.6228046417236328,115597,,98105.5,0.09144911542534828,,-1.6201815605163574,0,7,-0.32091248966753483,17,1,1,0.0031435564160346985,,262.806884765625,,1.4262546300888062,,287.96524764597416,,1767971687.9277766,0.28070175647735596,7,97.23046875,,-1.6201815605163574,1,,,1e-06,98092,-0.019624972715973854,45198,0,,0,,,,,,,3.210480708628893,,,319.3702583993649,392422,1,0,0.15748713910579681,65.9185700416565,39,0.237998036524298,,,495,0.28070175647735596,0.08543478697538376,0.3207513988018036,373.4375,0.0002330376875540828,1.0,0.359375,7,307.1842083595693,-0.013094916008412838,0.03235293692919334,0.3207513988018036,,0.008116204291582108,307.1842083595693,,2.4748666286468506,,,,0.28070175647735596,1,1,3.0392695143818855,,0.21420980579357646,0,1,275,1,7,0.37225520610809326,0,0.008116204291582108,0.359375,98119,,1,,,5758.15625,,,,64,,,11589.164565329,,0.359375,0,0.08734466880559921,10749,,-0.301287516951561
40,8,0.109375,1,0.01176830144956165,-0.17762425541877747,2.643026113510132,0,43741,1.6201815605163574,,0.07111212611198425,-0.17762425541877747,,0.6875,56,56,454,-0.18463890254497528,0.001,0.015625,0.0011620260775089264,,2.005420488808239,12.139991849660873,0,,0,0.3571428571428571,0.6872504353523254,87960,,61159.25,0.13191769272089005,,-2.4748666286468506,0,8,0.03497029282152653,41,1,1,0.0027938969433307648,,263.4131164550781,,0.7688179016113281,,447.0363028421998,,1767972153.4338462,0.3928571343421936,8,97.23046875,,-2.4748666286468506,1,,,1e-06,58901,0.03497029282152653,44219,0,,0,,,,,,,3.0711151622235775,,,131.38657920549736,244637,0,0,0.20116421952843666,75.69169425964355,40,0.30304576336566325,,,472,0.6428571343421936,0.10833302140235901,0.3250824809074402,339.421875,0.0005392385155184623,0.75,0.6875,8,465.49084670469165,-0.05218366160988808,0.049624512439495554,0.3250824809074402,,0.00735709723085165,465.49084670469165,,1.6201815605163574,,,,0.6428571343421936,1,1,2.8789619617164135,,0.13919916524329043,0,1,275,1,8,0.4170088469982147,0,0.00735709723085165,0.6875,67895,,1,,,3483.03125,,,,64,,,11881.03164675,,0.6875,0,0.10992767661809921,21580,,0.0
41,8,0.109375,1,0.007857735092868957,-0.02136910893023014,3.5455987453460693,0,63611,2.4748666286468506,,0.1400519609451294,-0.02136910893023014,,0.40625,56,56,647,-0.035067640244960785,0.001,0.015625,0.005253433715552092,,0.8497021782308123,11.455585222691298,0,,0,0.6785714285714286,0.2551456689834595,117029,,86455.75,0.10300702229142189,,-1.20761239528656,0,8,0.09610406309366226,23,1,1,0.0013009719550609589,,263.44694900512695,,1.2746022939682007,,274.4189657792449,,1767972445.3008661,0.3214285671710968,8,97.23046875,,-1.20761239528656,1,,,1e-06,86454,0.2367214784026146,53418,0,,0,,,,,,,2.9944717288017273,,,296.22782108939725,345823,0,0,0.14735383167862892,75.69169425964355,41,0.19884872724392935,,,470,0.3214285671710968,0.08793984353542328,0.39896509051322937,357.25,0.0002978605306512924,1.0,0.40625,8,291.85560519620776,-0.024984175339341164,0.033125573552630384,0.39896509051322937,,0.010459532029926777,291.85560519620776,,2.4748666286468506,,,,0.3214285671710968,1,1,2.717385523021221,,0.20489297598964637,0,1,275,1,8,0.3757654130458832,0,0.010459532029926777,0.40625,86458,,1,,,5046.234375,,,,64,,,12183.128167331,,0.40625,0,0.09119302779436111,9577,,-0.14061741530895233
42,7,0.109375,1,0.007176799269962613,-0.01298881322145462,1.7167519330978394,0,16006,2.4748666286468506,,0.10688459128141403,-0.01298881322145462,,0.453125,57,57,450,-0.023003077134490013,0.001,0.015625,0.0025092780124396086,,0.9119240001493192,10.531133700162172,0,,0,0.5918367346938777,0.43063026666641235,121515,,84110.25,0.09867452830076218,,-1.20761239528656,0,7,-0.03505552560091019,25,1,1,0.0016904398798942566,,263.9141159057617,,1.6268366575241089,,286.05414421483874,,1767972747.397384,0.14035087823867798,7,97.23046875,,-1.20761239528656,1,,,1e-06,84104,0.19761765748262405,105509,0,,0,,,,,,,2.8048306703567505,,,278.4377264473411,336441,1,0,0.15438921004533768,75.69169425964355,42,0.41424047204458037,,,494,0.38596490025520325,0.08627117425203323,0.3585386276245117,355.609375,0.00029328924923169937,0.7142857313156128,0.453125,7,302.0792156048119,-0.014247303828597069,0.031301576502751366,0.3585386276245117,,0.006069841329008341,302.0792156048119,,2.4748666286468506,,,,0.38596490025520325,1,1,2.4145695231854916,,0.22465524530786235,0,1,275,1,7,0.3764592111110687,0,0.006069841329008341,0.453125,84123,,1,,,4901.28125,,,,64,,,12446.154266562,,0.453125,0,0.0879238024353981,11362,,-0.23267318308353424
43,8,0.109375,1,0.009599815772623267,-0.037827275693416595,2.8874428272247314,0,47253,1.6201815605163574,,0.08959271013736725,-0.037827275693416595,,0.625,56,56,827,-0.043468084186315536,0.001,0.015625,0.00242682546377182,,1.0138935565440248,10.781762789934874,0,,0,0.4285714285714286,0.5663525462150574,101317,,66275.25,0.09642509371042252,,-2.4748666286468506,0,8,0.16587106697261333,36,1,1,0.0019843056797981262,,264.14404296875,,0.7611567974090576,,246.73099698498845,,1767973010.4234834,0.5714285969734192,8,97.23046875,,-2.4748666286468506,1,,,1e-06,66268,0.21901951171457767,54064,0,,0,,,,,,,2.685644332319498,,,251.98625581628605,265101,0,0,0.1535969190299511,75.69169425964355,43,0.20203050891044216,,,467,0.5714285969734192,0.09845512360334396,0.32243144512176514,339.859375,0.00036372964911645945,1.0,0.625,8,263.0113685578108,-0.01735922135412693,0.04067039652787003,0.32243144512176514,,0.007010478526353836,263.0113685578108,,1.6201815605163574,,,,0.5714285969734192,1,1,2.5449207611382008,,0.1638394969422733,0,1,275,1,8,0.4043320119380951,0,0.007010478526353836,0.625,66281,,1,,,3802.34375,,,,64,,,12748.254733877,,0.625,0,0.10002530366182327,10517,,-0.05314844474196434
44,8,0.109375,1,0.007519798915534175,-0.025357550010085106,2.4090731143951416,0,80464,2.4748666286468506,,0.14088702201843262,-0.025357550010085106,,0.34375,56,56,1504,-0.0367751307785511,0.001,0.015625,0.003842831589281559,,0.7813373825180325,12.404547568410635,0,,0,0.75,0.30365079641342163,119951,,96632.5,0.10797516629099846,,-1.20761239528656,0,8,0.2910345420241356,18,1,1,0.004072126001119614,,264.28984451293945,,1.3645377159118652,,283.27621204406023,,1767973312.522925,0.25,8,97.23046875,,-1.20761239528656,1,,,1e-06,96611,0.33220314234495163,39487,0,,0,,,,,,,3.1950430050492287,,,319.88357107248675,386530,0,0,0.1699296273291111,75.69169425964355,44,0.17127969726116857,,,546,0.25,0.09056998044252396,0.3278595507144928,374.640625,0.00027934485367500184,1.0,0.34375,8,302.08647376298904,-0.024395762011408806,0.03209206935661044,0.3278595507144928,,0.008147774264216423,302.08647376298904,,2.4748666286468506,,,,0.25,1,1,2.9066278748214245,,0.21367401390052299,0,1,275,1,8,0.38303259015083313,0,0.008147774264216423,0.34375,96641,,1,,,5664.890625,,,,64,,,13019.821185372,,0.34375,0,0.09250336140394211,11465,,-0.04116860032081604
45,8,0.109375,1,0.009238820958025277,-0.04183041304349899,2.831115245819092,0,44261,2.4748666286468506,,0.1352079063653946,-0.04183041304349899,,0.484375,56,56,582,-0.052383020520210266,0.001,0.015625,0.0035160647239536047,,0.8581366261918468,12.19942095503211,0,,0,0.5892857142857143,0.35162314772605896,107867,,79130.0,0.096299909055233,,-2.4748666286468506,0,8,-0.12687558121979237,28,1,1,0.003119122236967087,,264.5121879577637,,1.0595712661743164,,253.00613777339458,,1767973584.0903752,0.4107142984867096,8,97.23046875,,-2.4748666286468506,1,,,1e-06,79124,0.22297358326613903,63606,0,,0,,,,,,,3.132330819964409,,,291.39834087156794,316520,0,0,0.17299654707312584,75.69169425964355,45,0.30670650066638694,,,494,0.4107142984867096,0.0917990654706955,0.4211871325969696,338.875,0.00030424588984971884,1.0,0.484375,8,271.5526785887778,-0.02422865852713585,0.038542338414735595,0.4211871325969696,,0.009490150026977062,271.5526785887778,,2.4748666286468506,,,,0.4107142984867096,1,1,2.924271609634161,,0.17910111319012909,0,1,275,1,8,0.3820837438106537,0,0.009490150026977062,0.484375,79134,,1,,,4606.75,,,,64,,,13304.365262218,,0.484375,0,0.09492500871419907,11940,,-0.3498491644859314
46,8,0.109375,1,0.009139988296343545,-0.029369719326496124,2.373382329940796,0,53352,2.4748666286468506,,0.13483962416648865,-0.029369719326496124,,0.53125,56,56,750,-0.040178630501031876,0.001,0.015625,0.0028114751912653446,,0.9869968807478594,11.605177771300077,0,,0,0.5357142857142857,0.27379438281059265,117334,,73889.75,0.1016598604619503,,-2.4748666286468506,0,8,0.002967158332467079,30,1,1,0.0016086101531982422,,264.939395904541,,1.1715925931930542,,267.1109658367932,,1767973868.6343615,0.4642857015132904,8,97.23046875,,-2.4748666286468506,1,,,1e-06,72596,0.10226676240563393,63982,0,,0,,,,,,,2.806275200098753,,,259.69048982682665,295559,0,0,0.1830940879881382,75.69169425964355,46,0.2743266338524503,,,735,0.4642857015132904,0.09727033227682114,0.28698647022247314,389.515625,0.00034395792536160395,1.0,0.53125,8,284.530057489872,-0.02504739537835121,0.03926518147408835,0.28698647022247314,,0.008919927291572094,284.530057489872,,2.4748666286468506,,,,0.4642857015132904,1,1,2.7014058008790016,,0.17324287265491556,0,1,275,1,8,0.4030463695526123,0,0.008919927291572094,0.53125,74800,,1,,,4228.59375,,,,64,,,13680.267419531,,0.53125,0,0.09896257519721985,12681,,-0.09929960407316685
47,8,0.109375,1,0.007974966722368838,-0.02124493382871151,2.1245129108428955,0,60195,2.4748666286468506,,0.11373497545719147,-0.02124493382871151,,0.453125,56,56,478,-0.03256203979253769,0.001,0.015625,0.0027564431075006723,,1.0351428105718437,12.380774192512035,0,,0,0.625,0.26709404587745667,126453,,92308.0,0.1048557348549366,,-1.6201815605163574,0,8,-0.21042933501303196,22,1,1,0.0024548619985580444,,265.5615692138672,,1.651879906654358,,356.9824550822377,,1767974244.536694,0.25,8,97.23046875,,-1.6201815605163574,1,,,1e-06,92301,0.07080552540719509,66258,0,,0,,,,,,,3.265152584761381,,,245.57371244563038,369232,0,0,0.18303228914737701,75.69169425964355,47,0.326839378887913,,,712,0.375,0.08230237662792206,0.2810867130756378,380.765625,0.000283983335287669,0.875,0.453125,8,375.88713824748993,-0.021716153249144554,0.03353115166754787,0.2810867130756378,,0.006718609947711229,375.88713824748993,,2.4748666286468506,,,,0.375,1,1,2.9446129128336906,,0.21261959556470986,0,1,275,1,8,0.37250837683677673,0,0.006718609947711229,0.453125,92313,,1,,,5388.484375,,,,64,,,13893.460430675,,0.453125,0,0.08363793790340424,12422,,-0.28123486042022705
48,8,0.109375,1,0.00795355812444773,-0.0284240934997797,2.028658866882324,0,45858,2.4748666286468506,,0.09759487956762314,-0.0284240934997797,,0.53125,56,56,575,-0.03856736421585083,0.001,0.015625,0.0033690626733005047,,0.6964329753726187,10.352074652910233,0,,0,0.5357142857142858,0.9076991677284241,120944,,76711.75,0.09587185457348824,,-1.6201815605163574,0,8,0.1505399327725172,29,1,1,0.0020812340080738068,,265.7959175109863,,1.2139530181884766,,197.53624913468957,,1767974457.7295895,0.3392857015132904,8,97.23046875,,-1.6201815605163574,1,,,1e-06,76708,0.1505399327725172,75086,0,,0,,,,,,,2.5789399333298206,,,359.8425357411081,306847,0,0,0.14961573481559753,75.69169425964355,48,0.30093392047058426,,,560,0.4642857015132904,0.08984871208667755,0.32980358600616455,362.609375,0.00031244188332780906,0.875,0.53125,8,213.18144015967846,-0.021060746163129807,0.033736926392991404,0.32980358600616455,,0.008098294027149677,213.18144015967846,,2.4748666286468506,,,,0.4642857015132904,1,1,2.4405254498124123,,0.2033690490290215,0,1,275,1,8,0.3832620680332184,0,0.008098294027149677,0.53125,76719,,1,,,4431.875,,,,64,,,14242.021622627,,0.53125,0,0.09179194271564484,10093,,0.0
49,7,0.109375,1,0.008805600065088792,-0.019146814942359924,2.0947482585906982,0,55392,2.4748666286468506,,0.08844415098428726,-0.019146814942359924,,0.546875,57,57,458,-0.029034562408924103,0.001,0.015625,0.0025217600632458925,,1.190294054835433,11.643448375165462,0,,0,0.4285714285714285,0.3773209750652313,95414,,75588.0,0.12980804964900017,,-1.6201815605163574,0,7,0.14479449577629566,31,1,1,0.004723735153675079,,265.9789009094238,,1.2887848615646362,,330.9231725372374,,1767974806.2907465,0.3684210479259491,7,97.23046875,,-1.6201815605163574,1,,,1e-06,75579,0.22862818837165833,40022,0,,0,,,,,,,2.9639519937336445,,,216.8654771743256,302352,1,0,0.18050814047455788,75.69169425964355,49,0.29574238257529467,,,696,0.4912280738353729,0.09688323736190796,0.37880977988243103,380.21875,0.0004293275706759015,0.8571428656578064,0.546875,7,348.54786932840943,-0.013300076127052307,0.03850957948075575,0.37880977988243103,,0.007503111381083727,348.54786932840943,,2.4748666286468506,,,,0.4912280738353729,1,1,2.6623907908797264,,0.17904482569157065,0,1,275,1,7,0.40048733353614807,0,0.007503111381083727,0.546875,75594,,1,,,4344.03125,,,,64,,,18032.196759571,,0.546875,0,0.09899856895208359,12229,,-0.08383369259536266
50,8,0.109375,1,0.013842180700327104,-0.05406631529331207,1.985468864440918,0,19193,0.935412585735321,0.574468085106383,0.05671015381813049,-0.05406631529331207,0.0,0.8125,56,56,473,-0.06133318319916725,0.001,0.015625,0.00393289141356945,1.0,0.7845300115283866,8.658395443111658,0,1.0,0,0.2142857142857143,0.5123991370201111,53431,0.0,36840.5,0.07909128814935684,0.0,-2.4748666286468506,0,8,0.04118530638515949,52,1,1,0.0015735067427158356,0.23710933280618368,266.1241683959961,0.0,0.4158129096031189,0.2576372350948267,100.75875844061375,0.009,1767978596.4658036,0.4107142984867096,8,97.23046875,0.16666666666666666,-2.4748666286468506,1,0.27453333333333335,0.0,1e-06,36837,0.04118530638515949,34238,0,0.0,0,0.35355339059327373,0.0,0.0,0.16666666666666666,0.087,1.0,2.3662576265633106,0.20940048535193334,0.0,9.720095240445403,147362,0,0,0.09659284353256226,75.69169425964355,50,0.21428571428571427,0.554,0.09444045743218316,318,0.7857142686843872,0.1505793333053589,0.40722596645355225,295.78125,0.0005367142692780828,0.625,0.8125,8,3790.137759834528,-0.013954573310911655,0.05875595773070166,0.40722596645355225,0.965,0.015229849144816399,3790.137759834528,0.28183505814571763,0.935412585735321,0.5833333333333333,1.0,3676.121510863304,0.7857142686843872,1,1,2.039811432361603,0.840875,0.10656745274701604,0,1,275,1,8,0.5081934928894043,0,0.015229849144816399,0.8125,36843,0.0,1,0.0,0.1837797594948911,2006.75,0.4944234058988191,0.0,0.27352316746071464,64,0.34650000000000003,1.0,18327.321276427,0.44285714285714284,0.8125,0,0.1544879972934723,7453,0.0,0.0
51,8,0.109375,1,0.011473075774519618,-0.07847150415182114,2.302767515182495,0,43250,1.20761239528656,,0.07036639004945755,-0.07847150415182114,,0.703125,56,56,467,-0.08548399060964584,0.001,0.015625,0.0019418266601860523,,1.4435474787148193,10.169982962310314,0,,0,0.3392857142857143,0.45284879207611084,66345,,53475.0,0.10170663520693779,,-2.4748666286468506,0,8,-0.06944025307893753,43,1,1,0.003178216516971588,,267.49645614624023,,0.6088418364524841,,279.42748545482755,,1767978891.5905247,0.4107142984867096,8,97.23046875,,-2.4748666286468506,1,,,1e-06,52373,-0.0008259117603302002,23095,0,,0,,,,,,,2.7793441228568554,,,181.203952237965,213900,0,0,0.14574101194739342,75.69169425964355,51,0.24679062430509383,,,396,0.6607142686843872,0.1348322629928589,0.35118338465690613,317.65625,0.0004754868406121449,0.75,0.703125,8,295.10945726931095,-0.027538347989320755,0.047545502395092636,0.35118338465690613,,0.010099705308675766,295.10945726931095,,1.20761239528656,,,,0.6607142686843872,1,1,2.4540909081697464,,0.13879077959974462,0,1,275,1,8,0.4746900200843811,0,0.010099705308675766,0.703125,56738,,1,,,3024.53125,,,,64,,,18649.626928213,,0.703125,0,0.1370173543691635,15335,,-0.06861434131860733
52,8,0.109375,1,0.008009134671737311,-0.06358963996171951,1.901534080505371,0,64062,2.4748666286468506,,0.10770853608846664,-0.06358963996171951,,0.546875,56,56,669,-0.07357145100831985,0.001,0.015625,0.0024777124635875225,,1.0013540797845657,11.206391550600529,0,,0,0.5178571428571428,0.44587603211402893,120459,,82437.25,0.10415035858750343,,-2.4748666286468506,0,8,-0.2372590620070696,29,1,1,0.003780227154493332,,267.8109931945801,,1.1396355628967285,,305.2397600784898,,1767979213.8961217,0.4821428656578064,8,97.23046875,,-2.4748666286468506,1,,,1e-06,82261,-0.04349320940673351,56397,0,,0,,,,,,,2.8574243523180485,,,255.80179023150214,329749,0,0,0.19281190633773804,75.69169425964355,52,0.27606472917393404,,,546,0.4821428656578064,0.11144917458295822,0.3432158827781677,389.40625,0.000315847382668343,1.0,0.546875,8,322.27002760767937,-0.037409842014312744,0.03398461117577469,0.3432158827781677,,0.008227617479860783,322.27002760767937,,2.4748666286468506,,,,0.4821428656578064,1,1,2.6410041488707066,,0.20196462528963927,0,1,275,1,8,0.43439632654190063,0,0.008227617479860783,0.546875,82931,,1,,,4762.921875,,,,64,,,18913.063341742,,0.546875,0,0.11335606127977371,15270,,-0.19376585260033607
53,8,0.109375,1,0.01021702610130752,-0.03253383934497833,2.201741933822632,0,31588,2.4748666286468506,,0.1102660596370697,-0.03253383934497833,,0.625,56,56,456,-0.0484745129942894,0.001,0.015625,0.0034145524259656668,,0.9422483306255748,11.688636738806963,0,,0,0.4285714285714286,0.2654675841331482,92299,,70764.25,0.1125246211886406,,-2.4748666286468506,0,8,-0.17148620076477528,34,1,1,0.0016530044376850128,,268.05276107788086,,1.1938294172286987,,245.4104622080922,,1767979477.3324516,0.3214285671710968,8,97.23046875,,-2.4748666286468506,1,,,1e-06,70761,0.07891416363418102,60711,0,,0,,,,,,,3.095660764724016,,,268.6382177190575,283057,0,0,0.19412342086434364,75.69169425964355,53,0.3642156795423418,,,711,0.5714285969734192,0.1040974035859108,0.40267041325569153,353.203125,0.0003975334338618744,0.75,0.625,8,263.4184018969536,-0.020974140614271164,0.041294286093638256,0.40267041325569153,,0.012831538915634155,263.4184018969536,,2.4748666286468506,,,,0.5714285969734192,1,1,2.8920007571578026,,0.16794061762083967,0,1,275,1,8,0.42154449224472046,0,0.012831538915634155,0.625,70770,,1,,,4069.5625,,,,64,,,19277.841949991,,0.625,0,0.1079285591840744,14582,,-0.2504003643989563
54,8,0.109375,1,0.008676976217972416,-0.057459067553281784,2.380000114440918,0,40817,1.6201815605163574,,0.10435754805803299,-0.057459067553281784,,0.5,56,56,736,-0.06631091982126236,0.001,0.015625,0.002596276579424739,,1.182660254027185,11.666906632483006,0,,0,0.5714285714285714,0.2731603682041168,100282,,78999.5,0.20094985514879227,,-2.4748666286468506,0,8,0.05828765407204628,28,1,1,0.004929691553115845,,268.3655548095703,,1.1798866987228394,,346.9842399097979,,1767979842.1112103,0.4285714328289032,8,97.23046875,,-2.4748666286468506,1,,,1e-06,78994,0.11143609508872032,59465,0,,0,,,,,,,2.9721444733440876,,,216.57772641224162,315998,0,0,0.1664617843925953,75.69169425964355,54,0.23690177073967142,,,494,0.4285714328289032,0.11621133238077164,0.31381869316101074,353.203125,0.0006359212879473676,1.0,0.5,8,364.76280967891216,-0.030896319076418877,0.03692082428522651,0.31381869316101074,,0.007103100419044495,364.76280967891216,,1.6201815605163574,,,,0.4285714328289032,1,1,2.7419071309268475,,0.18449790584043727,0,1,275,1,8,0.44626182317733765,0,0.007103100419044495,0.5,79009,,1,,,4584.265625,,,,64,,,19563.915490251,,0.5,0,0.11761494725942612,12048,,-0.05314844101667404
55,8,0.109375,1,0.008535954533321026,-0.021539190784096718,2.6402292251586914,0,62356,2.4748666286468506,,0.12021782994270325,-0.021539190784096718,,0.546875,56,56,440,-0.03844356909394264,0.001,0.015625,0.003364068455994129,,0.9452095638643679,11.172604154795408,0,,0,0.5178571428571429,0.3158721625804901,111524,,77119.0,0.10894358530640602,,-2.4748666286468506,0,8,0.10939370468258858,30,1,1,0.001831796020269394,,268.49536895751953,,1.614838719367981,,269.0104227140546,,1767980128.1847258,0.2321428507566452,8,97.23046875,,-2.4748666286468506,1,,,1e-06,77109,0.10939370468258858,49168,0,,0,,,,,,,2.9213937036693096,,,269.5911314099048,308476,0,0,0.17499861493706703,75.69169425964355,55,0.4161135784903944,,,694,0.4821428656578064,0.103999063372612,0.38391247391700745,373.0,0.00035316713555156974,0.75,0.546875,8,286.0591132827103,-0.02321324124932289,0.03621871443741299,0.38391247391700745,,0.010224733501672745,286.0591132827103,,2.4748666286468506,,,,0.4821428656578064,1,1,2.633137110620737,,0.1924894363276142,0,1,275,1,8,0.4213770925998688,0,0.010224733501672745,0.546875,77135,,1,,,4446.9375,,,,64,,,19923.417468533,,0.546875,0,0.10686111450195312,12822,,0.0
56,8,0.109375,1,0.008392399766608062,-0.04191922768950462,1.8144385814666748,0,35707,2.4748666286468506,,0.1547030657529831,-0.04191922768950462,,0.46875,56,56,529,-0.05396908149123192,0.001,0.015625,0.003409133292734623,,1.041007078793471,12.52877826616168,0,,0,0.6071428571428572,0.2639550268650055,116518,,87777.5,0.11081485450267792,,-2.4748666286468506,0,8,0.18033967167139053,27,1,1,0.00609748438000679,,268.8459243774414,,1.2965770959854126,,340.4603241123259,,1767980487.686713,0.2678571343421936,8,97.23046875,,-2.4748666286468506,1,,,1e-06,87765,0.18033967167139053,80811,0,,0,,,,,,,3.229280948638916,,,244.17373140620316,351110,0,0,0.17221609875559807,75.69169425964355,56,0.38299304624155744,,,733,0.3928571343421936,0.09570188075304031,0.4265976846218109,375.953125,0.0003156129261561275,0.875,0.46875,8,359.48789206147194,-0.03437243774533272,0.03568334216103694,0.4265976846218109,,0.008922210894525051,359.48789206147194,,2.4748666286468506,,,,0.3928571343421936,1,1,2.9466554820537567,,0.20455880918508101,0,1,275,1,8,0.40443187952041626,0,0.008922210894525051,0.46875,87797,,1,,,5110.140625,,,,64,,,20325.923305757,,0.46875,0,0.09865421056747437,12641,,0.0
57,8,0.109375,1,0.010639823387866227,-0.13231481611728668,2.368535041809082,0,56383,2.4748666286468506,,0.08399195969104767,-0.13231481611728668,,0.640625,56,56,566,-0.14019975066184998,0.001,0.015625,0.0014265627833083272,,1.4757276338754548,12.910739574581385,0,,0,0.4107142857142857,0.5355454087257385,86724,,70564.5,0.13867535814642906,,-2.4748666286468506,0,8,-0.14706587977707386,39,1,1,0.0024653561413288116,,269.1409721374512,,0.8743003606796265,,382.9705054499209,,1767980890.1924405,0.5892857313156128,8,97.23046875,,-2.4748666286468506,1,,,1e-06,68676,0.03472013585269451,30341,0,,0,,,,,,,3.2046954594552517,,,175.3212477346731,282258,0,0,0.2289392538368702,75.79829835891724,57,0.24156695104408363,,,512,0.5892857313156128,0.12271104007959366,0.3498082160949707,355.390625,0.0004913070954461133,1.0,0.640625,8,402.4868686012924,-0.04376152902841568,0.04574091637644065,0.3498082160949707,,0.007772250100970268,402.4868686012924,,2.4748666286468506,,,,0.5892857313156128,1,1,3.0031752698123455,,0.15138510678424194,0,1,275,1,8,0.45712438225746155,0,0.007772250100970268,0.640625,76122,,1,,,4054.890625,,,,64,,,20692.546017249,,0.640625,0,0.12447609007358551,21580,,-0.18178601562976837
58,7,0.109375,1,0.009522797859180936,-0.05701788514852524,2.040471076965332,0,55408,2.4748666286468506,,0.06751905381679535,-0.05701788514852524,,0.59375,57,57,558,-0.06100910156965256,0.001,0.015625,0.001802236307412386,,1.338257431488002,11.567438293248415,0,,0,0.38775510204081637,0.4732098877429962,85051,,70616.75,0.09196895360946655,,-1.6201815605163574,0,7,-0.21257221326231956,37,1,1,0.0031053051352500916,,269.6156806945801,,0.6881859302520752,,349.176790766418,,1767981256.8152728,0.42105263471603394,7,97.23046875,,-1.6201815605163574,1,,,1e-06,70615,-0.15120170265436172,29643,0,,0,,,,,,,2.902915358543396,,,192.62402161598092,282467,1,0,0.15353544801473618,75.79829835891724,58,0.27227885845155786,,,466,0.5438596606254578,0.12009283900260925,0.33961623907089233,336.6875,0.00032559185182505057,0.8571428656578064,0.59375,7,366.6040684208274,-0.025699688121676445,0.040951467935186815,0.33961623907089233,,0.005327323917299509,366.6040684208274,,2.4748666286468506,,,,0.5438596606254578,1,1,2.6898761428892612,,0.1635027299749428,0,1,275,1,7,0.4461430609226227,0,0.005327323917299509,0.59375,70619,,1,,,4076.859375,,,,64,,,21140.315778823,,0.59375,0,0.1212623193860054,11585,,-0.06137051060795784
59,8,0.109375,1,0.008162702979541902,-0.036776553839445114,1.8288383483886719,0,94128,1.6201815605163574,,0.11005254834890366,-0.036776553839445114,,0.359375,56,56,1042,-0.04411633685231209,0.001,0.015625,0.0016831452958285809,,0.9201721319252848,16.676721587777138,0,,0,0.7321428571428572,0.18603773415088654,141405,,121876.5,0.14566608890891075,,-1.6201815605163574,0,8,0.05739828385412693,16,1,1,0.004454575479030609,,270.1289405822754,,1.3595032691955566,,422.5007150620222,,1767981704.5849993,0.2678571343421936,8,97.23046875,,-1.6201815605163574,1,,,1e-06,121256,0.08808353915810585,47277,0,,0,,,,,,,4.154385466128588,,,272.1972069568395,487506,0,0,0.2546664848923683,76.05430126190186,59,0.19479843061849494,,,709,0.2678571343421936,0.08282677084207535,0.3112308979034424,443.0,0.00029879855613861316,1.0,0.359375,8,447.7507369108498,-0.029647601768374443,0.03420823864275955,0.3112308979034424,,0.005229182541370392,447.7507369108498,,1.6201815605163574,,,,0.2678571343421936,1,1,3.9793666787445545,,0.21603904530528328,0,1,275,1,8,0.3689875304698944,0,0.005229182541370392,0.359375,123650,,1,,,7174.28125,,,,64,,,21410.828600423,,0.359375,0,0.08402114361524582,21580,,-0.03068525530397892
60,7,0.125,1,0.008512663163735971,-0.04934650659561157,1.8979204893112183,0,36664,2.4748666286468506,,0.1822090893983841,-0.04934650659561157,,0.5,57,57,361,-0.06092619523406029,0.001,0.015625,0.00245561171323061,,1.0158524132397846,10.064983870834112,0,,0,0.5918367346938777,0.20257623493671417,97510,,68432.0,0.09777586162090302,,-2.4748666286468506,0,7,0.14689448103308678,29,1,1,0.002015087753534317,,270.1687927246094,,1.2594883441925049,,255.30301264300942,,1767981975.0978463,0.4385964870452881,7,97.23046875,,-2.4748666286468506,1,,,1e-06,67249,0.2187483347952366,60846,0,,0,,,,,,,2.518028646707535,,,252.9842834252736,273728,1,0,0.16030465811491013,76.05430126190186,60,0.2900544980316713,,,695,0.4385964870452881,0.12640514969825745,0.4169679582118988,350.140625,0.0003572008037939232,1.0,0.5,7,270.4990170672536,-0.03634129837155342,0.03677001940186649,0.4169679582118988,,0.008769731037318707,270.4990170672536,,2.4748666286468506,,,,0.4385964870452881,1,1,2.33015426248312,,0.18271289064272977,0,1,275,1,7,0.46111246943473816,0,0.008769731037318707,0.5,68844,,1,,,3926.859375,,,,64,,,21609.094027845,,0.5,0,0.12895329296588898,13329,,-0.07185385376214981
61,8,0.109375,1,0.007789437021581998,-0.04378769174218178,1.8038266897201538,0,56728,1.6201815605163574,,0.16061101853847504,-0.04378769174218178,,0.4375,56,56,457,-0.06132322922348976,0.001,0.015625,0.005558681208640337,,0.5849768580945414,10.799818996340036,0,,0,0.6428571428571428,0.35249051451683044,123870,,83059.0,0.09931647777557373,,-2.4748666286468506,0,8,-0.022646218538284302,24,1,1,0.004358142614364624,,270.1996192932129,,1.2150278091430664,,181.72481589764357,,1767982173.3632874,0.3571428656578064,8,97.23046875,,-2.4748666286468506,1,,,1e-06,83056,0.13802388310432434,67142,0,,0,,,,,,,2.8524539656937122,,,418.95578398880804,332236,0,0,0.15167629718780518,76.05430126190186,61,0.2142857142857143,,,560,0.3571428656578064,0.1219552606344223,0.44279423356056213,337.234375,0.00029893352248273436,1.0,0.4375,8,198.25242465734482,-0.04098394513130188,0.03250646828260645,0.44279423356056213,,0.013738801702857018,198.25242465734482,,1.6201815605163574,,,,0.3571428656578064,1,1,2.5879313983023167,,0.2106185637419296,0,1,275,1,8,0.45014333724975586,0,0.013738801702857018,0.4375,83063,,1,,,4853.953125,,,,64,,,21854.045024342,,0.4375,0,0.12636320292949677,11437,,-0.16067010164260864
62,8,0.109375,1,0.008396105272954783,-0.0306563563644886,1.7923252582550049,0,53943,1.6201815605163574,,0.1552184820175171,-0.0306563563644886,,0.5,56,56,426,-0.04644621163606644,0.001,0.015625,0.006084012798964977,,0.8767709346662633,10.102559208869934,0,,0,0.5714285714285714,0.2520446479320526,95377,,70524.0,0.1008889488875866,,-1.6201815605163574,0,8,0.04417868331074715,28,1,1,0.002872273325920105,,270.622745513916,,1.0637454986572266,,229.57019444927573,,1767982418.314223,0.4285714328289032,8,97.23046875,,-1.6201815605163574,1,,,1e-06,70520,0.11279302462935448,41434,0,,0,,,,,,,2.634169366210699,,,287.92394932983757,282096,0,0,0.1366550587117672,76.05430126190186,62,0.22587697572631282,,,469,0.4285714328289032,0.12699954211711884,0.45456230640411377,316.5625,0.0003576404801471364,1.0,0.5,8,244.93967995420098,-0.028791967779397964,0.03581248656085139,0.45456230640411377,,0.014222643338143826,244.93967995420098,,1.6201815605163574,,,,0.4285714328289032,1,1,2.3685077130794525,,0.18193612647345403,0,1,275,1,8,0.470597505569458,0,0.014222643338143826,0.5,70529,,1,,,4091.1875,,,,64,,,22129.716541696,,0.5,0,0.13165833055973053,9095,,-0.06861434131860733
63,8,0.109375,1,0.009154700929768495,-0.03773195669054985,1.9243900775909424,0,49966,1.6201815605163574,,0.07607445120811462,-0.03773195669054985,,0.65625,56,56,502,-0.0461796410381794,0.001,0.015625,0.0031075961887836456,,0.9621062979325476,11.556689631193876,0,,0,0.39285714285714285,0.6434475183486938,98696,,73291.25,0.10664086416363716,,-2.4748666286468506,0,8,-0.00969783216714859,39,1,1,0.0014655813574790955,,270.7469902038574,,1.0299721956253052,,258.23991353437304,,1767982693.9857721,0.4821428656578064,8,97.23046875,,-2.4748666286468506,1,,,1e-06,73278,0.11304318532347679,48730,0,,0,,,,,,,2.8987566269934177,,,265.8855376140054,293165,0,0,0.1411726474761963,76.05430126190186,63,0.29233402756687327,,,578,0.6071428656578064,0.09628696739673615,0.3437507748603821,386.78125,0.00036375714755730446,0.875,0.65625,8,275.649629753083,-0.02648976631462574,0.039420427510766555,0.3437507748603821,,0.007849901914596558,275.649629753083,,1.6201815605163574,,,,0.6071428656578064,1,1,2.6838378980755806,,0.1766033397206807,0,1,275,1,8,0.4062734544277191,0,0.007849901914596558,0.65625,73307,,1,,,4193.921875,,,,64,,,22376.885261956,,0.65625,0,0.0982295349240303,10016,,-0.12274101749062538
64,8,0.109375,1,0.01052094561312718,-0.04780026897788048,1.9713237285614014,0,20114,1.6201815605163574,,0.07832641899585724,-0.04780026897788048,,0.671875,56,56,433,-0.057663366198539734,0.001,0.015625,0.003869060194119811,,1.0327887257033896,10.727602120488882,0,,0,0.375,0.2024153470993042,99924,,61305.0,0.09236078709363937,,-2.4748666286468506,0,8,0.03724846988916397,40,1,1,0.0051011741161346436,,271.18173599243164,,0.699120283126831,,230.83964087069035,,1767982941.154527,0.5,8,97.23046875,,-2.4748666286468506,1,,,1e-06,61303,0.11048511229455471,79810,0,,0,,,,,,,2.745797637850046,,,248.04113653568146,245220,0,0,0.14336901530623436,76.05430126190186,64,0.2666640093405014,,,547,0.625,0.10905536264181137,0.38296428322792053,339.203125,0.00037664459299257554,0.875,0.671875,8,247.15658400952816,-0.023368719965219498,0.043746848219920406,0.38296428322792053,,0.013032916001975536,247.15658400952816,,1.6201815605163574,,,,0.625,1,1,2.579946283251047,,0.15515288341910222,0,1,275,1,8,0.4350295662879944,0,0.013032916001975536,0.671875,61308,,1,,,3492.359375,,,,64,,,22895.30953713,,0.671875,0,0.11262518912553787,11217,,-0.07323664240539074
65,8,0.109375,1,0.009470156131806308,-0.093206986784935,2.027716636657715,0,54735,1.6201815605163574,,0.0835537388920784,-0.093206986784935,,0.609375,56,56,531,-0.1015370711684227,0.001,0.015625,0.0018912540981546044,,1.7276648289476533,12.488604746758938,0,,0,0.44642857142857145,0.20299659669399261,88038,,78121.25,0.11928274482488632,,-1.6201815605163574,0,8,-0.026073437184095383,35,1,1,0.002927679568529129,,271.6428985595703,,0.9148602485656738,,499.388429466635,,1767983459.5787559,0.4285714328289032,8,97.23046875,,-1.6201815605163574,1,,,1e-06,77733,0.015095163136720657,33303,0,,0,,,,,,,3.2111800275743008,,,150.69495097131568,312485,0,0,0.2095639631152153,76.05430126190186,65,0.24156695104408366,,,693,0.5535714030265808,0.09650681167840958,0.36229297518730164,366.109375,0.00038172310614873134,0.875,0.609375,8,518.4065524190664,-0.03613065928220749,0.03996545353139811,0.36229297518730164,,0.008195700123906136,518.4065524190664,,1.6201815605163574,,,,0.5535714030265808,1,1,2.959281738847494,,0.1742882176466735,0,1,275,1,8,0.39836910367012024,0,0.008195700123906136,0.609375,78953,,1,,,4516.46875,,,,64,,,23124.313630221,,0.609375,0,0.0986851155757904,18879,,-0.04116860032081604
66,8,0.109375,1,0.008507803509968435,-0.0249312836676836,2.1063313484191895,0,47800,1.6201815605163574,,0.11357114464044571,-0.0249312836676836,,0.453125,56,56,513,-0.0336638018488884,0.001,0.015625,0.0030411991756409407,,0.6224792554021675,12.686529789119959,0,,0,0.625,0.25284913182258606,111639,,90251.75,0.10315661504864693,,-2.4748666286468506,0,8,0.08384555019438267,24,1,1,0.0025256946682929993,,271.9184112548828,,1.1688491106033325,,209.66782015934587,,1767983688.582781,0.375,8,97.23046875,,-2.4748666286468506,1,,,1e-06,90245,0.26460386626422405,63839,0,,0,,,,,,,3.2557781152427197,,,394.1353375744992,361007,0,0,0.17320582643151283,76.05430126190186,66,0.21354037041252497,,,549,0.375,0.08234479278326035,0.3559053838253021,377.8125,0.00028574685545888843,1.0,0.453125,8,228.98669922724366,-0.02040371671319008,0.03514206037312285,0.3559053838253021,,0.00726188812404871,228.98669922724366,,1.6201815605163574,,,,0.375,1,1,3.071376621723175,,0.20064940337834336,0,1,275,1,8,0.3729104697704315,0,0.00726188812404871,0.453125,90259,,1,,,5262.921875,,,,64,,,23426.061601235,,0.453125,0,0.08433134853839874,12018,,-0.18075831606984138
67,8,0.109375,1,0.0076477741668442055,-0.03158421441912651,1.777836799621582,0,36336,2.4748666286468506,,0.18795578181743622,-0.03158421441912651,,0.46875,56,56,521,-0.0527731291949749,0.001,0.015625,0.0040332661010324955,,1.0352891053665305,9.31408678367734,0,,0,0.6071428571428572,0.2105262130498886,108862,,74459.5,0.09972082823514938,,-1.6201815605163574,0,8,0.10239051282405853,25,1,1,0.0029729828238487244,,272.11957931518555,,1.6347821950912476,,287.3517382182181,,1767983990.330754,0.3928571343421936,8,97.23046875,,-1.6201815605163574,1,,,1e-06,74184,0.14355911314487457,72526,0,,0,,,,,,,2.502602905035019,,,246.77067133262946,297838,0,0,0.16346770152449608,76.05430126190186,67,0.2834733547569204,,,420,0.3928571343421936,0.10700720548629761,0.38818851113319397,316.890625,0.0003348156656811736,1.0,0.46875,8,301.7356138713658,-0.03003288246691227,0.03127232516897555,0.38818851113319397,,0.012555979192256927,301.7356138713658,,2.4748666286468506,,,,0.3928571343421936,1,1,2.2777977623045444,,0.21733074543818545,0,1,275,1,8,0.42108359932899475,0,0.012555979192256927,0.46875,75241,,1,,,4336.828125,,,,64,,,23763.988516166,,0.46875,0,0.11053772270679474,13081,,-0.04116860032081604
68,6,0.125,1,0.009172580683613362,-0.018406081944704056,1.7149378061294556,0,68654,1.6201815605163574,,0.06294955313205719,-0.018406081944704056,,0.546875,58,58,454,-0.02303503453731537,0.001,0.015625,0.0022610400337725878,,0.900665100522943,14.460651196539402,0,,0,0.38095238095238093,1.6297965049743652,121902,,94413.5,0.1056145541369915,,-2.4748666286468506,0,6,0.10391288623213768,32,1,1,0.003488779067993164,,272.20914459228516,,0.7842503190040588,,316.035277787596,,1767984328.257762,0.37931033968925476,6,97.23046875,,-2.4748666286468506,1,,,1e-06,94403,0.10391288623213768,53248,0,,0,,,,,,,3.639992382377386,,,279.4045236180655,377654,2,0,0.17784396559000015,76.05430126190186,68,0.28171808490950556,,,733,0.5,0.06815218180418015,0.337377667427063,418.171875,0.00027965956705606587,0.8333333134651184,0.546875,6,337.9097044579685,-0.013328101485967636,0.03829074019218492,0.337377667427063,,0.005733974277973175,337.9097044579685,,1.6201815605163574,,,,0.5,1,1,3.4640617854893208,,0.19174162168331849,0,1,275,1,6,0.33442720770835876,0,0.005733974277973175,0.546875,94420,,1,,,5482.671875,,,,64,,,24127.913866219,,0.546875,0,0.06969591975212097,13171,,0.0
69,8,0.109375,1,0.008092179796541673,-0.02241770550608635,1.9760042428970337,0,49105,2.4748666286468506,,0.18052701652050018,-0.02241770550608635,,0.421875,56,56,564,-0.03708919137716293,0.001,0.015625,0.0053514763712882996,,1.2460014987665131,10.525754526257515,0,,0,0.6607142857142858,0.4688892960548401,118422,,75072.25,0.0858776904642582,,-1.6201815605163574,0,8,-0.05817408673465252,19,1,1,0.001903880387544632,,272.3837432861328,,1.2837566137313843,,348.0792406909168,,1767984692.18311,0.3392857015132904,8,97.23046875,,-1.6201815605163574,1,,,1e-06,75068,0.010440254583954811,69317,0,,0,,,,,,,2.6345620825886726,,,206.29043313164493,300289,0,0,0.139831330627203,76.05430126190186,69,0.236227795630767,,,474,0.3392857015132904,0.10653001070022583,0.4241812229156494,327.0625,0.00028598347080398615,1.0,0.421875,8,363.9153249152005,-0.027324048802256584,0.03505208158226746,0.4241812229156494,,0.011107650585472584,363.9153249152005,,2.4748666286468506,,,,0.3392857015132904,1,1,2.4299925789237022,,0.19171819737025741,0,1,275,1,8,0.4272846579551697,0,0.011107650585472584,0.421875,75081,,1,,,4364.953125,,,,64,,,24490.295821812,,0.421875,0,0.11005838215351105,8586,,-0.06861434131860733
70,8,0.109375,1,0.00811225512054024,-0.01708897389471531,2.0043890476226807,0,75421,2.4748666286468506,,0.1066964715719223,-0.01708897389471531,,0.453125,56,56,479,-0.025223860517144203,0.001,0.015625,0.003406208474189043,,0.9419822643279728,13.345027036964893,0,,0,0.625,0.4551675319671631,122958,,97468.0,0.09430617839097977,,-2.4748666286468506,0,8,-0.16025775484740734,23,1,1,0.0014866180717945099,,273.01261138916016,,1.260113000869751,,342.1741155348718,,1767985054.565021,0.375,8,97.23046875,,-2.4748666286468506,1,,,1e-06,97466,0.048974016681313515,47537,0,,0,,,,,,,3.4138087779283524,,,268.97410195863483,389872,0,0,0.15842758119106293,76.05430126190186,70,0.25691954589175287,,,560,0.375,0.06723032891750336,0.3675578534603119,415.984375,0.0002418901033954215,1.0,0.453125,8,362.36945969983935,-0.014752117916941643,0.03422925225962596,0.3675578534603119,,0.0063289920799434185,362.36945969983935,,2.4748666286468506,,,,0.375,1,1,3.1627411283552647,,0.2061096177588281,0,1,275,1,8,0.3371905982494354,0,0.0063289920799434185,0.453125,97472,,1,,,5675.765625,,,,64,,,24812.856856082,,0.453125,0,0.06913109123706818,9986,,-0.20923177152872086
71,8,0.109375,1,0.009525891201509281,-0.021404258906841278,2.465294361114502,0,54882,1.6201815605163574,,0.10901735723018646,-0.021404258906841278,,0.546875,56,56,506,-0.02939831279218197,0.001,0.015625,0.0024663095828145742,,1.0146370484759315,12.97814554348588,0,,0,0.5178571428571428,0.6454318761825562,99720,,81134.25,0.10256807506084442,,-2.4748666286468506,0,8,0.03391790948808193,32,1,1,0.002007771283388138,,273.46538162231445,,1.014973521232605,,302.7575488947332,,1767985377.1260312,0.4821428656578064,8,97.23046875,,-2.4748666286468506,1,,,1e-06,81128,0.10253225080668926,44838,0,,0,,,,,,,3.415470454841852,,,251.54212160274713,324537,0,0,0.1677110306918621,76.05430126190186,71,0.27606472917393404,,,709,0.4821428656578064,0.07665933668613434,0.3595053553581238,408.546875,0.0003160443187089436,1.0,0.546875,8,322.5473709255457,-0.011814197525382042,0.039989725496587074,0.3595053553581238,,0.007654412183910608,322.5473709255457,,1.6201815605163574,,,,0.4821428656578064,1,1,3.0915041528642178,,0.17671908291508315,0,1,275,1,8,0.3657968044281006,0,0.007654412183910608,0.546875,81142,,1,,,4662.34375,,,,64,,,25182.945669734,,0.546875,0,0.07882434874773026,13761,,-0.06861434131860733
72,8,0.109375,1,0.00986500835134356,-0.04152119159698486,2.288411855697632,0,22655,2.4748666286468506,,0.09833040088415146,-0.04152119159698486,,0.59375,56,56,396,-0.05396634712815285,0.001,0.015625,0.001999025698751211,,1.2922029526698144,11.600027952343225,0,,0,0.4642857142857143,0.1909804493188858,137168,,73933.25,0.11601703986525536,,-2.4748666286468506,0,8,-0.08531957678496838,35,1,1,0.0040748231112957,,273.8316650390625,,1.5003671646118164,,352.3126740306616,,1767985747.2149217,0.5357142686843872,8,97.23046875,,-2.4748666286468506,1,,,1e-06,73396,-0.054634321480989456,114513,0,,0,,,,,,,2.923520904034376,,,199.77891568257363,295733,0,0,0.17785551026463509,76.05430126190186,72,0.34809979802889157,,,492,0.5357142686843872,0.07944713532924652,0.2848098874092102,360.75,0.00039230332720817547,1.0,0.59375,8,370.075339268893,-0.02172347903251648,0.03922466533103585,0.2848098874092102,,0.008006748743355274,370.075339268893,,2.4748666286468506,,,,0.5357142686843872,1,1,2.917408514767885,,0.18046152254100706,0,1,275,1,8,0.36669933795928955,0,0.008006748743355274,0.59375,75522,,1,,,4260.078125,,,,64,,,25456.74140283,,0.59375,0,0.08109141886234283,16571,,-0.03068525530397892
73,8,0.109375,1,0.008195450526581358,-0.009870722889900208,1.7838515043258667,0,59366,2.4748666286468506,,0.18252772092819214,-0.009870722889900208,,0.5,56,56,394,-0.02889467030763626,0.001,0.015625,0.006203071679919958,,1.031512013022947,9.005307223647833,0,,0,0.5714285714285714,0.30290716886520386,90723,,67870.25,0.08767028898000717,,-2.4748666286468506,0,8,-0.4079661350697279,27,1,1,0.0026268474757671356,,273.982177734375,,1.6193848848342896,,259.8956407532096,,1767986021.0106,0.3035714328289032,8,97.23046875,,-2.4748666286468506,1,,,1e-06,67864,-0.09604604914784431,31357,0,,0,,,,,,,2.4243359714746475,,,247.8942038319132,271481,0,0,0.12275944277644157,76.05430126190186,73,0.3779644730092272,,,339,0.4285714328289032,0.10007810592651367,0.40233272314071655,305.078125,0.0003229334243648991,0.875,0.5,8,273.78715980798006,-0.01730130985379219,0.03317104041773764,0.40233272314071655,,0.011541698127985,273.78715980798006,,2.4748666286468506,,,,0.4285714328289032,1,1,2.2249091044068336,,0.20039609035724454,0,1,275,1,8,0.4100773334503174,0,0.011541698127985,0.5,67878,,1,,,3936.8125,,,,64,,,25798.306301334,,0.5,0,0.10356663912534714,6986,,-0.3119200859218836
74,8,0.109375,1,0.007669207182351758,-0.01369503978639841,2.265376091003418,0,74200,2.4748666286468506,,0.10151375085115433,-0.01369503978639841,,0.515625,56,56,467,-0.025132490321993828,0.001,0.015625,0.0032586525194346905,,0.9348462590242148,12.012229416519403,0,,0,0.5535714285714286,0.5000011324882507,120860,,92992.25,0.09634308144450188,,-2.4748666286468506,0,8,0.2775859497487545,29,1,1,0.002513255923986435,,274.39078521728516,,1.3883875608444214,,323.38201792165637,,1767986362.575542,0.4464285671710968,8,97.23046875,,-2.4748666286468506,1,,,1e-06,92984,0.47135182097554207,46660,0,,0,,,,,,,3.0076297894120216,,,272.27054000268924,371969,0,0,0.17044350877404213,76.05430126190186,74,0.30670650066638694,,,737,0.4464285671710968,0.06836351007223129,0.3372120261192322,407.015625,0.0002590083621067935,1.0,0.515625,8,341.5435617789626,-0.013417467474937439,0.032293630427587795,0.3372120261192322,,0.008091466501355171,341.5435617789626,,2.4748666286468506,,,,0.4464285671710968,1,1,2.852707326412201,,0.22268136799298915,0,1,275,1,8,0.33926206827163696,0,0.008091466501355171,0.515625,93000,,1,,,5405.0,,,,64,,,26175.65254627,,0.515625,0,0.07053888589143753,12684,,-0.19376587122678757
75,8,0.109375,1,0.007867476808362561,-0.01834394969046116,2.150444269180298,0,76933,2.4748666286468506,,0.0811137780547142,-0.01834394969046116,,0.53125,56,56,608,-0.024596212431788445,0.001,0.015625,0.002899352228268981,,0.9398726989496955,13.723942138254642,0,,0,0.5357142857142857,0.22013507783412933,147384,,101996.25,0.11209797114133835,,-2.4748666286468506,0,8,0.06416710279881954,30,1,1,0.003899775445461273,,274.52510833740234,,0.9300323128700256,,356.6093190535903,,1767986739.9217987,0.4642857015132904,8,97.23046875,,-2.4748666286468506,1,,,1e-06,101987,0.2886182125657797,70451,0,,0,,,,,,,3.474474400281906,,,270.3079199310817,407985,0,0,0.17827171087265015,76.05430126190186,75,0.25505101530510177,,,735,0.4642857015132904,0.05651576444506645,0.34860190749168396,446.28125,0.00027476003073970454,1.0,0.53125,8,377.3335610218346,-0.010648275725543499,0.03363834978799378,0.34860190749168396,,0.006549418438225985,377.3335610218346,,2.4748666286468506,,,,0.4642857015132904,1,1,3.2098125256597996,,0.21891429235731158,0,1,275,1,8,0.30196884274482727,0,0.006549418438225985,0.53125,102004,,1,,,5928.484375,,,,64,,,26542.016194705,,0.53125,0,0.05842876434326172,12657,,-0.22445110976696014
76,8,0.109375,1,0.00785160080424513,-0.008067779242992401,1.38889741897583,0,56744,2.4748666286468506,,0.10896845161914825,-0.008067779242992401,,0.4375,56,56,441,-0.018517961725592613,0.001,0.015625,0.00309168454259634,,0.9146718176857552,13.373293716460466,0,,0,0.6428571428571428,0.464312881231308,139053,,101000.75,0.10602892190217972,,-1.6201815605163574,0,8,0.09436605870723724,22,1,1,0.002278260886669159,,274.99214935302734,,1.685636281967163,,346.04961812868714,,1767987106.285421,0.2321428507566452,8,97.23046875,,-1.6201815605163574,1,,,1e-06,100985,0.18868310377001762,82309,0,,0,,,,,,,3.437527470290661,,,275.69525335579493,404003,0,0,0.18829072639346123,76.05430126190186,76,0.3571428571428572,,,574,0.3571428656578064,0.05810743197798729,0.3032781183719635,401.109375,0.00026244587763501684,0.875,0.4375,8,366.34925255551934,-0.012362771667540073,0.03310196636277569,0.3032781183719635,,0.0061321803368628025,366.34925255551934,,2.4748666286468506,,,,0.3571428656578064,1,1,3.1720702797174454,,0.21605014467928157,0,1,275,1,8,0.3031216263771057,0,0.0061321803368628025,0.4375,101008,,1,,,5911.4375,,,,64,,,26877.958006495,,0.4375,0,0.05961086228489876,11151,,-0.09431704506278038
77,8,0.109375,1,0.008711335038757151,-0.014192578382790089,2.106300115585327,0,70658,1.20761239528656,,0.0970320999622345,-0.014192578382790089,,0.515625,56,56,491,-0.020771058276295662,0.001,0.015625,0.0025583351962268353,,0.9404050934439246,13.209872134029865,0,,0,0.5535714285714286,1.196916103363037,109472,,90427.5,0.1305299960076809,,-1.20761239528656,0,8,0.008778762072324753,29,1,1,0.0021349377930164337,,274.9196128845215,,0.994082510471344,,315.828467797488,,1767987442.2272358,0.3214285671710968,8,97.23046875,,-1.20761239528656,1,,,1e-06,90424,0.07739310339093208,38814,0,,0,,,,,,,3.404016263782978,,,269.18992666597876,361710,0,0,0.16785374656319618,76.05430126190186,77,0.23076514255928723,,,710,0.4464285671710968,0.06322536617517471,0.4052693545818329,404.171875,0.0003608691935740811,0.875,0.515625,8,335.92453150078654,-0.009467706084251404,0.036520616333609424,0.4052693545818329,,0.006482195574790239,335.92453150078654,,1.20761239528656,,,,0.4464285671710968,1,1,3.150976996868849,,0.1964550716656823,0,1,275,1,8,0.32380837202072144,0,0.006482195574790239,0.515625,90431,,1,,,5247.546875,,,,64,,,27211.819538073,,0.515625,0,0.06544256955385208,12586,,-0.06861434131860733
78,8,0.109375,1,0.0075969094198487745,-0.01343513373285532,2.1342241764068604,0,63176,2.4748666286468506,,0.15076030790805817,-0.01343513373285532,,0.375,56,56,571,-0.022881224751472473,0.001,0.015625,0.0029001212678849697,,0.8865640829496314,13.515653844922781,0,,0,0.7142857142857143,0.25633665919303894,116645,,94609.75,0.10389568284153938,,-1.6201815605163574,0,8,-0.009232807904481888,20,1,1,0.003293905407190323,,275.279727935791,,1.3207027912139893,,313.8685091584921,,1767987776.088752,0.2857142984867096,8,97.23046875,,-1.6201815605163574,1,,,1e-06,94605,0.2720020227134228,53469,0,,0,,,,,,,3.2786374129354954,,,283.390922392703,378439,0,0,0.1806311160326004,76.05430126190186,78,0.2766416675862441,,,735,0.2857142984867096,0.062089432030916214,0.3438391089439392,381.421875,0.00027453746268629655,1.0,0.375,8,333.84890807792544,-0.013935917988419533,0.035714220376131374,0.3438391089439392,,0.00703051732853055,333.84890807792544,,2.4748666286468506,,,,0.2857142984867096,1,1,2.8749668039381504,,0.19531451126295182,0,1,275,1,8,0.32065442204475403,0,0.00703051732853055,0.375,94617,,1,,,5531.6875,,,,64,,,27479.143995777,,0.375,0,0.06407028436660767,12675,,-0.28123483061790466
79,8,0.109375,1,0.008920892115796475,-0.022903859615325928,2.1720707416534424,0,48944,1.6201815605163574,,0.09911732375621796,-0.022903859615325928,,0.609375,56,56,457,-0.030183644965291023,0.001,0.015625,0.0038918571081012487,,1.0306232980079972,10.098208587616682,0,,0,0.4464285714285714,0.41492339968681335,84942,,66451.5,0.09088047593832016,,-2.4748666286468506,0,8,-0.20318331755697727,36,1,1,0.0019044876098632812,,275.2229995727539,,0.7218954563140869,,251.9183446019888,,1767988043.4131453,0.5535714030265808,8,97.23046875,,-2.4748666286468506,1,,,1e-06,66445,-0.013052744790911674,35998,0,,0,,,,,,,2.652170956134796,,,248.59830118505883,265806,0,0,0.14372888579964638,76.05430126190186,79,0.21943224513293763,,,409,0.5535714030265808,0.08068698644638062,0.347443163394928,333.953125,0.0003419052840730464,1.0,0.609375,8,267.30472285300493,-0.007204999215900898,0.03799089782629693,0.347443163394928,,0.009679543785750866,267.30472285300493,,1.6201815605163574,,,,0.5535714030265808,1,1,2.3712266497313976,,0.1734609550499522,0,1,275,1,8,0.36993399262428284,0,0.009679543785750866,0.609375,66461,,1,,,3819.265625,,,,64,,,27858.382019317,,0.609375,0,0.08326906710863113,9090,,-0.1901305727660656
80,7,0.109375,1,0.008587529180613947,-0.00982673466205597,1.7485789060592651,0,74410,2.4748666286468506,,0.19224165380001068,-0.00982673466205597,,0.34375,57,57,830,-0.017707763239741325,0.001,0.015625,0.002066523302346468,,0.9506636769546422,14.020434342324734,0,,0,0.7551020408163266,0.3186812400817871,121375,,100632.75,0.10582659021019936,,-2.4748666286468506,0,7,-0.02313043363392353,16,1,1,0.0017468258738517761,,276.0438652038574,,1.9495234489440918,,357.84977194294333,,1767988422.6512842,0.2631579041481018,7,97.23046875,,-2.4748666286468506,1,,,1e-06,100626,0.1174869816750288,46965,0,,0,,,,,,,3.5798234790563583,,,265.3645034273175,402531,1,0,0.17237184941768646,76.05430126190186,80,0.3475384972638041,,,575,0.2631579041481018,0.061845291405916214,0.337274432182312,407.96875,0.0002629029570646717,1.0,0.34375,7,379.2246087938547,-0.013886654749512672,0.03483069463550567,0.337274432182312,,0.004006152506917715,379.2246087938547,,2.4748666286468506,,,,0.2631579041481018,1,1,3.456746708601713,,0.20028729722703173,0,1,275,1,7,0.3244130611419678,0,0.004006152506917715,0.34375,100637,,1,,,5881.578125,,,,64,,,28211.702340449,,0.34375,0,0.06294870376586914,10827,,-0.14061741530895233
81,8,0.109375,1,0.008125482963354875,-0.0074242413975298405,1.7916693687438965,0,86571,2.4748666286468506,,0.09650956839323044,-0.0074242413975298405,,0.484375,56,56,657,-0.018169239163398743,0.001,0.015625,0.003027270082384348,,0.9409126856403284,13.06461076065898,0,,0,0.5892857142857143,0.3462579846382141,101979,,94849.0,0.10658871382474899,,-1.6201815605163574,0,8,0.006265852600336075,26,1,1,0.001947697252035141,,275.8665962219238,,1.3293410539627075,,333.3446644432843,,1767988775.9715095,0.2857142984867096,8,97.23046875,,-1.6201815605163574,1,,,1e-06,94834,0.05941429361701012,15408,0,,0,,,,,,,3.490515235811472,,,268.46002007910045,379396,0,0,0.19562841579318047,76.05430126190186,81,0.29827309086589404,,,708,0.4107142984867096,0.058382805436849594,0.321194052696228,392.46875,0.0002809431670991497,0.875,0.484375,8,353.3077289201319,-0.008182711899280548,0.034435288618380216,0.321194052696228,,0.00797396432608366,353.3077289201319,,2.4748666286468506,,,,0.4107142984867096,1,1,3.0827757343649864,,0.20825826393232036,0,1,275,1,8,0.307740718126297,0,0.00797396432608366,0.484375,94868,,1,,,5535.59375,,,,64,,,28475.418086542,,0.484375,0,0.06047844886779785,13873,,-0.05314844101667404
82,8,0.109375,1,0.008509331501560224,-0.01264967955648899,2.527175188064575,0,56087,2.4748666286468506,,0.171748086810112,-0.01264967955648899,,0.546875,56,56,438,-0.030125362798571587,0.001,0.015625,0.004485565237700939,,1.0595906535360438,9.005242016166449,0,,0,0.5178571428571428,0.4196063280105591,71458,,64359.75,0.09461351484060287,,-2.4748666286468506,0,8,0.36358371563255787,30,1,1,0.0031639598309993744,,276.5466499328613,,1.260918140411377,,249.86631037294865,,1767989039.6873424,0.4821428656578064,8,97.23046875,,-2.4748666286468506,1,,,1e-06,64349,0.39426897279918194,15371,0,,0,,,,,,,2.3829745054244995,,,244.0632674593771,257439,0,0,0.1373288370668888,76.05430126190186,82,0.28515570397627343,,,560,0.4821428656578064,0.09418728202581406,0.42853495478630066,337.890625,0.0003675181881556519,1.0,0.546875,8,263.701091401279,-0.014651687815785408,0.0349801002030246,0.42853495478630066,,0.013536091893911362,263.701091401279,,2.4748666286468506,,,,0.4821428656578064,1,1,2.1906337924301624,,0.18596683076414552,0,1,275,1,8,0.41127899289131165,0,0.013536091893911362,0.546875,64365,,1,,,3684.59375,,,,64,,,28825.418287072,,0.546875,0,0.09871302545070648,10559,,-0.03068525716662407
83,8,0.109375,1,0.008179492782116096,-0.013195347040891647,1.8745843172073364,0,69596,1.20761239528656,,0.10727473348379135,-0.013195347040891647,,0.5,56,56,485,-0.02252422831952572,0.001,0.015625,0.004412184469401836,,1.007297279592235,12.374646436423063,0,,0,0.5714285714285714,0.6759450435638428,98948,,88505.75,0.09983925893902779,,-1.6201815605163574,0,8,0.05851336568593979,28,1,1,0.002151675522327423,,277.4223175048828,,1.05686616897583,,331.34741823002696,,1767989389.6875455,0.4285714328289032,8,97.23046875,,-1.6201815605163574,1,,,1e-06,88498,0.22642731294035912,29352,0,,0,,,,,,,3.106358539313078,,,252.88294294663734,354023,0,0,0.14121907949447632,76.05430126190186,83,0.18898223650461363,,,505,0.4285714328289032,0.06348290294408798,0.35646477341651917,391.8125,0.00028201348200266024,1.0,0.5,8,349.9870294481516,-0.006992789451032877,0.03495435730566394,0.35646477341651917,,0.008642729371786118,349.9870294481516,,1.20761239528656,,,,0.4285714328289032,1,1,2.895728573203087,,0.19806596006529548,0,1,275,1,8,0.3267049789428711,0,0.008642729371786118,0.5,88510,,1,,,5139.796875,,,,64,,,29085.904677457,,0.5,0,0.06601506471633911,9563,,-0.16791394725441933
84,8,0.109375,1,0.008331815617737404,-0.017015233635902405,2.6651268005371094,0,59641,2.4748666286468506,,0.11912845820188522,-0.017015233635902405,,0.515625,56,56,549,-0.030049216002225876,0.001,0.015625,0.0053264000453054905,,0.9453341660752579,9.854835752397776,0,,0,0.5535714285714286,0.46450039744377136,76852,,70071.25,0.10553540661931038,,-2.4748666286468506,0,8,0.16084791719913483,28,1,1,0.001604471355676651,,277.6177177429199,,1.1865901947021484,,245.4862669147551,,1767989650.1738532,0.4464285671710968,8,97.23046875,,-2.4748666286468506,1,,,1e-06,70068,0.2116213720291853,17211,0,,0,,,,,,,2.5124278627336025,,,269.016542000543,280285,0,0,0.15258032828569412,76.05430126190186,84,0.35310214166580695,,,439,0.4464285671710968,0.08281301707029343,0.3034631907939911,321.921875,0.00037652891385307947,1.0,0.515625,8,260.4719006456435,-0.013918938115239143,0.03516005406068029,0.3034631907939911,,0.010713103227317333,260.4719006456435,,2.4748666286468506,,,,0.4464285671710968,1,1,2.335282940417528,,0.18690377432484723,0,1,275,1,8,0.3839620053768158,0,0.010713103227317333,0.515625,70073,,1,,,4057.53125,,,,64,,,29421.579706396,,0.515625,0,0.08517686277627945,7722,,-0.05077345483005047
85,8,0.109375,1,0.008679021700037572,-0.009131872095167637,2.1908810138702393,0,59921,2.4748666286468506,,0.07405971735715866,-0.009131872095167637,,0.59375,56,56,473,-0.018003277480602264,0.001,0.015625,0.002638345118612051,,0.9774691376015289,12.826896969228983,0,,0,0.4642857142857143,0.2987661361694336,103694,,87318.5,0.1008605994284153,,-1.20761239528656,0,8,-0.1309136226773262,34,1,1,0.0016507133841514587,,278.16040420532227,,1.285980463027954,,316.0861499644816,,1767989985.8488474,0.2857142984867096,8,97.23046875,,-1.20761239528656,1,,,1e-06,87314,-0.08974501863121986,43773,0,,0,,,,,,,3.3581323884427547,,,260.1753816842206,349274,0,0,0.17083625122904778,76.05430126190186,85,0.31743551490412814,,,697,0.5357142686843872,0.06255178898572922,0.36557629704475403,404.71875,0.0002887721371428028,0.75,0.59375,8,335.6139978915453,-0.005873342510312796,0.0367244540653727,0.36557629704475403,,0.006803310010582209,335.6139978915453,,2.4748666286468506,,,,0.5357142686843872,1,1,3.0313566252589226,,0.19574724275355568,0,1,275,1,8,0.3294944167137146,0,0.006803310010582209,0.59375,87325,,1,,,5052.6875,,,,64,,,29696.640998765,,0.59375,0,0.06461335718631744,12332,,-0.04116860404610634
86,8,0.109375,1,0.007999779375522138,-0.020429329946637154,2.4092695713043213,0,62477,1.6201815605163574,,0.09509328752756119,-0.020429329946637154,,0.5625,56,56,584,-0.028903694823384285,0.001,0.015625,0.004822530783712864,,0.9551815271807599,10.063265260308981,0,,0,0.5,0.36668920516967773,92426,,73368.75,0.08673899993300438,,-2.4748666286468506,0,8,-0.1750923227518797,31,1,1,0.002753976732492447,,278.2651138305664,,0.8574526906013489,,259.75301968306303,,1767990260.910203,0.5,8,97.23046875,,-2.4748666286468506,1,,,1e-06,73361,-0.13392372243106365,29949,0,,0,,,,,,,2.6510245352983475,,,266.7476469505272,293475,0,0,0.12960904091596603,76.05430126190186,86,0.2575393768188564,,,442,0.5,0.08441783487796783,0.3720912039279938,336.46875,0.0002955583948649949,1.0,0.5625,8,275.0492866151035,-0.0076726945117115974,0.0342900255909668,0.3720912039279938,,0.009560897015035152,275.0492866151035,,1.6201815605163574,,,,0.5,1,1,2.3477352522313595,,0.19368432892082668,0,1,275,1,8,0.38321828842163086,0,0.009560897015035152,0.5625,73374,,1,,,4249.078125,,,,64,,,30023.652133502,,0.5625,0,0.08716824650764465,7982,,-0.04116860032081604
87,8,0.109375,1,0.008049944663710576,-0.015087186358869076,3.6953320503234863,0,60520,2.4748666286468506,,0.09739916771650314,-0.015087186358869076,,0.515625,56,56,510,-0.023619484156370163,0.001,0.015625,0.0033045520540326834,,0.950875327252098,11.934008490294218,0,,0,0.5535714285714286,0.43547171354293823,136093,,87322.5,0.08932185545563698,,-2.4748666286468506,0,8,0.24552293866872787,28,1,1,0.0015080124139785767,,278.52254486083984,,1.1661163568496704,,308.93273769691586,,1767990587.921342,0.4464285671710968,8,97.23046875,,-2.4748666286468506,1,,,1e-06,87316,0.4074621219187975,75573,0,,0,,,,,,,3.042394023388624,,,267.04069159473613,349290,0,0,0.15594183653593063,76.05430126190186,87,0.2714050741709047,,,548,0.4464285671710968,0.06866041570901871,0.3398642838001251,381.203125,0.00025572405581504473,1.0,0.515625,8,327.00072591379285,-0.003984731622040272,0.034166476252667465,0.3398642838001251,,0.007171591743826866,327.00072591379285,,2.4748666286468506,,,,0.4464285671710968,1,1,2.811765171587467,,0.2079378369478605,0,1,275,1,8,0.33931127190589905,0,0.007171591743826866,0.515625,87328,,1,,,5076.453125,,,,64,,,30365.84179556,,0.515625,0,0.07060538232326508,10469,,-0.16193918325006962
88,8,0.109375,1,0.008829375352187903,-0.019691741093993187,2.617662191390991,0,54307,1.6201815605163574,,0.08710113167762756,-0.019691741093993187,,0.59375,56,56,656,-0.025597527623176575,0.001,0.015625,0.002526891650632024,,1.0121888080080894,13.14821207523346,0,,0,0.4642857142857143,0.30895233154296875,122383,,86031.5,0.11011796444654465,,-2.4748666286468506,0,8,-0.007142297923564911,33,1,1,0.003900669515132904,,279.09391021728516,,0.8368555307388306,,322.2373923510313,,1767990930.1110442,0.5357142686843872,8,97.23046875,,-2.4748666286468506,1,,,1e-06,86007,0.06147204339504242,68076,0,,0,,,,,,,3.4279793612658978,,,251.4236758810495,344126,0,0,0.17222065851092339,76.05430126190186,88,0.2230356427999428,,,733,0.5357142686843872,0.07079876959323883,0.3637593984603882,402.640625,0.0003199931549680775,1.0,0.59375,8,342.1774011477828,-0.008280758745968342,0.038207552103687197,0.3637593984603882,,0.006847658660262823,342.1774011477828,,1.6201815605163574,,,,0.5357142686843872,1,1,3.038417622447014,,0.18532107605110432,0,1,275,1,8,0.35040268301963806,0,0.006847658660262823,0.59375,86063,,1,,,4974.328125,,,,64,,,30685.301732336,,0.59375,0,0.07280486077070236,12747,,-0.06861434131860733
89,8,0.109375,1,0.008206281567560212,-0.018562989309430122,2.651304006576538,0,54969,1.6201815605163574,,0.12062706798315048,-0.018562989309430122,,0.546875,56,56,461,-0.025864072144031525,0.001,0.015625,0.0026051350869238377,,0.9766507068636845,11.76633845642209,0,,0,0.5178571428571428,0.4013073146343231,148618,,83365.75,0.10159731283783913,,-2.4748666286468506,0,8,0.12065702117979527,31,1,1,0.001706235110759735,,279.49506759643555,,0.9796535968780518,,301.5623920597136,,1767991249.5709343,0.4821428656578064,8,97.23046875,,-2.4748666286468506,1,,,1e-06,83362,0.21271279640495777,93649,0,,0,,,,,,,3.0687109753489494,,,260.97436643937124,333463,0,0,0.17438311129808426,76.05430126190186,89,0.27606472917393404,,,734,0.4821428656578064,0.07049908488988876,0.3438716530799866,385.796875,0.0003046734205529223,1.0,0.546875,8,319.44037698954344,-0.002492747502401471,0.035285289391692905,0.3438716530799866,,0.007261021062731743,319.44037698954344,,1.6201815605163574,,,,0.4821428656578064,1,1,2.736491270363331,,0.20212169945999023,0,1,275,1,8,0.34425026178359985,0,0.007261021062731743,0.546875,83368,,1,,,4824.5625,,,,64,,,30974.623560613,,0.546875,0,0.07248404622077942,12713,,-0.0920557752251625
90,8,0.109375,1,0.008734946442099465,-0.026157652959227562,2.620032787322998,0,48658,2.4748666286468506,,0.11345329135656357,-0.026157652959227562,,0.53125,56,56,525,-0.03392462059855461,0.001,0.015625,0.003081787843257189,,1.0197386520713374,10.60373978689313,0,,0,0.5357142857142858,0.6236613392829895,116007,,72867.5,0.08650622889399529,,-2.4748666286468506,0,8,0.043558670207858086,30,1,1,0.0025638118386268616,,279.5694236755371,,0.9515199661254883,,273.12272161617875,,1767991538.8927824,0.4642857015132904,8,97.23046875,,-2.4748666286468506,1,,,1e-06,72854,0.07424392364919186,67349,0,,0,,,,,,,2.785963512957096,,,251.86975585729758,291470,0,0,0.13932867348194122,76.05430126190186,90,0.3174355149041282,,,547,0.4642857015132904,0.08796978741884232,0.3451448380947113,369.28125,0.00029679290799737633,1.0,0.53125,8,289.3062716163695,-0.009725394658744335,0.036380209925183135,0.3451448380947113,,0.007881688885390759,289.3062716163695,,2.4748666286468506,,,,0.4642857015132904,1,1,2.545974839478731,,0.18718869564357546,0,1,275,1,8,0.3913341760635376,0,0.007881688885390759,0.53125,72876,,1,,,4184.9375,,,,64,,,31188.880660171,,0.53125,0,0.08999675512313843,10156,,-0.03068525344133377
91,8,0.109375,1,0.00940316391565289,-0.026919640600681305,3.32973051071167,0,56688,2.4748666286468506,,0.09994665533304214,-0.026919640600681305,,0.578125,56,56,464,-0.033365026116371155,0.001,0.015625,0.0028007219079881907,,0.7815005549896963,11.084565050899982,0,,0,0.4821428571428571,0.9445686936378479,79467,,68826.75,0.08836704865098,,-2.4748666286468506,0,8,0.1394681464880705,32,1,1,0.0028008967638015747,,279.77843856811523,,0.8469493389129639,,197.46487123146653,,1767991753.1497998,0.5178571343421936,8,97.23046875,,-2.4748666286468506,1,,,1e-06,68813,0.29191618598997593,22779,0,,0,,,,,,,2.846510875970125,,,321.25597283206866,275307,0,0,0.14681457355618477,76.05430126190186,91,0.29396567202061297,,,544,0.5178571343421936,0.09273259341716766,0.3923839330673218,353.640625,0.00032097639599058505,1.0,0.578125,8,214.2427093051374,-0.0052175396122038364,0.04026256161630464,0.3923839330673218,,0.007321687415242195,214.2427093051374,,2.4748666286468506,,,,0.5178571343421936,1,1,2.58875684812665,,0.16614798298133282,0,1,275,1,8,0.3925473988056183,0,0.007321687415242195,0.578125,68837,,1,,,3948.03125,,,,64,,,31730.750870944,,0.578125,0,0.09492655098438263,9777,,-0.15244803950190544
92,7,0.125,1,0.009513596926243272,-0.0427246056497097,4.210177898406982,0,49353,2.4748666286468506,,0.18121238052845,-0.0427246056497097,,0.390625,57,57,623,-0.05695471540093422,0.001,0.015625,0.0021420286502689123,,1.5646704558245905,14.200446266680956,0,,0,0.6530612244897959,0.39803946018218994,112497,,88686.5,0.12512366101145744,,-1.6201815605163574,0,7,-0.13497160002589226,19,1,1,0.003745347261428833,,280.2298393249512,,1.5051294565200806,,520.2576205730438,,1767992295.0200834,0.31578946113586426,7,97.23046875,,-1.6201815605163574,1,,,1e-06,85418,0.08947951346635818,63144,0,,0,,,,,,,3.6353351958096027,,,163.67365980806096,354746,1,0,0.22526432573795319,76.05430126190186,92,0.2629407903413291,,,515,0.31578946113586426,0.0802345797419548,0.3944709300994873,347.546875,0.0003527133808738011,1.0,0.390625,7,541.8495566360652,-0.0190042145550251,0.04002989819950318,0.3944709300994873,,0.00910969264805317,541.8495566360652,,2.4748666286468506,,,,0.31578946113586426,1,1,3.374910455197096,,0.1796562320084545,0,1,275,1,7,0.36193200945854187,0,0.00910969264805317,0.390625,91964,,1,,,5195.359375,,,,64,,,31977.825897318,,0.390625,0,0.0830971822142601,21580,,-0.22445111349225044
93,8,0.109375,1,0.00859276273170156,-0.02394617535173893,3.070542573928833,0,46009,2.4748666286468506,,0.22163118422031403,-0.02394617535173893,,0.359375,56,56,515,-0.04029935970902443,0.001,0.015625,0.003599377116188407,,0.8554509060539366,10.693853311240673,0,,0,0.7321428571428572,0.707653820514679,91562,,72542.0,0.09802279621362686,,-1.6201815605163574,0,8,0.018591567873954773,17,1,1,0.0019511207938194275,,280.2649116516113,,1.7474571466445923,,230.89903130754828,,1767992542.095091,0.2678571343421936,8,97.23046875,,-1.6201815605163574,1,,,1e-06,72537,0.1592089831829071,45553,0,,0,,,,,,,2.7127984017133713,,,293.6187936496049,290168,0,0,0.1447807066142559,76.05430126190186,93,0.28064702938395913,,,470,0.2678571343421936,0.10288354009389877,0.42480310797691345,316.453125,0.0003378139430041454,1.0,0.359375,8,247.06184198334813,-0.0254701916128397,0.036854006338537235,0.42480310797691345,,0.009147324599325657,247.06184198334813,,2.4748666286468506,,,,0.2678571343421936,1,1,2.4933447763323784,,0.1820458054217428,0,1,275,1,8,0.4157830774784088,0,0.009147324599325657,0.359375,72544,,1,,,4217.421875,,,,64,,,32173.22557943,,0.359375,0,0.10582824796438217,10248,,-0.14061741530895233
94,8,0.109375,1,0.010129154554219796,-0.05722079053521156,3.6289467811584473,0,35155,2.4748666286468506,,0.10438498109579086,-0.05722079053521156,,0.625,56,56,511,-0.06631463766098022,0.001,0.015625,0.002726031467318535,,0.8315599202804949,10.12801743671298,0,,0,0.4285714285714286,0.7279067635536194,85817,,59605.75,0.09635727852582932,,-2.4748666286468506,0,8,-0.06701980531215668,37,1,1,0.001526806503534317,,280.6693687438965,,1.029213309288025,,180.01858622208238,,1767992737.4947867,0.5714285969734192,8,97.23046875,,-2.4748666286468506,1,,,1e-06,59602,-0.04693160392343998,50662,0,,0,,,,,,,2.5646548457443714,,,305.062236259715,238423,0,0,0.12684819474816322,76.05430126190186,94,0.25753937681885636,,,549,0.5714285969734192,0.10956043004989624,0.3911883533000946,342.8125,0.0004041442248685291,1.0,0.625,8,195.3888187892735,-0.017153536900877953,0.04247919637246818,0.3911883533000946,,0.008300882764160633,195.3888187892735,,2.4748666286468506,,,,0.5714285969734192,1,1,2.4150234162807465,,0.15896899221688537,0,1,275,1,8,0.43282490968704224,0,0.008300882764160633,0.625,59608,,1,,,3382.546875,,,,64,,,32507.155526007,,0.625,0,0.11189817637205124,9751,,-0.020088201388716698
95,8,0.109375,1,0.009440003301109449,-0.02957065775990486,2.952805519104004,0,31346,2.4748666286468506,,0.10425607860088348,-0.02957065775990486,,0.46875,56,56,668,-0.03694652020931244,0.001,0.015625,0.0015685734106227756,,0.9238269002445327,14.180274747312069,0,,0,0.6071428571428571,1.3111262321472168,124071,,90556.5,0.12322495505213737,,-2.4748666286468506,0,8,0.07771480828523636,26,1,1,0.005265276879072189,,281.1826400756836,,1.250426173210144,,312.3283222615719,,1767993071.42481,0.2678571343421936,8,97.23046875,,-2.4748666286468506,1,,,1e-06,89699,0.27148066461086273,92725,0,,0,,,,,,,3.6155656054615974,,,271.1984090850847,362226,0,0,0.20971452444791794,76.05430126190186,95,0.34809979802889157,,,548,0.3928571343421936,0.07551772147417068,0.31730836629867554,377.265625,0.00034018804572873666,0.875,0.46875,8,333.91235702857375,-0.01721830852329731,0.0391475894809099,0.31730836629867554,,0.005729396361857653,333.91235702857375,,2.4748666286468506,,,,0.3928571343421936,1,1,3.419414635747671,,0.18126001262399882,0,1,275,1,8,0.3467422127723694,0,0.005729396361857653,0.46875,93123,,1,,,5282.515625,,,,64,,,32818.509421172,,0.46875,0,0.07690303772687912,18747,,-0.19376585632562637
96,8,0.109375,1,0.009300818754672318,-0.03162959963083267,3.947600841522217,0,53886,2.4748666286468506,,0.16833828389644623,-0.03162959963083267,,0.453125,56,56,385,-0.042748332023620605,0.001,0.015625,0.003056813031435013,,0.948542664649534,12.551556810736656,0,,0,0.625,0.5438088178634644,119868,,83335.75,0.1128302700817585,,-2.4748666286468506,0,8,-0.06281004846096039,22,1,1,0.003048144280910492,,281.26247787475586,,1.2559078931808472,,292.0392126776278,,1767993382.7786999,0.375,8,97.23046875,,-2.4748666286468506,1,,,1e-06,83333,0.14642172306776047,65982,0,,0,,,,,,,3.336881574243307,,,267.6681251963172,333343,0,0,0.16659000515937805,76.05430126190186,96,0.3189387696337813,,,737,0.375,0.09303794056177139,0.35164982080459595,397.828125,0.0003384809942964409,1.0,0.453125,8,311.33983524888754,-0.024603113532066345,0.03765357847843409,0.35164982080459595,,0.008561722002923489,311.33983524888754,,2.4748666286468506,,,,0.375,1,1,3.100362826138735,,0.18621543193856951,0,1,275,1,8,0.39119696617126465,0,0.008561722002923489,0.453125,83342,,1,,,4810.65625,,,,64,,,33110.693709651,,0.453125,0,0.09525211155414581,12737,,-0.20923177152872086
97,7,0.109375,1,0.007824581288668859,-0.024869175627827644,6.057782173156738,0,59319,2.4748666286468506,,0.11678945273160934,-0.024869175627827644,,0.453125,57,57,531,-0.03356819227337837,0.001,0.015625,0.004410893190652132,,0.9186563143357558,11.075842075049877,0,,0,0.5714285714285714,0.38713327050209045,102307,,80867.75,0.08366204425692558,,-2.4748666286468506,0,7,-0.02345261164009571,26,1,1,0.0012591592967510223,,281.50200271606445,,0.9624031186103821,,275.56933461129665,,1767993674.962952,0.38596490025520325,7,97.23046875,,-2.4748666286468506,1,,,1e-06,80863,0.08633032999932766,42988,0,,0,,,,,,,2.752840183675289,,,276.77971106589507,323471,1,0,0.1410784274339676,76.05430126190186,97,0.2414726442081476,,,504,0.38596490025520325,0.09538349509239197,0.3087121844291687,367.203125,0.000258638469157747,1.0,0.453125,7,292.1736918091774,-0.008919869549572468,0.034240602944467596,0.3087121844291687,,0.008734206669032574,292.1736918091774,,2.4748666286468506,,,,0.38596490025520325,1,1,2.5310251340270042,,0.1984995331305955,0,1,275,1,7,0.3959102928638458,0,0.008734206669032574,0.453125,80872,,1,,,4687.03125,,,,64,,,33365.712154052,,0.453125,0,0.09724675118923187,8777,,-0.10978294163942337
98,8,0.109375,1,0.008733999987076668,-0.052626579999923706,7.044003009796143,0,38978,2.4748666286468506,,0.13031157851219177,-0.052626579999923706,,0.546875,56,56,514,-0.05928058549761772,0.001,0.015625,0.0029043429531157017,,0.968847784705294,10.006727211177349,0,,0,0.5178571428571429,0.45171019434928894,88746,,67185.75,0.08429867029190063,,-2.4748666286468506,0,8,-0.0840875543653965,31,1,1,0.0031875893473625183,,281.6949653625488,,0.9767306447029114,,239.84698873385787,,1767993929.9813905,0.4821428656578064,8,97.23046875,,-2.4748666286468506,1,,,1e-06,67181,0.00796821340918541,49768,0,,0,,,,,,,2.56739554554224,,,263.4670544330816,268743,0,0,0.13126109912991524,76.05430126190186,98,0.31083741402730736,,,420,0.4821428656578064,0.11675853282213211,0.35305869579315186,331.0,0.00031367764106190907,1.0,0.546875,8,255.00626689195633,-0.0270010344684124,0.03723530365880171,0.35305869579315186,,0.006422711536288261,255.00626689195633,,2.4748666286468506,,,,0.4821428656578064,1,1,2.347201358526945,,0.1786906289843436,0,1,275,1,8,0.44405558705329895,0,0.006422711536288261,0.546875,67188,,1,,,3868.109375,,,,64,,,33747.271860896,,0.546875,0,0.11827623099088669,8134,,-0.09205576777458191
