_step,_timestamp,val-aux/alfworld/reward/std@2,val-aux/alfworld/reward/best@16/mean,training/epoch,response_length/mean,actor/kl_loss,prompt_length/min,timing_s/dump_rollout_generations,critic/rewards_teacher/min,diag/group_teacher_minus_on_reward_mean,val-aux/alfworld/reward/mean@1,timing_per_token_ms/gen,val-aux/alfworld/reward/worst@8/mean,global_seqlen/min,val-aux/alfworld/reward/best@16/std,actor/off_pg_loss,perf/throughput,response_length/max,val-core/alfworld/reward/best@94/std,val-aux/alfworld/reward/best@3/std,diag/exp_token_ratio,critic/rewards_sum/max,val-aux/alfworld/reward/worst@3/std,critic/rewards/max,exp_mask_ratio,val-aux/alfworld/reward/best@64/std,diag/entropy_onpolicy_token_std,val-aux/alfworld/reward/worst@94/mean,diag/teacher_adv_pos_ratio,diag/reward_teacher_mean,actor/on_pg_clipfrac_lower,val-core/alfworld/reward/mean@94,actor/on_pg_loss,response_length/clip_ratio,global_seqlen/balanced_max,prompt_length/mean,critic/rewards_teacher/mean,critic/advantages/min,val-aux/alfworld/reward/best@8/mean,critic/rewards_sum/mean,actor/grad_norm,val-aux/alfworld/reward/worst@2/mean,critic/returns/max,global_seqlen/max,actor/entropy_loss,val-aux/alfworld/reward/best@3/mean,diag/reward_onpolicy_mean,val-aux/alfworld/reward/worst@8/std,val-aux/alfworld/reward/best@32/std,diag/group_gap_count,diag/adv_onpolicy_sample_mean,luffy/tasks_with_partial_teacher,diag/adv_teacher_token_mean,actor/on_pg_clipfrac,luffy/total_onpolicy_kept,timing_s/adv,critic/returns/min,perf/mfu/actor,diag/group_teacher_minus_on_reward_std,diag/entropy_offpolicy_token_mean,actor/pg_loss,val-aux/alfworld/reward/worst@2/std,global_seqlen/mean,val-core/alfworld/reward/best@94/mean,val-aux/alfworld/reward/best@2/std,prompt_length/max,training/global_step,critic/advantages/mean,critic/score/max,diag/entropy_teacher_token_mean,timing_per_token_ms/update_actor,critic/rewards_last/mean,val-aux/alfworld/reward/best@32/mean,prompt_length/clip_ratio,perf/cpu_memory_used_gb,val-aux/alfworld/reward/worst@4/std,global_seqlen/minmax_diff,diag/entropy_onpolicy_token_mean,timing_s/reward,critic/rewards_onpolicy/max,perf/total_num_tokens,perf/time_per_step,response_length/min,diag/adv_onpolicy_token_mean,luffy/tasks_with_full_teacher,critic/rewards_last/min,timing_s/testing,critic/rewards_onpolicy/count,critic/rewards_onpolicy/mean,diag/teacher_token_ratio,critic/returns/mean,timing_per_token_ms/adv,timing_s/old_log_prob,actor/ppo_kl,val-aux/alfworld/reward/worst@94/std,val-aux/alfworld/reward/worst@32/std,timing_s/update_actor,diag/onpolicy_adv_pos_ratio,val-aux/alfworld/reward/worst@64/mean,_runtime,timing_s/ref,critic/advantages/max,perf/max_memory_reserved_gb,critic/rewards/mean,critic/rewards_last/max,critic/rewards_onpolicy/min,val-aux/alfworld/reward/std@94,val-aux/alfworld/reward/best@2/mean,luffy/onpolicy_replaced_by_teacher,val-aux/alfworld/reward/best@8/std,val-aux/alfworld/reward/mean@3,training/num_term_traj,critic/rewards_teacher/count,actor/kl_coef,timing_s/step,perf/max_memory_allocated_gb,timing_s/gen,val-aux/alfworld/reward/std@3,timing_per_token_ms/ref,val-aux/alfworld/reward/best@4/mean,critic/score/min,val-aux/alfworld/reward/worst@16/std,critic/rewards_sum/min,luffy/tasks_without_teacher,actor/lr,critic/rewards/min,val-aux/alfworld/reward/best@4/std,training/num_not_none_traj,val-aux/alfworld/reward/best@64/mean,critic/rewards_teacher/max,val-aux/alfworld/reward/mean@2,val-aux/alfworld/reward/worst@16/mean,val-aux/alfworld/reward/worst@3/mean,luffy/total_teacher_rollouts,diag/adv_teacher_sample_mean,val-aux/alfworld/reward/worst@4/mean,global_seqlen/balanced_min,val-aux/alfworld/reward/worst@64/std,critic/score/mean,val-aux/alfworld/reward/worst@32/mean
1,1767929501.160301,,,0,4877.234375,0.01799057424068451,275,0.14936591684818268,1,0.6607142857142857,,0.7699341378191833,,54068,,-0.21385406330227852,305.2470903696105,10426,,,0.006900683511048555,1,,1,0.00306411599740386,,0.4128992259502411,,1.0,1,0,,0.30563072487711906,0.015625,83764,351.453125,1,-2.4748666286468506,,0.421875,2.5094375610351562,,2.4748666286468506,138242,0.12495400011539459,,0.3392857015132904,,,8,-0.03930147364735603,0,1.5434175729751587,0,56,0.09363780170679092,-2.4748666286468506,0.20513782005458153,0.29396567202061297,0.27703943848609924,0.09177666157484055,,83659.0,,,558,1,-0.05077376961708069,1,0.27703943848609924,0.049189792256420034,0.421875,,0.109375,218.6781997680664,,84174,0.12389721721410751,0.002721678465604782,1,334636,274.069770488888,540,-0.061851225793361664,8,0,,56,0.3392857015132904,0.006900683511048555,-0.05077376961708069,0.00027981986907203927,10.814730379730463,0,,,16.460675321519375,0.3392857015132904,,425.048094925,6.198365937918425,2.4748666286468506,73.001953125,0.421875,1,0,,,8,,,23,8,0.001,274.069770488888,55.54640340805054,240.32955158129334,,0.01852271105893695,,0,,0,0,1e-06,0,,64,,1,,,,8,0.2023937851190567,,83390,,0.421875,
2,1767929646.4376876,,,0,4390.140625,0.002508756937459111,275,0.1361476071178913,1,0.8392857142857143,,0.47179802620998845,,70904,,-0.349849171936512,515.8509674552467,6337,,,0.012439094483852386,1,,1,0.008232982829213142,,0.4801475405693054,,1.0,1,0,,0.20365317538380623,0.015625,74961,293.375,1,-0.935412585735321,,0.265625,1.9711451530456543,,2.4748666286468506,77995,0.16957756876945496,,0.1607142835855484,,,8,-0.04970910772681236,0,1.7630982398986816,0,56,0.07823328301310539,-0.935412585735321,0.23694789330977045,0.15046696023529213,0.32291144132614136,-0.14619599655270576,,74936.25,,,296,2,-0.04253483563661575,1,0.32291144132614136,0.027749433724002768,0.265625,,0.875,219.97283554077148,,7091,0.16764619946479797,0.0011338964104652405,1,299745,145.26724718511105,681,-0.06527817994356155,8,0,,56,0.1607142835855484,0.012439094483852386,-0.04253483563661575,0.0002609994595843313,2.2305290922522545,0,,,8.31775401160121,0.1607142835855484,,731.122785647,1.932955827564001,2.4748666286468506,83.9140625,0.265625,1,0,,,8,,,11,8,0.001,145.26724718511105,55.54640340805054,132.56061962619424,,0.0064486674592203405,,0,,0,0,1e-06,0,,64,,1,,,,8,0.2951088845729828,,74927,,0.265625,
3,1767929952.5124216,,,0,5491.1875,0.02413112483918667,275,0.16836900636553764,1,0.7678571428571428,,0.8230939520671079,,70025,,-0.2858216241002083,305.19851322378116,10139,,,0.012446078471839428,1,,1,0.006421474274247885,,0.42714378237724304,,1.0,1,0,,0.1725118812173605,0.015625,93421,346.859375,1,-1.20761239528656,,0.328125,1.8542338609695435,,2.4748666286468506,108325,0.1312652826309204,,0.2321428507566452,,,8,-0.037988077849149704,0,1.8505631685256958,0,56,0.09477301314473152,-1.20761239528656,0.23092507095821319,0.21354037041252497,0.3690771758556366,-0.11330974288284779,,93408.75,,,504,3,-0.026310916990041733,1,0.3690771758556366,0.029735894210731632,0.328125,,0.109375,220.50061416625977,,38300,0.12826815247535706,0.0018161162734031677,1,373635,306.05899423733354,574,-0.049965038895606995,8,0,,56,0.2321428507566452,0.012446078471839428,-0.026310916990041733,0.00025365132587881626,2.8378867097198963,0,,,11.110370833426714,0.2321428507566452,,1021.915683941,2.5653571039438248,2.4748666286468506,90.16796875,0.328125,1,0,,,8,,,15,8,0.001,306.05899423733354,59.5944390296936,289.26484613865614,,0.00686594431448827,,0,,0,0,1e-06,0,,64,,1,,,,8,0.2290792018175125,,93394,,0.328125,
4,1767930243.3053904,,,0,6017.8125,0.019461600109934807,275,0.18046068772673607,1,0.8035714285714286,,0.705724456497208,,84570,,-0.190377127379179,350.93082234123193,10524,,,0.008173651061952114,1,,1,0.004475252702832222,,0.4026956856250763,,1.0,1,0,,0.10801305621862411,0.015625,102049,359.875,1,-0.935412585735321,,0.296875,1.8812907934188843,,2.4748666286468506,125721,0.1180192083120346,,0.1964285671710968,,,8,-0.03578701615333557,0,1.419340968132019,0,56,0.09557513147592545,-0.935412585735321,0.22647947817106032,0.1417366773784602,0.28460875153541565,-0.08236407116055489,,102043.0,,,467,4,-0.034126464277505875,1,0.28460875153541565,0.030577773892150398,0.296875,,0.21875,220.9854393005371,,41151,0.11664634943008423,0.001987095922231674,1,408172,290.77810640633106,1743,-0.04610450193285942,8,0,,56,0.1964285671710968,0.008173651061952114,-0.034126464277505875,0.00023415406121910727,3.2322325594723225,0,,,12.480991125106812,0.1964285671710968,,1243.27101079,2.9700520895421505,2.4748666286468506,92.568359375,0.296875,1,0,,,8,,,15,8,0.001,290.77810640633106,59.78001642227173,271.8027171753347,,0.007276471902879547,,0,,0,0,1e-06,0,,64,,1,,,,8,0.18923601508140564,,102038,,0.296875,
5,1767930464.6605768,,,0,4942.609375,0.003940522205084562,275,0.14775176718831062,1,0.8214285714285714,,0.6550846980860464,,70068,,-0.02008819952607155,378.78317214418274,7015,,,0.009945404715836048,1,,1,0.006700688507407904,,0.4736996293067932,,1.0,1,0,,0.12448884546756744,0.015625,83841,297.421875,1,-2.4748666286468506,,0.28125,1.9462236166000366,,2.4748666286468506,93425,0.15810322761535645,,0.1785714328289032,,,8,-0.04865025356411934,0,2.1938507556915283,0,56,0.08149756863713264,-2.4748666286468506,0.24357648220440117,0.2743266338524503,0.333535760641098,0.1044006459414959,,83840.5,,,321,5,-0.03684462979435921,1,0.333535760641098,0.02745197849553546,0.28125,,0.109375,220.98268508911133,,23357,0.15634097158908844,0.0013044998049736023,1,335362,221.34167028963566,695,-0.059252653270959854,8,0,,56,0.1785714328289032,0.009945404715836048,-0.03684462979435921,0.0002430137243847921,2.443323891609907,0,,,9.206350412219763,0.1785714328289032,,1538.800826802,2.2270413115620613,2.4748666286468506,92.568359375,0.28125,1,0,,,8,,,13,8,0.001,221.34167028963566,59.78001642227173,207.2209772914648,,0.006640708582254583,,0,,0,0,1e-06,0,,64,,1,,,,8,0.25582751631736755,,83840,,0.28125,
6,1767930760.1904685,,,0,5593.890625,0.00800858810544014,275,0.17956160008907318,1,0.5102040816326531,,0.7612387746562256,,66393,,-0.05314844474196434,324.5956249512786,12749,,,0.0044579883106052876,1,,1,0.0018532625399529934,,0.38224732875823975,,0.8571428656578064,1,0,,0.23976927436888218,0.015625,95940,401.296875,1,-2.4748666286468506,,0.484375,2.7963707447052,,2.4748666286468506,117856,0.103431835770607,,0.42105263471603394,,,7,-0.022280622273683548,0,1.0763674974441528,0,57,0.10297584533691406,-2.4748666286468506,0.18433165454145317,0.34873484674765437,0.24541473388671875,0.18662082962691784,,95923.0,,,707,6,-0.032539814710617065,1,0.24541473388671875,0.039578759746563046,0.484375,,0.125,221.65240478515625,,51463,0.1027960553765297,0.003000885248184204,1,383692,295.51538168266416,557,-0.03750544786453247,7,0,,57,0.42105263471603394,0.0044579883106052876,-0.032539814710617065,0.00026838152824899673,3.850120175629854,0,,,15.186053484678268,0.2982456088066101,,1924.776122919,3.6471191719174385,2.4748666286468506,98.5,0.484375,1,0,,,7,,,27,7,0.001,295.51538168266416,64.70026397705078,272.53033247590065,,0.009505330243834738,,0,,0,1,1e-06,0,,64,,1,,,,7,0.10553491860628128,,95914,,0.484375,
7,1767931146.165787,,,0,6485.453125,0.004535498563200235,275,0.18374158069491386,1,0.7678571428571429,,0.8799984693658474,,72799,,-0.09205576777458191,285.92427836810725,10357,,,0.004905208479613066,1,,1,0.0029177749529480934,,0.3641585409641266,,1.0,1,0,,0.21749276481568813,0.015625,110360,411.71875,1,-1.6201815605163574,,0.328125,3.378964424133301,,2.4748666286468506,149102,0.09424624592065811,,0.2321428507566452,,,8,-0.02676488272845745,0,1.6111695766448975,0,56,0.11011988669633865,-1.6201815605163574,0.23613203389470952,0.20123977981401156,0.24224093556404114,0.12543699704110622,,110354.75,,,546,7,-0.038630612194538116,1,0.24224093556404114,0.031180093246286986,0.328125,,0.109375,221.73492813110352,,76303,0.09351672232151031,0.0019132420420646667,1,441419,385.9579558260739,790,-0.04676311835646629,8,0,,56,0.2321428507566452,0.004905208479613066,-0.038630612194538116,0.0002494679356718643,3.4246390648186207,0,,,13.763485580682755,0.2321428507566452,,2239.511513096,3.199330147355795,2.4748666286468506,98.5,0.328125,1,0,,,8,,,15,8,0.001,385.9579558260739,64.70026397705078,365.2600846812129,,0.007247830626583348,,0,,0,0,1e-06,0,,64,,1,,,,8,0.137359619140625,,110352,,0.328125,
8,1767931460.9011574,,,0,6183.25,0.0065134381875395775,275,0.19238996878266335,1,0.7142857142857143,,0.7467648883109615,,88784,,0.0,333.67745673999093,11545,,,0.00721202464774251,1,,1,0.003687567077577114,,0.39803946018218994,,1.0,1,0,,0.01787177287042141,0.015625,105021,380.21875,1,-1.6201815605163574,,0.375,2.409961462020874,,2.4748666286468506,122386,0.1088784858584404,,0.2857142984867096,,,8,-0.02507743425667286,0,1.7209444046020508,0,56,0.1006515622138977,-1.6201815605163574,0.23661064355994998,0.28571428571428575,0.2333497256040573,0.01787177287042141,,105015.5,,,548,8,-0.029370542615652084,1,0.2333497256040573,0.030011550264528886,0.375,,0.109375,222.24715423583984,,33602,0.10797426104545593,0.001544307917356491,1,420062,314.7215908020735,1079,-0.04208555445075035,8,0,,56,0.2857142984867096,0.00721202464774251,-0.029370542615652084,0.00023961120552179845,3.2493287287652493,0,,,12.606711827218533,0.2857142984867096,,2553.795377646,3.0382147654891014,2.4748666286468506,98.5,0.375,1,0,,,8,,,18,8,0.001,314.7215908020735,64.70026397705078,295.5157757215202,,0.007232776984085924,,0,,0,0,1e-06,0,,64,,1,,,,8,0.14904403686523438,,105009,,0.375,
9,1767931775.185056,,,0,4653.578125,0.051001641899347305,275,0.16473844274878502,1,0.5535714285714286,,1.0020766052882915,,27947,,-0.20923176407814026,254.2657883205229,9791,,,0.010391869582235813,1,,1,0.004713389556854963,,0.4159308075904846,,0.75,1,0,,0.14794278517365456,0.015625,79924,340.625,1,-1.20761239528656,,0.515625,1.9944822788238525,,2.4748666286468506,107440,0.12302378565073013,,0.4464285671710968,,,8,-0.02567058801651001,0,1.369859218597412,0,56,0.09679067134857178,-1.20761239528656,0.21210414046055506,0.36726721073577023,0.26895129680633545,-0.0612889789044857,,79907.25,,,469,9,-0.03021428920328617,1,0.26895129680633545,0.03218110805848187,0.515625,,0.109375,222.49235153198242,,79493,0.12149141728878021,0.0019502192735671997,1,319629,314.2666204832494,529,-0.04491645470261574,8,0,,56,0.4464285671710968,0.010391869582235813,-0.03021428920328617,0.0003028219321418638,2.7705120518803596,0,,,10.286015387624502,0.1964285671710968,,2827.010893146,2.484832961112261,2.4748666286468506,98.5,0.515625,1,0,,,8,,,27,8,0.001,314.2666204832494,64.70026397705078,298.4474732764065,,0.0077741161193516884,,0,,0,0,1e-06,0,,64,,1,,,,8,0.15543343126773834,,79888,,0.515625,
10,1767932048.4005702,,,0,4714.3125,0.015154440887272358,275,0.18967226520180702,1,0.48214285714285715,,0.8482948486467883,,38934,,-0.020088201388716698,298.0848418891074,14829,,,0.007072876673191786,1,,1,0.002147607272490859,,0.39938977360725403,,0.875,1,0,,-0.021146023645997047,0.015625,81443,375.515625,1,-2.4748666286468506,,0.578125,3.1690127849578857,,2.4748666286468506,148050,0.11280558258295059,,0.5178571343421936,,,8,-0.023579953238368034,0,1.1210678815841675,0,56,0.10163953900337219,-2.4748666286468506,0.20517259544567015,0.3345534641999142,0.3212556540966034,-0.041234225034713745,,81437.25,,,697,10,-0.04011821374297142,1,0.3212556540966034,0.03434031362541971,0.578125,,0.109375,222.95965576171875,,109116,0.11132073402404785,0.0027299262583255768,1,325749,273.2015807442367,584,-0.04838964715600014,8,0,,56,0.5178571343421936,0.007072876673191786,-0.04011821374297142,0.00031201796169250617,3.0535101369023323,0,,,11.186322823166847,0.3928571343421936,,3081.630633935,2.699936930090189,2.4748666286468506,98.5,0.578125,1,0,,,8,,,34,8,0.001,273.2015807442367,64.70026397705078,255.94412855431437,,0.008288396679928992,,0,,0,0,1e-06,0,,64,,1,,,,8,0.11025997996330261,,81431,,0.578125,
11,1767932303.0201302,,,0,5143.53125,0.024656526744365692,275,0.1578361913561821,1,0.7321428571428572,,0.7234880241918198,,73204,,-0.13722868263721466,344.11657391602944,8877,,,0.010896575637161732,1,,1,0.005996242165565491,,0.4310702085494995,,1.0,1,0,,0.15190253034234047,0.015625,87617,332.3125,1,-0.935412585735321,,0.359375,1.8778733015060425,,2.4748666286468506,103850,0.1340118944644928,,0.2678571343421936,,,8,-0.02970445528626442,0,1.2733176946640015,0,56,0.08907265961170197,-0.935412585735321,0.2164839923705265,0.13243211584099399,0.35594335198402405,0.014673847705125809,,87613.5,,,470,11,-0.02995220571756363,1,0.35594335198402405,0.03116493981041582,0.359375,,0.109375,223.0666160583496,,30646,0.13156697154045105,0.0014340542256832123,1,350454,254.6041273251176,1349,-0.0443098284304142,8,0,,56,0.2678571343421936,0.010896575637161732,-0.02995220571756363,0.00025416362664344526,2.7381987906992435,0,,,10.921877816319466,0.2678571343421936,,3383.217111897,2.5195997022092342,2.4748666286468506,98.5,0.359375,1,0,,,8,,,17,8,0.001,254.6041273251176,64.70026397705078,238.1621287316084,,0.007189530443964784,,0,,0,0,1e-06,0,,64,,1,,,,8,0.1904289275407791,,87610,,0.359375,
12,1767932604.606814,,,0,5541.46875,0.04615471139550209,275,0.1692088469862938,1,0.7142857142857143,,0.7993571337644197,,86262,,-0.2504003569483757,313.5480939447897,9331,,,0.009271007962524891,1,,1,0.005241812206804752,,0.4066808819770813,,0.875,1,0,,0.18168123438954353,0.015625,94568,368.1875,1,-1.20761239528656,,0.375,1.822190523147583,,2.4748666286468506,99750,0.11460277438163757,,0.2857142984867096,,,8,-0.030661050230264664,0,1.6541301012039185,0,56,0.0957372710108757,-1.20761239528656,0.22375125369895243,0.31943828249996997,0.30449721217155457,-0.06871912255883217,,94554.5,,,470,12,-0.02705429308116436,1,0.30449721217155457,0.031082428248466114,0.375,,0.21875,223.24965286254883,,13488,0.11282578110694885,0.0013740956783294678,1,378218,301.5629877075553,725,-0.04278641939163208,8,0,,56,0.2857142984867096,0.009271007962524891,-0.02705429308116436,0.0002531272203091225,3.1318447962403297,0,,,11.755933847278357,0.1607142835855484,,3667.4094131,2.898533023893833,2.4748666286468506,98.5,0.375,1,0,,,8,,,17,8,0.001,301.5629877075553,64.70026397705078,283.49520491808653,,0.007663657001765736,,0,,0,0,1e-06,0,,64,,1,,,,8,0.16407111287117004,,94543,,0.375,
13,1767932888.7990935,,,0,5184.09375,0.0750919058918953,275,0.19366101175546646,1,0.5,,0.7850597058311396,,41357,,-0.16070562973618507,313.61781773559176,15010,,,0.008089649491012096,1,,1,0.002668119268491864,,0.39798733592033386,,0.875,1,0,,0.212158078327775,0.015625,89127,386.125,1,-2.4748666286468506,,0.5625,2.094836950302124,,2.4748666286468506,150924,0.11040300875902176,,0.5,,,8,-0.01874813251197338,0,1.172106385231018,0,56,0.09898081794381142,-2.4748666286468506,0.16571975400602773,0.3030457633656632,0.2901502251625061,0.05145244859158993,,89123.5,,,708,13,-0.030116861686110497,1,0.2901502251625061,0.04323562598130076,0.5625,,0.109375,223.84176635742188,,109567,0.10893704742193222,0.0020664744079113007,1,356494,284.17868807166815,802,-0.03992174193263054,8,0,,56,0.5,0.008089649491012096,-0.030116861686110497,0.0002776507260818174,4.341176565736532,0,,,15.413241248577833,0.375,,4004.844165912,3.6400556676089764,2.4748666286468506,98.5,0.5625,1,0,,,8,,,31,8,0.001,284.17868807166815,64.73850679397583,260.46867932006717,,0.010210706681203545,,0,,0,0,1e-06,0,,64,,1,,,,8,0.09461431205272675,,89120,,0.5625,
14,1767933226.2334435,,,0,5324.953125,0.02550855465233326,275,0.18592436239123344,1,0.625,,0.934186614136326,,28777,,0.0,270.3308253544889,12699,,,0.00695722084492445,1,,1,0.0027572845574468374,,0.40425777435302734,,0.875,1,0,,0.25208780169487,0.015625,91219,375.953125,1,-2.4748666286468506,,0.453125,2.154425621032715,,2.4748666286468506,149351,0.11153925210237503,,0.375,,,8,-0.02345365844666958,0,1.2757030725479126,0,56,0.10476896911859512,-2.4748666286468506,0.2121231790944213,0.3345534641999142,0.2659373879432678,0.25208780169487,,91214.5,,,737,14,-0.03213028237223625,1,0.2659373879432678,0.0341905530782219,0.453125,,0.109375,224.0318145751953,,120574,0.11045754700899124,0.0020465441048145294,1,364858,337.4180501997471,532,-0.04129291698336601,8,0,,56,0.375,0.00695722084492445,-0.03213028237223625,0.00028714998470252845,3.2828749120235443,0,,,12.474696815013885,0.25,,4278.849570298,2.982315517961979,2.4748666286468506,98.5,0.453125,1,0,,,8,,,25,8,0.001,337.4180501997471,64.73850679397583,318.3679955378175,,0.008173907432376374,,0,,0,0,1e-06,0,,64,,1,,,,8,0.11650165170431137,,91211,,0.453125,
15,1767933500.239245,,,0,5354.546875,0.015729870647192,275,0.17568863183259964,1,0.6607142857142857,,0.7492602474270671,,64129,,-0.30128752440214157,333.2946405493186,10469,,,0.007391498424112797,1,,1,0.0035918073263019323,,0.40779200196266174,,1.0,1,0,,-0.0035634730011224747,0.015625,91328,352.875,1,-2.4748666286468506,,0.421875,2.4743635654449463,,2.4748666286468506,136151,0.11558722704648972,,0.3392857015132904,,,8,-0.029135635122656822,0,1.3662649393081665,0,56,0.10046172142028809,-2.4748666286468506,0.22891424603797267,0.27606472917393404,0.25061142444610596,-0.30485099740326405,,91318.75,,,550,15,-0.037130262702703476,1,0.25061142444610596,0.030951012660489257,0.421875,,0.109375,224.44858169555664,,72022,0.11458176374435425,0.002291850745677948,1,365275,273.9880540817976,649,-0.047580696642398834,8,0,,56,0.3392857015132904,0.007391498424112797,-0.037130262702703476,0.00027503037826374124,3.0225577652454376,0,,,11.305631149560213,0.3392857015132904,,4560.46757579,2.600742846727371,2.4748666286468506,98.5,0.421875,1,0,,,8,,,23,8,0.001,273.9880540817976,64.73850679397583,256.76474345102906,,0.007119958515440069,,0,,0,0,1e-06,0,,64,,1,,,,8,0.11781659722328186,,91308,,0.421875,
16,1767933781.857242,,,0,4747.96875,0.034931279718875885,275,0.19946474954485893,1,0.5178571428571429,,0.8647721869469583,,23664,,-0.020088201388716698,291.2193597861775,12595,,,0.006999703589826822,1,,1,0.0024980739690363407,,0.4110410511493683,,0.75,1,0,,0.2267165519297123,0.015625,82016,377.59375,1,-2.4748666286468506,,0.546875,2.886312961578369,,1.6201815605163574,121503,0.11136551946401596,,0.4821428656578064,,,8,-0.016213970258831978,0,1.168177843093872,0,56,0.09584738314151764,-2.4748666286468506,0.1881703786149901,0.3707239195004767,0.2824297249317169,0.2066283505409956,,82009.0,,,709,16,-0.030410172417759895,1,0.2824297249317169,0.03790768401070385,0.546875,,0.109375,224.81746292114258,,97839,0.11015967279672623,0.0016762688755989075,1,328036,281.60559126362205,318,-0.03885907679796219,8,0,,56,0.4821428656578064,0.006999703589826822,-0.030410172417759895,0.0002921855623819265,3.159916240721941,0,,,12.435085032135248,0.2321428507566452,,4804.085142093,2.918259058147669,1.6201815605163574,98.5,0.546875,1,0,,,8,,,33,8,0.001,281.60559126362205,64.73850679397583,262.77832444757223,,0.008896154867598888,,0,,0,0,1e-06,0,,64,,1,,,,8,0.09664783626794815,,82006,,0.546875,
17,1767934025.4747334,,,0,4703.03125,0.06117910519242287,275,0.16871190071105957,1,0.5892857142857143,,0.756737715671757,,69268,,-0.020088201388716698,332.409888744622,11741,,,0.01147531159222126,1,,1,0.00439270306378603,,0.4511222243309021,,1.0,1,0,,-0.03527483902871609,0.015625,80980,357.796875,1,-2.4748666286468506,,0.484375,2.098555088043213,,2.4748666286468506,91205,0.1393369436264038,,0.4107142984867096,,,8,-0.029033320024609566,0,1.471192717552185,0,56,0.09551218524575233,-2.4748666286468506,0.2110581373161062,0.31491414443836424,0.3582852780818939,-0.055363040417432785,,80973.25,,,545,17,-0.03306586667895317,1,0.3582852780818939,0.03189259840139699,0.484375,,0.109375,225.0461311340332,,21937,0.1367952823638916,0.0018473044037818909,1,323893,243.59458831325173,999,-0.05052808299660683,8,0,,56,0.4107142984867096,0.01147531159222126,-0.03306586667895317,0.0002948880810815681,2.6817289106547832,0,,,10.329789374023676,0.4107142984867096,,5168.884329768,2.5258690677583218,2.4748666286468506,98.5,0.484375,1,0,,,8,,,28,8,0.001,243.59458831325173,64.73850679397583,227.7735119909048,,0.007798467604296239,,0,,0,0,1e-06,0,,64,,1,,,,8,0.18006956577301025,,80968,,0.484375,
18,1767934390.273871,,,0,5527.09375,0.0604650042951107,275,0.21612557023763657,1,0.4489795918367347,,0.9762078324677934,,70533,,-0.12274101562798023,261.11939928084354,12729,,,0.006001684814691544,1,,1,0.0024705352261662483,,0.3731998801231384,,0.8571428656578064,1,0,,0.03923459351062775,0.015625,95263,426.171875,1,-1.6201815605163574,,0.5625,2.072347402572632,,1.6201815605163574,119309,0.09638123959302902,,0.5087719559669495,,,7,-0.006431700196117163,0,0.9664682149887085,0,57,0.11249479278922081,-1.6201815605163574,0.21575763279914967,0.26920216241373307,0.3167143762111664,-0.08350642211735249,,95252.25,,,698,18,-0.02690785564482212,1,0.3167143762111664,0.03341115722063121,0.5625,,0.109375,225.43955993652344,,48776,0.0950508862733841,0.0019237138330936432,1,381009,364.784272108227,483,-0.032905783504247665,7,0,,57,0.5087719559669495,0.006001684814691544,-0.02690785564482212,0.0002952549488049385,3.310514707118273,0,,,12.729951601475477,0.38596490025520325,,5382.675059882,3.0786935202777386,1.6201815605163574,98.5703125,0.5625,1,0,,,7,,,32,7,0.001,364.784272108227,64.73850679397583,345.31790141016245,,0.008080369545805318,,0,,0,1,1e-06,0,,64,,1,,,,7,0.07578198611736298,,95243,,0.5625,
19,1767934604.0645356,,,0,3826.375,0.02361208386719227,275,0.1535845510661602,1,0.5892857142857143,,0.819660484970793,,43134,,-0.05314844101667404,309.74510673355724,9003,,,0.010506844148039818,1,,1,0.004245314281433821,,0.48409321904182434,,1.0,1,0,,0.20023012161254883,0.015625,66220,312.078125,1,-2.4748666286468506,,0.484375,2.2207443714141846,,2.4748666286468506,119775,0.15660372376441956,,0.4107142984867096,,,8,-0.028518464416265488,0,1.6486881971359253,0,56,0.08574937656521797,-2.4748666286468506,0.2111680068600011,0.28959419178976525,0.24943341314792633,0.1470816805958748,,66215.25,,,467,19,-0.043985139578580856,1,0.24943341314792633,0.03213499617122196,0.484375,,0.109375,225.5159568786621,,76641,0.15561802685260773,0.001247301697731018,1,264861,213.7733528651297,557,-0.06195864453911781,8,0,,56,0.4107142984867096,0.010506844148039818,-0.043985139578580856,0.0003237523703573496,2.276610866189003,0,,,8.51130722090602,0.4107142984867096,,5624.618919124,2.0023502334952354,2.4748666286468506,98.5703125,0.484375,1,0,,,8,,,26,8,0.001,213.7733528651297,64.73850679397583,200.72501684352756,,0.007560004053051357,,0,,0,0,1e-06,0,,64,,1,,,,8,0.15131986141204834,,66205,,0.484375,
20,1767934846.0085554,,,0,4114.0,0.06852392852306366,275,0.16965624317526817,1,0.4107142857142857,,0.8573920320444204,,57376,,-0.14520420506596565,296.20981176677884,11694,,,0.007295971270650625,1,,1,0.0024522568564862013,,0.45294198393821716,,0.875,1,0,,0.15850813314318657,0.015625,71661,364.6875,1,-2.4748666286468506,,0.640625,1.6174272298812866,,1.6201815605163574,96535,0.13916173577308655,,0.5892857313156128,,,8,-0.01415659673511982,0,0.8269239664077759,0,56,0.08881671726703644,-2.4748666286468506,0.1830474229216437,0.3229132378575915,0.2641804814338684,0.013303928077220917,,71659.0,,,546,20,-0.03621269762516022,1,0.2641804814338684,0.036824066817567495,0.640625,,0.109375,226.1510887145996,,39159,0.13824288547039032,0.0014664456248283386,1,286636,241.91973781213164,553,-0.04255639389157295,8,0,,56,0.5892857313156128,0.007295971270650625,-0.03621269762516022,0.00030985890560514533,2.7412822134792805,0,,,10.555103216320276,0.4642857015132904,,5935.9562296,2.5996086969971657,1.6201815605163574,98.5703125,0.640625,1,0,,,8,,,38,8,0.001,241.91973781213164,64.73850679397583,225.7478924691677,,0.009069372643342656,,0,,0,0,1e-06,0,,64,,1,,,,8,0.0857904702425003,,71657,,0.640625,
21,1767935157.3458765,,,0,4964.71875,0.14415155351161957,275,0.17430491000413895,1,0.5714285714285714,,0.9172052420782352,,74258,,-0.09205576777458191,275.8203554592145,12395,,,0.007093805819749832,1,,1,0.002687428379431367,,0.4350036680698395,,1.0,1,0,,0.040310658514499664,0.015625,85876,402.09375,1,-1.6201815605163574,,0.5,1.9094617366790771,,1.6201815605163574,99215,0.12767696380615234,,0.4285714328289032,,,8,-0.0183597169816494,0,1.0308603048324585,0,56,0.1043437086045742,-1.6201815605163574,0.18129306110020488,0.20203050891044216,0.3539591431617737,-0.051745109260082245,,85869.0,,,710,21,-0.04209619387984276,1,0.3539591431617737,0.038067696681323926,0.5,,0.109375,226.37884140014648,,24957,0.12606029212474823,0.003002893179655075,1,343476,311.32220048457384,1519,-0.04976191371679306,8,0,,56,0.4285714328289032,0.007093805819749832,-0.04209619387984276,0.0003037874803612893,3.4257553704082966,0,,,13.075340185314417,0.4285714328289032,,6246.808912274,3.086801216006279,1.6201815605163574,98.5703125,0.5,1,0,,,8,,,26,8,0.001,311.32220048457384,64.73850679397583,291.4346280284226,,0.008986948770820317,,0,,0,0,1e-06,0,,64,,1,,,,8,0.1333235800266266,,85856,,0.5,
22,1767935468.1984737,,,0,4712.875,0.11153999716043472,275,0.16197669506072998,1,0.5510204081632654,,0.9729734735099849,,43316,,-0.16067010909318924,261.76782194946145,10417,,,0.008205580525100231,1,,1,0.003527811961248517,,0.45035409927368164,,0.8571428656578064,1,0,,0.23011587373912334,0.015625,81375,372.546875,1,-2.4748666286468506,,0.484375,1.6355024576187134,,1.6201815605163574,136578,0.1378243863582611,,0.42105263471603394,,,7,-0.020189326256513596,0,1.1705583333969116,0,57,0.08890926837921143,-2.4748666286468506,0.19404718204401217,0.3187857010574145,0.347243994474411,0.0694457646459341,,81366.75,,,545,22,-0.03704116493463516,1,0.347243994474411,0.03537117376198206,0.484375,,0.109375,226.51690292358398,,93262,0.13609176874160767,0.0014539919793605804,1,325467,310.8355694524944,478,-0.0470321960747242,7,0,,57,0.42105263471603394,0.008205580525100231,-0.03704116493463516,0.00027317444895860846,3.017054308205843,0,,,11.512149810791016,0.2982456088066101,,6553.474755001,2.5636698119342327,1.6201815605163574,98.791015625,0.484375,1,0,,,7,,,26,7,0.001,310.8355694524944,64.73850679397583,293.47215097397566,,0.007876896311866433,,0,,0,1,1e-06,0,,64,,1,,,,7,0.13066096603870392,,81360,,0.484375,
23,1767935774.8643994,,,0,5381.21875,0.06837980449199677,275,0.17335016280412674,1,0.5535714285714286,,0.8353820161085396,,59085,,-0.03068525530397892,301.6567984560197,10343,,,0.006213740911334753,1,,1,0.003067097859457135,,0.40814414620399475,,0.875,1,0,,0.053238335996866226,0.015625,92505,400.234375,1,-1.6201815605163574,,0.515625,1.4851784706115723,,2.4748666286468506,119440,0.11343857645988464,,0.4464285671710968,,,8,-0.019681062549352646,0,1.2535291910171509,0,56,0.09160755574703217,-1.6201815605163574,0.20944273856601017,0.29827309086589404,0.26756858825683594,0.022553080692887306,,92503.25,,,559,23,-0.03300066664814949,1,0.26756858825683594,0.033806914577724785,0.515625,,0.109375,226.65961456298828,,60355,0.11247488856315613,0.0021602027118206024,1,370013,306.6506389826536,509,-0.04104481264948845,8,0,,56,0.4464285671710968,0.006213740911334753,-0.03300066664814949,0.00024757928977368947,3.2636865116655827,0,,,12.50899788364768,0.3214285671710968,,6773.327473291,2.8904274702072144,2.4748666286468506,98.791015625,0.515625,1,0,,,8,,,27,8,0.001,306.6506389826536,64.73850679397583,287.7038955837488,,0.007811691670852684,,0,,0,0,1e-06,0,,64,,1,,,,8,0.09580535441637039,,92501,,0.515625,
24,1767935994.717029,,,0,3748.90625,0.06566674262285233,275,0.1621631644666195,1,0.375,,0.8545333538908562,,51758,,-0.07185385748744011,295.2827483678063,8132,,,0.010811486281454563,1,,1,0.004779628477990627,,0.5060579776763916,,1.0,1,0,,0.28995981253683567,0.015625,64921,308.140625,1,-2.4748666286468506,,0.671875,1.7157537937164307,,1.20761239528656,81973,0.16787375509738922,,0.625,,,8,-0.015229130163788795,0,0.7174142003059387,0,56,0.07993092760443687,-2.4748666286468506,0.17822537275588665,0.18813667415808463,0.3456389009952545,0.21810595504939556,,64912.75,,,348,24,-0.05461456626653671,1,0.3456389009952545,0.03652107095298387,0.671875,,0.109375,226.88359451293945,,30215,0.16593080759048462,0.0030604414641857147,1,259651,219.83251767605543,697,-0.06305257230997086,8,0,,56,0.625,0.010811486281454563,-0.05461456626653671,0.0003078398604451239,2.745915215462446,0,,,9.482732594013214,0.625,,7064.07242341,2.312662411481142,1.20761239528656,98.791015625,0.671875,1,0,,,8,,,37,8,0.001,219.83251767605543,64.73850679397583,205.02818759903312,,0.008906811109840294,,0,,0,0,1e-06,0,,64,,1,,,,8,0.08695165812969208,,64903,,0.671875,
25,1767936285.4619946,,,0,4906.140625,0.12540142238140106,275,0.16769533976912498,1,0.48979591836734687,,0.87045953934625,,73417,,0.0,289.8051295012001,9643,,,0.007353667169809341,1,,1,0.003567852545529604,,0.454447478055954,,1.0,1,0,,-0.13723134621977806,0.015625,84257,359.65625,1,-1.6201815605163574,,0.5,1.679614782333374,,0.935412585735321,94760,0.13798603415489197,,0.4385964870452881,,,7,-0.010888312011957169,0,0.7837013006210327,0,57,0.08595700934529305,-1.6201815605163574,0.19738230553290909,0.10406162272638333,0.2895268499851227,-0.13723134621977806,,84252.75,,,469,25,-0.03816341236233711,1,0.2895268499851227,0.03407430375471392,0.5,,0.109375,227.29687881469727,,21343,0.13686339557170868,0.001377936452627182,1,337011,290.7220798507333,958,-0.04425190016627312,7,0,,57,0.4385964870452881,0.007353667169809341,-0.03816341236233711,0.00025505698432779064,2.9183855913579464,0,,,11.483415182679892,0.4385964870452881,,7371.861635181,2.7304995208978653,0.935412585735321,98.791015625,0.5,1,0,,,7,,,28,7,0.001,290.7220798507333,64.73850679397583,273.3182021379471,,0.008102108005073619,,0,,0,1,1e-06,0,,64,,1,,,,7,0.07665710896253586,,84247,,0.5,
26,1767936593.2513132,,,0,5011.171875,0.09830279648303986,275,0.1883854642510414,1,0.5918367346938777,,0.9017082536666403,,59992,,-0.14061741530895233,278.86094004786037,12728,,,0.007938512600958347,1,,1,0.0029632216319441795,,0.46391761302948,,0.7142857313156128,1,0,,0.03953915648162365,0.015625,85849,352.984375,1,-1.20761239528656,,0.421875,0.8654156923294067,,2.4748666286468506,120759,0.143454447388649,,0.35087719559669495,,,7,-0.021517448127269745,0,1.7242326736450195,0,57,0.0956103503704071,-1.20761239528656,0.19730361255664516,0.41424047204458037,0.2980067729949951,-0.10107825882732868,,85826.5,,,697,26,-0.016104381531476974,1,0.2980067729949951,0.03523798871856565,0.421875,,0.109375,227.6788101196289,,60767,0.1422177255153656,0.001806359738111496,1,343306,307.77526599913836,545,-0.030030623078346252,7,0,,57,0.35087719559669495,0.007938512600958347,-0.016104381531476974,0.00027849892041038345,3.308810256421566,0,,,12.097412955015898,0.10526315867900848,,7634.438725368,2.870486505329609,2.4748666286468506,98.791015625,0.421875,1,0,,,7,,,22,7,0.001,307.77526599913836,64.73850679397583,289.19136257469654,,0.008361305964153288,,0,,0,1,1e-06,0,,64,,1,,,,7,0.1594163030385971,,85809,,0.421875,
27,1767936855.828366,,,0,4627.234375,0.1392367035150528,275,0.20061776041984558,1,0.4464285714285714,,0.8260745013734067,,46792,,0.0,304.52563380125804,11373,,,0.00984659418463707,1,,1,0.003813399700447917,,0.46307626366615295,,0.875,1,0,,-0.02661149948835373,0.015625,79960,370.046875,1,-2.4748666286468506,,0.609375,1.3496112823486328,,1.20761239528656,106272,0.1412586122751236,,0.5535714030265808,,,8,-0.01613771542906761,0,0.8648436069488525,0,56,0.11246458441019058,-2.4748666286468506,0.1887469781993361,0.2519059996368908,0.38302871584892273,-0.02661149948835373,,79956.5,,,575,27,-0.03744335472583771,1,0.38302871584892273,0.037069426898859746,0.609375,,0.109375,227.87616348266602,,59480,0.13885433971881866,0.001471925526857376,1,319826,262.56081959977746,436,-0.046416155993938446,8,0,,56,0.5535714030265808,0.00984659418463707,-0.03744335472583771,0.00035164303218059376,2.9743870347738266,0,,,11.855766527354717,0.4285714328289032,,8062.455577335,2.7629869244992733,1.20761239528656,98.791015625,0.609375,1,0,,,8,,,36,8,0.001,262.56081959977746,64.73850679397583,244.63618106022477,,0.008639031612499525,,0,,0,0,1e-06,0,,64,,1,,,,8,0.09226053953170776,,79952,,0.609375,
28,1767937283.8452685,,,0,6762.828125,0.083235003054142,275,0.21508531644940376,1,0.4821428571428571,,0.9330028640585365,,84146,,-0.06861434131860733,271.0726363303265,14511,,,0.004946617875248194,1,,1,0.002194511005654931,,0.4200475513935089,,1.0,1,0,,-0.18346778489649296,0.015625,116036,488.28125,1,-2.4748666286468506,,0.578125,1.5761128664016724,,1.20761239528656,154962,0.11257359385490417,,0.5178571343421936,,,8,-0.016349783167243004,0,0.8916729092597961,0,56,0.11318261921405792,-2.4748666286468506,0.21810803826221878,0.21354037041252497,0.2982103228569031,-0.2520821262151003,,116017.75,,,733,28,-0.03924053907394409,1,0.2982103228569031,0.03371937726443462,0.578125,,0.109375,228.57161331176758,,70816,0.11165076494216919,0.001849047839641571,1,464071,427.99506276473403,1013,-0.043868303298950195,8,0,,56,0.5178571343421936,0.004946617875248194,-0.03924053907394409,0.00024389073916288224,4.321144334971905,0,,,15.64818512648344,0.5178571343421936,,8274.079031304,3.8519915901124477,1.20761239528656,98.791015625,0.578125,1,0,,,8,,,34,8,0.001,427.99506276473403,66.96482181549072,403.8232326246798,,0.008300435903369199,,0,,0,0,1e-06,0,,64,,1,,,,8,0.05608515813946724,,115971,,0.578125,
29,1767937495.468601,,,0,3115.59375,0.287204772233963,275,0.16488125175237656,1,0.2857142857142857,,0.9878819124409449,,20805,,-0.08145871199667454,261.30948451776413,9930,,,0.010235809721052647,1,,1,0.0030596398282796144,,0.4945739209651947,,0.625,1,0,,0.12444978766143322,0.015625,55295,340.296875,1,-2.4748666286468506,,0.75,1.0990629196166992,,1.6201815605163574,99951,0.16303317248821259,,0.7142857313156128,,,8,-0.016572147607803345,0,0.7164269685745239,0,56,0.08987056091427803,-2.4748666286468506,0.14906784326248915,0.31134992453861954,0.26913970708847046,0.04299107566475868,,55294.25,,,493,29,-0.05205642059445381,1,0.26913970708847046,0.045074873045833005,0.75,,0.109375,228.54541397094727,,79146,0.16193585097789764,0.002010297030210495,1,221177,211.6044509522617,481,-0.060003820806741714,8,0,,56,0.7142857313156128,0.010235809721052647,-0.05205642059445381,0.00040632869111290065,2.163684953004122,0,,,9.969525195658207,0.3392857015132904,,8579.318892731,2.213085811585188,1.6201815605163574,98.791015625,0.75,1,0,,,8,,,45,8,0.001,211.6044509522617,66.96482181549072,196.98167757689953,,0.010005949133884572,,0,,0,0,1e-06,0,,64,,1,,,,8,0.05099773406982422,,55293,,0.75,
30,1767937800.7085083,,,0,4918.53125,0.5003871321678162,275,0.20060082525014877,1,0.4821428571428572,,0.8997858717941889,,77652,,0.0,278.6968411172636,12851,,,0.007227132096886635,1,,1,0.002617012010887265,,0.43709027767181396,,0.875,1,0,,0.09769788384437561,0.015625,85074,398.046875,1,-1.6201815605163574,,0.578125,1.5708587169647217,,1.6201815605163574,94138,0.12288425117731094,,0.5178571343421936,,,8,-0.012889034114778042,0,0.8777036666870117,0,56,0.09988768398761749,-1.6201815605163574,0.1669495376552285,0.24679062430509383,0.3215540647506714,0.09769788384437561,,85065.25,,,732,30,-0.045174434781074524,1,0.3215540647506714,0.04256531860651678,0.578125,,0.109375,228.82046508789062,,16486,0.12143798917531967,0.003083590418100357,1,340261,305.225023932755,651,-0.05189274996519089,8,0,,56,0.5178571343421936,0.007227132096886635,-0.045174434781074524,0.00029356195387545883,3.740877151489258,0,,,14.483317874372005,0.3928571343421936,,8944.365846677,3.436731442809105,1.6201815605163574,98.791015625,0.578125,1,0,,,8,,,33,8,0.001,305.225023932755,66.96482181549072,283.23999543860555,,0.01010028020492829,,0,,0,0,1e-06,0,,64,,1,,,,8,0.0777069553732872,,85051,,0.578125,
31,1767938165.755335,,,0,6004.765625,0.25302568078041077,275,0.20695841312408447,1,0.6122448979591837,,0.8913316676440819,,82737,,-0.14061743021011353,280.5597497554417,12899,,,0.0061357514932751656,1,,1,0.002710294909775257,,0.4582645297050476,,0.8571428656578064,1,0,,0.22902445308864117,0.015625,102435,396.0,1,-0.935412585735321,,0.4375,1.584892988204956,,2.4748666286468506,125492,0.12965451180934906,,0.3684210479259491,,,7,-0.017320260405540466,0,1.1525877714157104,0,57,0.11581452190876007,-0.935412585735321,0.2009702611559177,0.28278380531736774,0.36488521099090576,0.08840702287852764,,102412.25,,,695,31,-0.02655719593167305,1,0.36488521099090576,0.03596173096612918,0.4375,,0.109375,229.4085807800293,,42755,0.12820227444171906,0.0017442405223846436,1,409649,365.0283053405583,508,-0.03383680433034897,7,0,,57,0.3684210479259491,0.0061357514932751656,-0.02655719593167305,0.0002827164765659383,3.8418472185730934,0,,,14.731687128543854,0.24561403691768646,,9281.969287209,3.5673838518559933,2.4748666286468506,98.791015625,0.4375,1,0,,,7,,,23,7,0.001,365.0283053405583,66.96482181549072,342.5432165339589,,0.008708391456725131,,0,,0,1,1e-06,0,,64,,1,,,,7,0.10948126763105392,,102401,,0.4375,
32,1767938503.3588064,,,0,6110.34375,0.1661929041147232,275,0.2070797234773636,1,0.5535714285714286,,0.8067447300938533,,78533,,-0.14061740040779114,309.61822115841477,12802,,,0.007423375267535448,1,,1,0.0033502751030027866,,0.43324869871139526,,1.0,1,0,,0.16316303238272667,0.015625,104534,422.328125,1,-2.4748666286468506,,0.515625,1.273734450340271,,2.4748666286468506,120208,0.11947494745254517,,0.4464285671710968,,,8,-0.018800821155309677,0,1.055113434791565,0,56,0.10412304848432541,-2.4748666286468506,0.20837306201695832,0.28064702938395913,0.3681628108024597,0.02254563197493553,,104522.75,,,737,32,-0.030685976147651672,1,0.3681628108024597,0.03492186673629746,0.515625,,0.109375,229.98756408691406,,41675,0.11761503666639328,0.0028553158044815063,1,418091,337.5859134159982,991,-0.038806553930044174,8,0,,56,0.4464285671710968,0.007423375267535448,-0.030685976147651672,0.0002490439844060872,3.738897994160652,0,,,14.600518185645342,0.4464285671710968,,9597.011226055,3.4257723689079285,2.4748666286468506,98.791015625,0.515625,1,0,,,8,,,26,8,0.001,337.5859134159982,66.96482181549072,315.48720763996243,,0.008193843849563679,,0,,0,0,1e-06,0,,64,,1,,,,8,0.09841907024383545,,104512,,0.515625,
33,1767938818.4009125,,,0,4729.703125,0.16302472352981567,275,0.17268406599760056,1,0.5178571428571429,,0.9789266231937842,,43976,,-0.2704885583370924,258.8672402216685,11273,,,0.009243444539606571,1,,1,0.0036980840377509594,,0.4852934181690216,,1.0,1,0,,0.11186576262116432,0.015625,81557,367.09375,1,-2.4748666286468506,,0.546875,1.665018916130066,,2.4748666286468506,112313,0.14834976196289062,,0.4821428656578064,,,8,-0.020704181864857674,0,1.2375041246414185,0,56,0.10483230650424957,-2.4748666286468506,0.1847840237375981,0.28515570397627343,0.3568374514579773,-0.15862279571592808,,81548.75,,,549,33,-0.04374610260128975,1,0.3568374514579773,0.037626753028135417,0.546875,,0.109375,230.08440017700195,,68337,0.14640463888645172,0.003220193088054657,1,326195,315.02151423320174,582,-0.05569976568222046,8,0,,56,0.4821428656578064,0.009243444539606571,-0.04374610260128975,0.00032137925628611587,3.1286043114960194,0,,,12.273658704012632,0.4821428656578064,,9902.083753223,2.995994206517935,2.4748666286468506,98.791015625,0.546875,1,0,,,8,,,31,8,0.001,315.02151423320174,66.96482181549072,296.32206776738167,,0.009184672378540244,,0,,0,0,1e-06,0,,64,,1,,,,8,0.12321975082159042,,81541,,0.546875,
34,1767939123.4734383,,,0,5062.125,0.35802221298217773,275,0.16411660239100456,1,0.41071428571428575,,0.8781729709895805,,53758,,-0.11214396730065346,286.50016252053325,10548,,,0.006108477246016264,1,,1,0.0027867588214576244,,0.4458540380001068,,1.0,1,0,,0.17842230387032032,0.015625,87404,400.34375,1,-2.4748666286468506,,0.640625,1.6672441959381104,,1.6201815605163574,131191,0.12484674900770187,,0.5892857313156128,,,8,-0.012352091260254383,0,0.7252363562583923,0,56,0.09699486196041107,-2.4748666286468506,0.18369501147675754,0.2415669510440836,0.3221409022808075,0.06627833656966686,,87399.5,,,548,34,-0.04120420292019844,1,0.3221409022808075,0.03859497551897598,0.640625,,0.109375,230.48855209350586,,77433,0.12363418191671371,0.0015222206711769104,1,349598,305.059163775295,580,-0.04591476172208786,8,0,,56,0.5892857313156128,0.006108477246016264,-0.04120420292019844,0.00027744684454834146,3.618774451315403,0,,,13.492726251482964,0.5892857313156128,,10134.203166507,3.157841984182596,1.6201815605163574,99.3046875,0.640625,1,0,,,8,,,37,8,0.001,305.059163775295,66.96482181549072,284.5069664493203,,0.009032780462653094,,0,,0,0,1e-06,0,,64,,1,,,,8,0.06357850879430771,,87398,,0.640625,
35,1767939355.5927248,,,0,3987.171875,0.19318194687366486,275,0.15593237802386284,1,0.375,,0.847970300406316,,45507,,-0.08383369259536266,299.2963011033503,10951,,,0.012391301803290844,1,,1,0.004286132752895355,,0.4751085042953491,,0.625,1,0,,0.21036582998931408,0.015625,69468,354.515625,1,-1.6201815605163574,,0.671875,1.0007437467575073,,2.4748666286468506,93921,0.14263750612735748,,0.625,,,8,-0.0150382649153471,0,0.9488549828529358,0,56,0.09089340642094612,-1.6201815605163574,0.18835469085869666,0.3494711748353737,0.37109726667404175,0.12653213739395142,,69467.0,,,576,35,-0.023531444370746613,1,0.37109726667404175,0.03676265255314958,0.671875,,0.109375,230.71697998046875,,48414,0.13977108895778656,0.002281889319419861,1,277868,232.10109762102365,485,-0.035731758922338486,8,0,,56,0.625,0.012391301803290844,-0.023531444370746613,0.0003271100177816306,2.7582556642591953,0,,,10.215164739638567,0.25,,10328.415527571,2.474918119609356,2.4748666286468506,99.3046875,0.671875,1,0,,,8,,,39,8,0.001,232.10109762102365,66.96482181549072,216.38421328738332,,0.008906812297959305,,0,,0,0,1e-06,0,,64,,1,,,,8,0.09649631381034851,,69466,,0.671875,
36,1767939549.8050654,,,0,3006.34375,0.11740166693925858,275,0.12768246978521347,1,0.26530612244897955,,0.9369876430849821,,15823,,0.0,273.9429537871051,9129,,,0.007541344966739416,1,,1,0.0023562537971884012,,0.532367467880249,,0.5714285969734192,1,0,,0.09769787639379501,0.015625,53197,318.328125,1,-1.6201815605163574,,0.671875,1.2661824226379395,,1.6201815605163574,105743,0.1745089590549469,,0.6315789222717285,,,7,-0.009807044640183449,0,0.5081048011779785,0,57,0.08270377665758133,-1.6201815605163574,0.15888395079516257,0.2900544980316714,0.364320307970047,0.09769787639379501,,53194.75,,,493,36,-0.03043881058692932,1,0.364320307970047,0.04223631409929839,0.671875,,0.125,230.9400634765625,,89920,0.173066645860672,0.001875855028629303,1,212779,194.18185160309076,407,-0.034531015902757645,7,0,,57,0.6315789222717285,0.007541344966739416,-0.03043881058692932,0.0003886839239660931,2.525682907551527,0,,,8.987000677734613,0.2631579041481018,,10484.732714426,2.1573387421667576,1.6201815605163574,99.3046875,0.671875,1,0,,,7,,,40,7,0.001,194.18185160309076,66.96482181549072,180.28204445540905,,0.010138870575417487,,0,,0,1,1e-06,0,,64,,1,,,,7,0.08398642390966415,,53192,,0.671875,
37,1767939706.122251,,,0,3361.890625,0.2592749297618866,275,0.14202845469117165,1,0.2857142857142857,,0.6658636375589722,,28401,,0.0,377.49729499302447,10823,,,0.010987121611833572,1,,1,0.0032478237990289927,,0.4964500069618225,,0.875,1,0,,-0.010440265759825706,0.015625,59005,325.75,1,-2.4748666286468506,,0.75,1.5224754810333252,,0.935412585735321,81401,0.1515129655599594,,0.7142857313156128,,,8,-0.012982259504497051,0,0.5112560987472534,0,56,0.0915171466767788,-2.4748666286468506,0.1837230747440538,0.1889822365046136,0.3366284966468811,-0.010440265759825706,,59002.25,,,550,37,-0.040443357080221176,1,0.3366284966468811,0.03566931917080164,0.75,,0.109375,231.16777801513672,,53000,0.14945648610591888,0.002142738550901413,1,236009,156.29847096279263,599,-0.046572279185056686,8,0,,56,0.7142857313156128,0.010987121611833572,-0.040443357080221176,0.00038776973198809703,2.302310708910227,0,,,8.418280348181725,0.5892857313156128,,10809.498081315,2.0542497150599957,0.935412585735321,99.3046875,0.75,1,0,,,8,,,48,8,0.001,156.29847096279263,66.96482181549072,143.267886120826,,0.00870411600854203,,0,,0,0,1e-06,0,,64,,1,,,,8,0.06610055267810822,,59001,,0.75,
38,1767940030.8876631,,,0,4251.96875,0.23423443734645844,275,0.1567741557955742,1,0.4081632653061224,,1.1271101074625653,,45857,,-0.10978294163942337,228.21170499950833,10736,,,0.005387210287153721,1,,1,0.002030335832387209,,0.441962331533432,,0.8571428656578064,1,0,,0.07137560658156872,0.015625,74113,379.984375,1,-2.4748666286468506,,0.59375,1.6385270357131958,,1.6201815605163574,131395,0.11957494914531708,,0.5438596606254578,,,7,-0.009712441824376583,0,0.8236130475997925,0,57,0.08732575178146362,-2.4748666286468506,0.1712369312181974,0.2999375195244708,0.3480667173862457,-0.03840733505785465,,74111.25,,,546,38,-0.03337990492582321,1,0.3480667173862457,0.040319315138745274,0.59375,,0.109375,231.29581832885742,,85538,0.11833734810352325,0.0016381628811359406,1,296445,324.747803799808,476,-0.03802171349525452,7,0,,57,0.5438596606254578,0.005387210287153721,-0.03337990492582321,0.00029457657164554514,3.0060738138854504,0,,,11.952459376305342,0.42105263471603394,,11096.033077411,2.808434583246708,1.6201815605163574,99.3046875,0.59375,1,0,,,7,,,36,7,0.001,324.747803799808,66.96482181549072,306.71596510335803,,0.009473712099197854,,0,,0,1,1e-06,0,,64,,1,,,,7,0.08179368823766708,,74108,,0.59375,
39,1767940317.4227464,,,0,5225.515625,0.5050478577613831,275,0.24885458499193192,1,0.4489795918367347,,0.8016114220463062,,68293,,-0.17130267061293125,312.65836891432633,10767,,,0.008943495340645313,1,,1,0.004149740096181631,,0.42592334747314453,,1.0,1,0,,0.30639653094112873,0.015625,89592,373.4375,1,-2.4748666286468506,,0.5625,1.652653694152832,,2.4748666286468506,97637,0.11513890326023102,,0.5087719559669495,,,7,-0.011271871626377106,0,1.0079731941223145,0,57,0.09436969086527824,-2.4748666286468506,0.20386871827093167,0.269202162413733,0.3284836709499359,0.13509386032819748,,89583.25,,,495,39,-0.025726621970534325,1,0.3284836709499359,0.033805719148466876,0.5625,,0.109375,231.65359497070312,,29344,0.11321365088224411,0.002257831394672394,1,358333,286.52119663730264,761,-0.03505494445562363,7,0,,57,0.5087719559669495,0.008943495340645313,-0.025726621970534325,0.00026335752181707586,3.186905298382044,0,,,12.11370475962758,0.5087719559669495,,11321.416261186,2.7698721550405025,2.4748666286468506,99.3046875,0.5625,1,0,,,7,,,31,7,0.001,286.52119663730264,66.96482181549072,268.0853127092123,,0.0077298829720971905,,0,,0,1,1e-06,0,,64,,1,,,,7,0.07726936042308807,,89576,,0.5625,
40,1767940542.8057072,,,0,3245.75,0.19121383130550385,275,0.1349712535738945,1,0.3571428571428571,,1.0105569691337064,,39521,,-0.05314844101667404,254.53129208257718,8589,,,0.007894939742982388,1,,1,0.0028280543629080057,,0.49696189165115356,,0.75,1,0,,0.21818793192505836,0.015625,57370,339.421875,1,-1.6201815605163574,,0.6875,2.0583300590515137,,1.6201815605163574,82426,0.14861105382442474,,0.6428571343421936,,,8,-0.0033346700947731733,0,0.7182326912879944,0,56,0.08610131591558456,-1.6201815605163574,0.15232043525645886,0.2766416675862441,0.32258889079093933,0.16503949090838432,,57362.75,,,472,40,-0.02287141978740692,1,0.32258889079093933,0.042995459272776995,0.6875,,0.109375,232.04148483276367,,42905,0.14722657203674316,0.0011953748762607574,1,229451,225.36619969457388,482,-0.028768954798579216,8,0,,56,0.6428571343421936,0.007894939742982388,-0.02287141978740692,0.00037524925110626916,2.8442191146314144,0,,,9.865351125597954,0.3928571343421936,,11579.398317573,2.4946292340755463,1.6201815605163574,99.3046875,0.6875,1,0,,,8,,,41,8,0.001,225.36619969457388,66.96482181549072,209.92097808420658,,0.010872165447418168,,0,,0,0,1e-06,0,,64,,1,,,,8,0.07585962861776352,,57359,,0.6875,
41,1767940800.7879808,,,0,4199.171875,0.19556361436843872,275,0.14915504306554794,1,0.4464285714285714,,0.8982382015425616,,46625,,-0.020088201388716698,282.6077379286864,9306,,,0.012569442391395569,1,,1,0.005399064160883427,,0.44252142310142517,,0.75,1,0,,0.12185265123844147,0.015625,72907,357.25,1,-2.4748666286468506,,0.609375,1.6144764423370361,,1.6201815605163574,89687,0.1268344223499298,,0.5535714030265808,,,8,-0.011017032898962498,0,0.8838626146316528,0,56,0.08221978694200516,-2.4748666286468506,0.18115114513678257,0.338344559312436,0.40295854210853577,0.10176444984972477,,72902.75,,,470,41,-0.021754922345280647,1,0.40295854210853577,0.037395856923044764,0.609375,,0.109375,232.1602783203125,,43062,0.12331952154636383,0.0012923628091812134,1,291611,257.9644511304796,509,-0.03328292816877365,8,0,,56,0.5535714030265808,0.012569442391395569,-0.021754922345280647,0.0002819502245868817,2.8042247742414474,0,,,10.905043233186007,0.3035714328289032,,11852.387492467,2.6055579483509064,1.6201815605163574,99.3046875,0.609375,1,0,,,8,,,36,8,0.001,257.9644511304796,66.96482181549072,241.3988219499588,,0.008935046854717094,,0,,0,0,1e-06,0,,64,,1,,,,8,0.09562905132770538,,72896,,0.609375,
42,1767941073.7770858,,,0,4840.53125,0.21770760416984558,275,0.16002362966537476,1,0.5510204081632653,,0.8242293240939792,,29531,,-0.17588946223258972,304.5658197207983,9645,,,0.0061460197903215885,1,,1,0.002934214426204562,,0.4501691460609436,,1.0,1,0,,0.3479780852794647,0.015625,83149,355.609375,1,-1.6201815605163574,,0.484375,2.7050588130950928,,2.4748666286468506,115515,0.1239926740527153,,0.42105263471603394,,,7,-0.013319206424057484,0,1.3406015634536743,0,57,0.08722607418894768,-1.6201815605163574,0.19817169989774067,0.26920216241373307,0.3635444939136505,0.172088623046875,,83138.25,,,494,42,-0.02800491638481617,1,0.3635444939136505,0.034664244558223783,0.484375,,0.109375,232.34716796875,,85984,0.12251129001379013,0.0013147704303264618,1,332553,272.9730147533119,326,-0.03646841645240784,7,0,,57,0.42105263471603394,0.0061460197903215885,-0.02800491638481617,0.0002622922487210991,3.0889130644500256,0,,,11.527698520570993,0.42105263471603394,,12151.53017405,2.7458682991564274,2.4748666286468506,99.3046875,0.484375,1,0,,,7,,,27,7,0.001,272.9730147533119,66.96482181549072,255.3412992283702,,0.008256934380854864,,0,,0,1,1e-06,0,,64,,1,,,,7,0.10843949764966965,,83123,,0.484375,
43,1767941372.9197793,,,0,3622.8125,0.5886540412902832,275,0.1348625086247921,1,0.3928571428571429,,1.2189016506245527,,45869,,0.0,211.960219109723,9125,,,0.007357888389378786,1,,1,0.002779008587822318,,0.4707740545272827,,0.875,1,0,,0.14189192838966846,0.015625,63410,339.859375,1,-2.4748666286468506,,0.65625,2.2459330558776855,,1.6201815605163574,100411,0.13601155579090118,,0.6071428656578064,,,8,-0.017614882439374924,0,0.9204276204109192,0,56,0.08173380419611931,-2.4748666286468506,0.15615960770808543,0.30093392047058426,0.3244367241859436,0.14189192838966846,,63402.75,,,467,43,-0.036429647356271744,1,0.3244367241859436,0.04263525063473996,0.65625,,0.109375,232.8775405883789,,54542,0.13461486995220184,0.003019280731678009,1,253611,299.125705126673,639,-0.04352228716015816,8,0,,56,0.6071428656578064,0.007357888389378786,-0.036429647356271744,0.0003222802015532422,2.854213207960129,0,,,10.812768548727036,0.4821428656578064,,12423.369715325,2.608601897954941,1.6201815605163574,99.3046875,0.65625,1,0,,,8,,,41,8,0.001,299.125705126673,66.96482181549072,282.6145367138088,,0.010285838934253408,,0,,0,0,1e-06,0,,64,,1,,,,8,0.09278631210327148,,63384,,0.65625,
44,1767941644.7592723,,,0,4918.203125,0.2257220298051834,275,0.1635567471385002,1,0.6071428571428571,,0.805753484201922,,67547,,-0.1629313826560974,311.55208078128254,10790,,,0.009384779259562492,1,,1,0.004071652423590422,,0.4205670952796936,,1.0,1,0,,0.02361808530986309,0.015625,84690,374.640625,1,-1.6201815605163574,,0.46875,1.9144001007080078,,2.4748666286468506,98692,0.11167449504137039,,0.3928571343421936,,,8,-0.015729043632745743,0,1.072075366973877,0,56,0.09440609067678452,-1.6201815605163574,0.191671789970537,0.22303564279994278,0.3335641026496887,-0.13931329734623432,,84685.5,,,546,44,-0.028585655614733696,1,0.3335641026496887,0.03557949117162015,0.46875,,0.109375,233.27685546875,,31145,0.1095723882317543,0.001401316374540329,1,338742,271.81811717525125,942,-0.03901297226548195,8,0,,56,0.3928571343421936,0.009384779259562492,-0.028585655614733696,0.00027869614832759005,3.1059843860566616,0,,,12.052267998456955,0.3928571343421936,,12649.210870006,2.758828639984131,2.4748666286468506,99.3046875,0.46875,1,0,,,8,,,28,8,0.001,271.81811717525125,66.96482181549072,253.622995454818,,0.008144335925229616,,0,,0,0,1e-06,0,,64,,1,,,,8,0.12025566399097443,,84675,,0.46875,
45,1767941870.6003864,,,0,3536.03125,0.7134526968002319,275,0.13733498379588127,1,0.39285714285714285,,0.9297580656475452,,43065,,-0.03068525716662407,274.54267466725736,9434,,,0.012363790534436703,1,,1,0.004403580911457539,,0.4486737549304962,,1.0,1,0,,-0.12584576196968555,0.015625,62001,338.875,1,-2.4748666286468506,,0.65625,2.6969616413116455,,0.935412585735321,83143,0.128900945186615,,0.6071428656578064,,,8,-0.009227202273905277,0,0.666220486164093,0,56,0.08567318320274353,-2.4748666286468506,0.16560283895049072,0.15567496226930974,0.4312736392021179,-0.15653101913630962,,61998.5,,,494,45,-0.04116389900445938,1,0.4312736392021179,0.04032159858774125,0.65625,,0.109375,233.45469284057617,,40078,0.12511566281318665,0.0017807409167289734,1,247994,225.82463755458593,497,-0.050019338726997375,8,0,,56,0.6071428656578064,0.012363790534436703,-0.04116389900445938,0.00034546474189997957,2.7152922302484512,0,,,9.999514520168304,0.6071428656578064,,12924.748759835,2.4568073712289333,0.935412585735321,99.3046875,0.65625,1,0,,,8,,,38,8,0.001,225.82463755458593,66.96482181549072,210.40982880443335,,0.009906721014334756,,0,,0,0,1e-06,0,,64,,1,,,,8,0.09249906241893768,,61995,,0.65625,
46,1767942146.1383622,,,0,4731.90625,0.4255124032497406,275,0.20201390981674194,1,0.6785714285714286,,0.8448361358995055,,59724,,-0.20923176407814026,297.4085069260612,12827,,,0.00797115359455347,1,,1,0.0027812086045742035,,0.4197363257408142,,1.0,1,0,,0.23303289338946342,0.015625,82310,389.515625,1,-1.6201815605163574,,0.40625,2.2332677841186523,,2.4748666286468506,115686,0.10936221480369568,,0.3214285671710968,,,8,-0.01898009516298771,0,1.4296478033065796,0,56,0.10704192519187927,-1.6201815605163574,0.17341010869849727,0.19884872724392938,0.29549071192741394,0.023801129311323166,,81942.75,,,735,46,-0.028505410999059677,1,0.29549071192741394,0.0399105816111292,0.40625,,0.109375,233.79066848754883,,55962,0.10786662995815277,0.0017417706549167633,1,327771,275.5225492604077,695,-0.04022197052836418,8,0,,56,0.3214285671710968,0.00797115359455347,-0.028505410999059677,0.000326575338244931,3.2894763499498367,0,,,13.08153124526143,0.3214285671710968,,13205.111570056,2.9694146811962128,2.4748666286468506,99.3046875,0.40625,1,0,,,8,,,21,8,0.001,275.5225492604077,66.96482181549072,255.85186506807804,,0.009059418561118015,,0,,0,0,1e-06,0,,64,,1,,,,8,0.16069550812244415,,80848,,0.40625,
47,1767942426.5011728,,,0,4536.125,0.5176074504852295,275,0.19005554541945457,1,0.44642857142857145,,0.9063935606174806,,47686,,-0.04116860032081604,280.6176319557846,12652,,,0.007981068454682827,1,,1,0.0027090036310255527,,0.415151447057724,,0.875,1,0,,0.3027233276516199,0.015625,79014,380.765625,1,-2.4748666286468506,,0.609375,2.409759521484375,,1.6201815605163574,120470,0.1038946658372879,,0.5535714030265808,,,8,-0.006212895270437002,0,0.9114805459976196,0,56,0.09787017479538918,-2.4748666286468506,0.19301653159482618,0.2714050741709047,0.290421724319458,0.26155472733080387,,78670.25,,,712,47,-0.024032700806856155,1,0.290421724319458,0.03587543350640796,0.609375,,0.109375,234.13623809814453,,72784,0.1023939922451973,0.0016273893415927887,1,314681,280.3467816747725,511,-0.03155916556715965,8,0,,56,0.5535714030265808,0.007981068454682827,-0.024032700806856155,0.0003110139309185784,2.909939266741276,0,,,11.289317291229963,0.4285714328289032,,13523.353835635,2.679005578160286,1.6201815605163574,99.3046875,0.609375,1,0,,,8,,,34,8,0.001,280.3467816747725,66.96482181549072,263.136927369982,,0.008513401121009168,,0,,0,0,1e-06,0,,64,,1,,,,8,0.0809251144528389,,77685,,0.609375,
48,1767942744.7433882,,,0,4034.140625,0.257813960313797,275,0.15897826477885246,1,0.3571428571428571,,1.1711845573495328,,53252,,-0.020088201388716698,221.0649022806299,11027,,,0.0088967215269804,1,,1,0.0030974906403571367,,0.41095662117004395,,0.875,1,0,,0.1494638416916132,0.015625,70355,362.609375,1,-2.4748666286468506,,0.6875,1.8778529167175293,,0.935412585735321,111558,0.10598673671483994,,0.6428571343421936,,,8,-0.00536904064938426,0,0.7226136922836304,0,56,0.09200938418507576,-2.4748666286468506,0.18391280053678707,0.2258769757263128,0.3334772288799286,0.1293756403028965,,70348.0,,,560,48,-0.021126843988895416,1,0.3334772288799286,0.0365628241474242,0.6875,,0.109375,234.42395401000977,,58306,0.10394464433193207,0.0021965391933918,1,281392,318.22328770533204,524,-0.027803093194961548,8,0,,56,0.6428571343421936,0.0088967215269804,-0.021126843988895416,0.0003269793888421695,2.7831375785171986,0,,,10.28848621249199,0.5178571343421936,,13794.759460366,2.4966038689017296,0.935412585735321,99.3046875,0.6875,1,0,,,8,,,39,8,0.001,318.22328770533204,66.96482181549072,302.3822849392891,,0.00887233421313232,,0,,0,0,1e-06,0,,64,,1,,,,8,0.058597858995199203,,70345,,0.6875,
49,1767943016.149129,,,0,4542.3125,0.5198091864585876,275,0.1846403293311596,1,0.42857142857142855,,0.8705119760936529,,56645,,-0.12500229477882385,290.2151339552817,12200,,,0.007175585255026817,1,,1,0.002527430886402726,,0.4144226014614105,,1.0,1,0,,0.15628624334931374,0.015625,78766,380.21875,1,-2.4748666286468506,,0.546875,2.087700128555298,,1.6201815605163574,91455,0.10774873197078705,,0.4912280738353729,,,7,-0.007210352923721075,0,0.9883554577827454,0,57,0.09854349493980408,-2.4748666286468506,0.18237414128697688,0.21597969886241558,0.38398951292037964,0.03128394857048988,,78760.5,,,696,49,-0.023702196776866913,1,0.38398951292037964,0.03792476896715355,0.546875,,0.109375,234.7470359802246,,34810,0.10575220733880997,0.002269759774208069,1,315042,271.38660526275635,482,-0.03101678565144539,7,0,,57,0.4912280738353729,0.007175585255026817,-0.023702196776866913,0.00031279478590094044,3.2180536538362503,0,,,11.94789506494999,0.4912280738353729,,15170.867331363,2.849635574966669,1.6201815605163574,99.3046875,0.546875,1,0,,,7,,,32,7,0.001,271.38660526275635,66.96482181549072,253.06479554623365,,0.009045256108603517,,0,,0,1,1e-06,0,,64,,1,,,,7,0.08213619142770767,,78756,,0.546875,
50,1767944392.2568114,0.3333333333333333,1.0,0,1565.890625,1.0296602249145508,275,0.0882561132311821,1,0.14285714285714288,0.5142857142857142,0.9148946599715431,0.011,21900,0.0,-0.02008819952607155,21.645827374629164,6344,0.0,0.13761765634402878,0.019517647102475166,1,0.10165336237782922,1,0.0045875865034759045,0.0,0.6025989055633545,0.0,0.625,1,0,0.5851063829787234,0.24319231696426868,0.015625,29787,295.78125,1,-2.4748666286468506,0.999,0.875,1.884809136390686,0.32826666666666665,0.7245674133300781,39754,0.21384641528129578,0.545875,0.8571428656578064,0.10430244484191156,0.0,8,-0.004327337257564068,0,0.4149901568889618,0,56,0.06643186509609222,-2.4748666286468506,0.10703303762383087,0.14285714285714288,0.40960532426834106,0.22310411743819714,0.219636055433422,29786.75,1.0,0.22788663789265493,318,50,-0.06747958809137344,1,0.40960532426834106,0.05734390011015595,0.875,1.0,0.109375,234.89916229248047,0.3013287241535397,17854,0.20994959771633148,0.0012178756296634674,1,119147,1376.0966252051294,420,-0.07708370685577393,8,0,1273.7876434847713,56,0.8571428656578064,0.019517647102475166,-0.06747958809137344,0.0005575622138710352,1.8894534669816494,0,0.0,0.0,6.832353666424751,0.4821428656578064,0.0,15374.577942088,1.7294539995491505,0.7245674133300781,99.3046875,0.875,1,0,0.49270366710252816,0.5897333333333333,8,0.03160696125855822,0.41666666666666663,55,8,0.001,1376.0966252051294,66.96482181549072,91.68799813836813,0.17677669529663687,0.014515296226922629,0.966,0,0.0,0,0,1e-06,0,0.18122913673027305,64,1.0,1,0.5,0.0,0.294,8,0.04839757829904556,0.101,29786,0.0,0.875,0.0
51,1767944595.9676273,,,0,2774.53125,0.9063360691070557,275,0.12133097276091576,1,0.3392857142857143,,1.0697686883304183,,39092,,0.0,242.8832737233703,7739,,,0.011009742505848408,1,,1,0.0037549939006567,,0.4810352027416229,,0.75,1,0,,0.1642544474452734,0.015625,49477,317.65625,1,-2.4748666286468506,,0.703125,1.9637826681137085,,1.20761239528656,65562,0.14180268347263336,,0.6607142686843872,,,8,-0.010735301300883293,0,0.6690218448638916,0,56,0.10439236834645271,-2.4748666286468506,0.1450674123452097,0.27606472917393404,0.34919533133506775,0.1642544474452734,,49475.0,,,396,51,-0.0438220240175724,1,0.34919533133506775,0.04476161537190288,0.703125,,0.109375,235.95906829833984,,26470,0.139493927359581,0.0019460059702396393,1,197900,203.69867072999477,481,-0.05175761878490448,8,0,,56,0.6607142686843872,0.011009742505848408,-0.0438220240175724,0.0005275005980113831,2.54003681614995,0,,,8.85832368209958,0.4107142984867096,,15660.791860531,2.0857582576572895,1.20761239528656,99.3046875,0.703125,1,0,,,8,,,42,8,0.001,203.69867072999477,66.96482181549072,189.95882598683238,,0.010539455571790245,,0,,0,0,1e-06,0,,64,,1,,,,8,0.06921220570802689,,49472,,0.703125,
52,1767944882.1814353,,,0,4259.3125,0.5091145634651184,275,0.1760452352464199,1,0.4107142857142857,,0.9839572052739097,,52581,,-0.03068525716662407,259.8892590924883,10871,,,0.009200428612530231,1,,1,0.003432381432503462,,0.4197283089160919,,1.0,1,0,,0.010309496894478798,0.015625,74388,389.40625,1,-2.4748666286468506,,0.640625,2.352489948272705,,1.20761239528656,110456,0.10927700996398926,,0.5892857313156128,,,8,-0.01348683051764965,0,0.7543845176696777,0,56,0.09294076263904572,-2.4748666286468506,0.17204188951456925,0.18123020651950392,0.34984615445137024,-0.02037576027214527,,74379.5,,,546,52,-0.037841010838747025,1,0.34984615445137024,0.040035799314685025,0.640625,,0.109375,236.2645378112793,,57875,0.10704311728477478,0.0015371553599834442,1,297518,286.19689886271954,458,-0.0451975092291832,8,0,,56,0.5892857313156128,0.009200428612530231,-0.037841010838747025,0.0003123870241096193,2.9627985544502735,0,,,11.911370940506458,0.5892857313156128,,15892.132578639,2.807447198778391,1.20761239528656,99.3046875,0.640625,1,0,,,8,,,36,8,0.001,286.19689886271954,66.96482181549072,268.2227983288467,,0.009436226375474394,,0,,0,0,1e-06,0,,64,,1,,,,8,0.07380539178848267,,74372,,0.640625,
53,1767945113.5221276,,,0,3786.640625,0.24239486455917358,275,0.16931177303195,1,0.4107142857142857,,0.8896032489965185,,29478,,-0.07323664054274559,286.3437287342136,12342,,,0.013790257275104523,1,,1,0.004000517074018717,,0.441288560628891,,0.875,1,0,,-0.018268056213855743,0.015625,66253,353.203125,1,-2.4748666286468506,,0.640625,2.1026878356933594,,1.6201815605163574,80134,0.12302727997303009,,0.5892857313156128,,,8,-0.01679082028567791,0,1.0538102388381958,0,56,0.10204511880874634,-2.4748666286468506,0.17609887087616125,0.3229132378575915,0.4057570695877075,-0.09150469675660133,,66237.5,,,711,53,-0.03073234297335148,1,0.4057570695877075,0.03868026485598791,0.640625,,0.109375,236.69966888427734,,50656,0.11907386034727097,0.003173545002937317,1,264950,231.32163673639297,476,-0.04589759558439255,8,0,,56,0.5892857313156128,0.013790257275104523,-0.03073234297335148,0.0003851485895782085,2.6267842948436737,0,,,10.248336173593998,0.4642857015132904,,16155.85123297,2.5622084513306618,1.6201815605163574,99.3046875,0.640625,1,0,,,8,,,37,8,0.001,231.32163673639297,66.96482181549072,215.5908993780613,,0.00967053576648674,,0,,0,0,1e-06,0,,64,,1,,,,8,0.10231929272413254,,66222,,0.640625,
54,1767945377.2408519,,,0,3518.53125,0.5684650540351868,275,0.141360592097044,1,0.30357142857142855,,1.0999278830890402,,29018,,-0.05314843729138374,234.91659479469465,9226,,,0.009254571981728077,1,,1,0.0033500513527542353,,0.469796746969223,,0.75,1,0,,0.13380829244852066,0.015625,61953,353.203125,1,-2.4748666286468506,,0.734375,1.9735503196716309,,0.935412585735321,77428,0.1301402449607849,,0.6964285969734192,,,8,-0.008265155367553234,0,0.5490185022354126,0,56,0.10523923113942146,-2.4748666286468506,0.15798845782186766,0.23076514255928723,0.31453871726989746,0.08065985515713692,,61947.75,,,494,54,-0.03795289620757103,1,0.31453871726989746,0.042374133003522906,0.734375,,0.109375,236.93393325805664,,48410,0.12841777503490448,0.0018076896667480469,1,247791,263.70103846490383,746,-0.04343581199645996,8,0,,56,0.6964285969734192,0.009254571981728077,-0.03795289620757103,0.00042470965910554244,2.698371198028326,0,,,10.499928791075945,0.4464285671710968,,16421.852063872,2.5450670532882214,0.935412585735321,99.3046875,0.734375,1,0,,,8,,,42,8,0.001,263.70103846490383,66.96482181549072,247.68836028128862,,0.010271022972134667,,0,,0,0,1e-06,0,,64,,1,,,,8,0.05748884379863739,,61942,,0.734375,
55,1767945643.241722,,,0,4062.484375,0.7936994433403015,275,0.1551915444433689,1,0.4642857142857143,,0.9515034647410082,,52867,,-0.14061741530895233,266.8140001790486,12690,,,0.011192350648343563,1,,1,0.0033972468227148056,,0.4450838267803192,,0.625,1,0,,0.15480425022542477,0.015625,71365,373.0,1,-1.6201815605163574,,0.59375,1.2876596450805664,,2.4748666286468506,109936,0.11978188157081604,,0.5357142686843872,,,8,-0.01603453978896141,0,1.5285693407058716,0,56,0.09879382699728012,-1.6201815605163574,0.16208575542738515,0.43886449026587526,0.38865458965301514,0.014186834916472435,,70967.75,,,694,55,-0.017337363213300705,1,0.38865458965301514,0.04334393544162832,0.59375,,0.109375,237.1463394165039,,57069,0.11673851311206818,0.001633286476135254,1,283871,265.98210720717907,460,-0.034835536032915115,8,0,,56,0.5357142686843872,0.011192350648343563,-0.017337363213300705,0.0003480236691922744,3.095047675073147,0,,,12.304086297750473,0.1607142835855484,,16734.947785094,2.9167671762406826,2.4748666286468506,99.3046875,0.59375,1,0,,,8,,,33,8,0.001,265.98210720717907,66.96482181549072,247.3899493291974,,0.010274974112328073,,0,,0,0,1e-06,0,,64,,1,,,,8,0.10895173251628876,,70535,,0.59375,
56,1767945956.3374112,,,0,4685.296875,0.3213864266872406,275,0.1694229058921337,1,0.5178571428571429,,0.9840288698252639,,36599,,-0.13322437182068825,258.6597451117969,12782,,,0.009731240570545197,1,,1,0.0033735663164407015,,0.4475337862968445,,0.875,1,0,,0.20005064457654953,0.015625,80996,375.953125,1,-2.4748666286468506,,0.546875,1.7517644166946411,,1.6201815605163574,104780,0.12070748955011368,,0.4821428656578064,,,8,-0.02130850963294506,0,0.9518520832061768,0,56,0.09605546295642853,-2.4748666286468506,0.1922615090748613,0.3025191847517396,0.4272109866142273,0.06682627275586128,,80980.0,,,733,56,-0.033882465213537216,1,0.4272109866142273,0.03678670711263326,0.546875,,0.109375,237.7165412902832,,68181,0.11769551783800125,0.0017009451985359192,1,323920,313.0753877647221,535,-0.04356914758682251,8,0,,56,0.4821428656578064,0.009731240570545197,-0.033882465213537216,0.00029654069818605994,3.015537567436695,0,,,11.915950167924166,0.3571428656578064,,16969.563701647,2.7871365062892437,1.6201815605163574,99.3046875,0.546875,1,0,,,8,,,32,8,0.001,313.0753877647221,66.96482181549072,295.0699128769338,,0.008604397710203888,,0,,0,0,1e-06,0,,64,,1,,,,8,0.11820033192634583,,80964,,0.546875,
57,1767946190.9532657,,,0,3503.765625,0.23251576721668243,275,0.14921141415834427,1,0.3392857142857143,,0.9797669046363433,,47168,,-0.08233719691634178,263.20159996513405,11046,,,0.008994787000119686,1,,1,0.002726736944168806,,0.48959895968437195,,0.875,1,0,,-0.06381901539862156,0.015625,61758,355.390625,1,-2.4748666286468506,,0.703125,2.5125539302825928,,1.20761239528656,72816,0.14451642334461212,,0.6607142686843872,,,8,-0.016584400087594986,0,0.6130514740943909,0,56,0.08810758963227272,-2.4748666286468506,0.16892102358112251,0.2012397798140115,0.3490917384624481,-0.14615621231496334,,61746.5,,,512,57,-0.05478477105498314,1,0.3490917384624481,0.03963274995406947,0.703125,,0.109375,237.8398666381836,,25648,0.14265960454940796,0.0014427267014980316,1,246986,234.5977380387485,615,-0.060846343636512756,8,0,,56,0.6607142686843872,0.008994787000119686,-0.05478477105498314,0.0003567311087765004,2.5095910541713238,0,,,9.788734380155802,0.5357142686843872,,17188.545986372,2.3411530256271362,1.20761239528656,99.3046875,0.703125,1,0,,,8,,,43,8,0.001,234.5977380387485,66.96482181549072,219.70391046255827,,0.00947888959547155,,0,,0,0,1e-06,0,,64,,1,,,,8,0.07261499762535095,,61739,,0.703125,
58,1767946409.9355571,,,0,3249.03125,0.4595130383968353,275,0.13118607178330421,1,0.22448979591836737,,0.9831085280395856,,33842,,-0.06861434131860733,262.01066213138387,8826,,,0.006684684660285711,1,,1,0.002337360056117177,,0.48893967270851135,,0.4285714328289032,1,0,,0.08138621412217617,0.015625,57379,336.6875,1,-2.4748666286468506,,0.71875,1.8591114282608032,,2.4748666286468506,72815,0.14341053366661072,,0.6842105388641357,,,7,-0.0052900901064276695,0,0.4295526444911957,0,57,0.08212491497397423,-2.4748666286468506,0.16072910691580172,0.3135161529742289,0.33928850293159485,0.01277187280356884,,57371.5,,,466,58,-0.023719819262623787,1,0.33928850293159485,0.04087457698090062,0.71875,,0.109375,238.15460968017578,,38973,0.14209233224391937,0.0017720609903335571,1,229486,218.96627997234464,585,-0.02677019126713276,7,0,,57,0.6842105388641357,0.006684684660285711,-0.023719819262623787,0.0003578645972912257,2.6729547157883644,0,,,9.38014317303896,0.19298245012760162,,17607.706243312,2.2562278397381306,2.4748666286468506,99.3046875,0.71875,1,0,,,7,,,43,7,0.001,218.96627997234464,66.96482181549072,204.42562110349536,,0.009831657877770891,,0,,0,1,1e-06,0,,64,,1,,,,7,0.0383073166012764,,57365,,0.71875,
59,1767946829.0958393,,,0,6043.328125,0.21316178143024445,275,0.27128754183650017,1,0.5357142857142857,,1.0199334276807175,,82358,,-0.18178601562976837,247.6034436172564,21580,,,0.006207775790244341,1,,1,0.0016831452958285809,,0.38706323504447937,,0.875,1,0,,-0.008093275129795074,0.015625,106129,443.0,1,-1.20761239528656,,0.53125,1.735346794128418,,2.4748666286468506,122637,0.09164979308843613,,0.4642857015132904,,,8,-0.02617277391254902,0,1.0696887969970703,0,56,0.1351940520107746,-1.20761239528656,0.18716112769191676,0.2743266338524503,0.3130868971347809,-0.18987929075956345,,103781.25,,,709,59,-0.06688592582941055,1,0.3130868971347809,0.03950323449384373,0.53125,,0.109375,238.70621871948242,,40279,0.09026657789945602,0.0027967840433120728,1,415125,419.1429993212223,975,-0.07398560643196106,8,0,,56,0.4642857015132904,0.006207775790244341,-0.06688592582941055,0.0003256707064396859,4.103998113423586,0,,,16.398780219256878,0.3392857015132904,,17839.097462914,3.719654742628336,2.4748666286468506,99.3046875,0.53125,1,0,,,8,,,32,8,0.001,419.1429993212223,75.64783239364624,394.4827116243541,,0.00896032458326609,,0,,0,0,1e-06,0,,64,,1,,,,8,0.0748782828450203,,102982,,0.53125,
60,1767947060.4869952,,,0,3560.546875,0.34617555141448975,275,0.16691339388489723,1,0.3673469387755102,,0.9411229910395398,,37736,,-0.04116860032081604,270.44061944602964,12787,,,0.009671969339251518,1,,1,0.002554331673309207,,0.4954608380794525,,0.8571428656578064,1,0,,0.06136496923863888,0.015625,62586,350.140625,1,-2.4748666286468506,,0.65625,1.9684243202209473,,1.20761239528656,97067,0.14990204572677612,,0.6140350699424744,,,7,-0.0276393573731184,0,0.6938297748565674,0,57,0.11309538036584854,-2.4748666286468506,0.15150765277708828,0.25160873481506024,0.41276854276657104,0.020196368917822838,,62571.0,,,695,60,-0.06509575992822647,1,0.41276854276657104,0.044526232166294935,0.65625,,0.125,238.9083595275879,,59331,0.14733478426933289,0.0025592446327209473,1,250284,231.3668713234365,552,-0.07250776141881943,7,0,,57,0.6140350699424744,0.009671969339251518,-0.06509575992822647,0.0004518681991891153,2.8338810838758945,0,,,11.14420349150896,0.4912280738353729,,18060.929172796,2.622579697519541,1.20761239528656,99.3046875,0.65625,1,0,,,7,,,38,7,0.001,231.3668713234365,75.64783239364624,214.45840158313513,,0.010478415310285679,,0,,0,1,1e-06,0,,64,,1,,,,7,0.10127707570791245,,62562,,0.65625,
61,1767947282.3188276,,,0,3991.4375,0.2402922809123993,275,0.16522551327943802,1,0.5,,0.8115934161748607,,56251,,-0.10629688948392868,312.2344359579788,10585,,,0.016707640141248703,1,,1,0.0059836250729858875,,0.47292783856391907,,0.875,1,0,,0.12584577687084675,0.015625,69279,337.234375,1,-2.4748666286468506,,0.5625,1.4908990859985352,,2.4748666286468506,83834,0.138738214969635,,0.5,,,8,-0.02067522518336773,0,1.0235663652420044,0,56,0.09546885639429092,-2.4748666286468506,0.1950646205233151,0.29450754468697576,0.4461556673049927,0.019548887386918068,,69258.75,,,560,61,-0.028082724660634995,1,0.4461556673049927,0.03407528631300794,0.5625,,0.109375,238.9746971130371,,27583,0.13351471722126007,0.0017469562590122223,1,277035,221.81650075688958,480,-0.04595183953642845,8,0,,56,0.5,0.016707640141248703,-0.028082724660634995,0.0003446093684707381,2.5299967154860497,0,,,9.440046943724155,0.375,,18274.231811154,2.2413236759603024,2.4748666286468506,99.3046875,0.5625,1,0,,,8,,,31,8,0.001,221.81650075688958,75.64783239364624,207.32316134870052,,0.008090398960276869,,0,,0,0,1e-06,0,,64,,1,,,,8,0.13882462680339813,,69219,,0.5625,
62,1767947495.621411,,,0,4298.859375,0.22381897270679474,275,0.14934729039669037,1,0.6964285714285714,,0.7199240483369951,,58721,,-0.22445111721754074,346.23407387956246,9413,,,0.013535567559301853,1,,1,0.005888231098651886,,0.4903346598148346,,1.0,1,0,,0.06876313127577305,0.015625,73859,316.5625,1,-1.6201815605163574,,0.390625,1.7958049774169922,,2.4748666286468506,90765,0.14548727869987488,,0.3035714328289032,,,8,-0.03300294652581215,0,1.603779673576355,0,56,0.09277412295341492,-1.6201815605163574,0.19752942622173073,0.24156695104408363,0.4540604054927826,-0.1556879859417677,,73846.75,,,469,62,-0.027697362005710602,1,0.4540604054927826,0.03413773310301232,0.390625,,0.109375,239.36801528930664,,32044,0.14125323295593262,0.0013826601207256317,1,295387,213.2856225632131,861,-0.05008333921432495,8,0,,56,0.3035714328289032,0.013535567559301853,-0.027697362005710602,0.0003140765265682475,2.6013731211423874,0,,,10.083842568099499,0.3035714328289032,,18512.441353945,2.2695064954459667,2.4748666286468506,99.3046875,0.390625,1,0,,,8,,,22,8,0.001,213.2856225632131,75.64783239364624,198.07054364681244,,0.007683163089255677,,0,,0,0,1e-06,0,,64,,1,,,,8,0.2244405746459961,,73838,,0.390625,
63,1767947733.8309507,,,0,2893.328125,0.3749113082885742,275,0.14063436165452003,1,0.14285714285714285,,1.1953010111693925,,38389,,-0.05314844101667404,220.33079786199735,10275,,,0.011378549039363861,1,,1,0.0030334354378283024,,0.4475747346878052,,0.375,1,0,,-0.014003733173012733,0.015625,52989,386.78125,1,-2.4748666286468506,,0.875,1.4928550720214844,,0.935412585735321,74000,0.12054021656513214,,0.8571428656578064,,,8,-0.002962761791422963,0,0.435442715883255,0,56,0.08710534870624542,-2.4748666286468506,0.12761756009064285,0.21428571428571427,0.34626397490501404,-0.06715217418968678,,52481.75,,,578,63,-0.02264491654932499,1,0.34626397490501404,0.052307065313377685,0.875,,0.109375,239.53732299804688,,35611,0.11794224381446838,0.001900315284729004,1,209927,238.1952523626387,520,-0.027917280793190002,8,0,,56,0.8571428656578064,0.011378549039363861,-0.02264491654932499,0.00041493161292375646,2.9392586313188076,0,,,10.980665300041437,0.2321428507566452,,18720.348350555,2.687568612396717,0.935412585735321,99.3046875,0.875,1,0,,,8,,,52,8,0.001,238.1952523626387,75.64783239364624,221.33747414126992,,0.012802396130067676,,0,,0,0,1e-06,0,,64,,1,,,,8,0.017801392823457718,,50961,,0.875,
64,1767947941.7379348,,,0,2940.875,0.7023059129714966,275,0.13553527742624283,1,0.19642857142857145,,1.0159556307530375,,22484,,-0.05314844101667404,252.44401613508265,10456,,,0.015476899221539497,1,,1,0.004136655945330858,,0.47332173585891724,,0.75,1,0,,-0.1104851234704256,0.015625,52490,339.203125,1,-2.4748666286468506,,0.828125,1.6750688552856445,,0.935412585735321,86078,0.13641546666622162,,0.8035714030265808,,,8,-0.010225601494312286,0,0.450230211019516,0,56,0.08045122027397156,-2.4748666286468506,0.12550886385736076,0.17404989901444576,0.3865587115287781,-0.16363356448709965,,52481.25,,,547,64,-0.04721716046333313,1,0.3865587115287781,0.05288543647011646,0.828125,,0.109375,239.7171630859375,,63594,0.13248315453529358,0.002123124897480011,1,209925,207.89262824878097,460,-0.055037133395671844,8,0,,56,0.8035714030265808,0.015476899221539497,-0.04721716046333313,0.0003832379196092488,2.77985605224967,0,,,11.101975250989199,0.5535714030265808,,18964.948007588,2.552191950380802,0.935412585735321,99.3046875,0.828125,1,0,,,8,,,49,8,0.001,207.89262824878097,75.64783239364624,191.2191049978137,,0.012157637015032998,,0,,0,0,1e-06,0,,64,,1,,,,8,0.041780125349760056,,52465,,0.828125,
65,1767948186.3376942,,,0,3856.109375,0.41344884037971497,275,0.16214529797434807,1,0.4285714285714286,,0.9229733875386538,,50429,,0.0,276.21180287083354,14664,,,0.009599215351045132,1,,1,0.0024103422183543444,,0.446500688791275,,1.0,1,0,,0.04571511596441269,0.015625,67566,366.109375,1,-2.4748666286468506,,0.625,2.157421350479126,,1.6201815605163574,83598,0.1233416348695755,,0.5714285969734192,,,8,-0.026395846158266068,0,0.9266054034233093,0,56,0.10979903489351273,-2.4748666286468506,0.17295723867880272,0.28571428571428575,0.359213262796402,0.04571511596441269,,67555.5,,,693,65,-0.05638078227639198,1,0.359213262796402,0.040313617083085285,0.625,,0.109375,240.32523727416992,,33169,0.12105550616979599,0.002060767263174057,1,270222,244.57861430197954,512,-0.06590813398361206,8,0,,56,0.5714285969734192,0.009599215351045132,-0.05638078227639198,0.0004063289994653016,3.0238975919783115,0,,,10.893626235425472,0.5714285969734192,,19289.884245485,2.585902951657772,1.6201815605163574,99.3046875,0.625,1,0,,,8,,,40,8,0.001,244.57861430197954,75.64783239364624,227.7815252840519,,0.009569550042771395,,0,,0,0,1e-06,0,,64,,1,,,,8,0.08709657937288284,,67545,,0.625,
66,1767948511.273902,,,0,4150.515625,0.35262230038642883,275,0.1627335511147976,1,0.4285714285714286,,1.1558160756037872,,51715,,-0.20646101795136929,222.98515458772857,11736,,,0.0092081930488348,1,,1,0.0031110092531889677,,0.4176303446292877,,1.0,1,0,,0.05737186037003994,0.015625,72476,377.8125,1,-2.4748666286468506,,0.625,2.071826219558716,,1.6201815605163574,102834,0.10644270479679108,,0.5714285969734192,,,8,-0.028906557708978653,0,0.7339103817939758,0,56,0.15137894824147224,-2.4748666286468506,0.16836605297096965,0.28571428571428575,0.3626568913459778,-0.14908915758132935,,72453.25,,,549,66,-0.07317765802145004,1,0.3626568913459778,0.04072575192889167,0.625,,0.109375,240.29828643798828,,51119,0.10406149923801422,0.0022413693368434906,1,289813,324.9240970052779,542,-0.0806785449385643,8,0,,56,0.5714285969734192,0.0092081930488348,-0.07317765802145004,0.0005223331880953312,2.987553507089615,0,,,11.802852343767881,0.5714285969734192,,19521.221479494,2.7759331427514553,1.6201815605163574,99.3046875,0.625,1,0,,,8,,,37,8,0.001,324.9240970052779,75.64783239364624,307.0228916108608,,0.009578359641394469,,0,,0,0,1e-06,0,,64,,1,,,,8,0.08693239837884903,,72431,,0.625,
67,1767948742.6109967,,,0,4206.15625,0.2672542929649353,275,0.14741263166069984,1,0.5892857142857144,,0.8000443746076904,,29972,,-0.04116859659552574,312.8509392735893,8610,,,0.0129460534080863,1,,1,0.006030246615409851,,0.4659469425678253,,0.875,1,0,,0.19074088335037231,0.015625,72371,316.890625,1,-1.6201815605163574,,0.484375,2.078430414199829,,2.4748666286468506,112613,0.1325133889913559,,0.4107142984867096,,,8,-0.03319110721349716,0,1.458425521850586,0,56,0.08044706657528877,-1.6201815605163574,0.18698573982967423,0.33071891388307384,0.3917243480682373,0.14957228675484657,,72368.75,,,420,67,-0.04224467650055885,1,0.3917243480682373,0.03587734499520429,0.484375,,0.109375,240.52267456054688,,82641,0.12911362946033478,0.0027823559939861298,1,289475,231.32022607326508,549,-0.06192725524306297,8,0,,56,0.4107142984867096,0.0129460534080863,-0.04224467650055885,0.0002779067849565205,2.816795762628317,0,,,10.385594442486763,0.2857142984867096,,20096.050717981,2.5021717958152294,2.4748666286468506,99.3046875,0.484375,1,0,,,8,,,29,8,0.001,231.32022607326508,75.64783239364624,215.3671453781426,,0.008643826913603003,,0,,0,0,1e-06,0,,64,,1,,,,8,0.15241028368473053,,72365,,0.484375,
68,1767949317.4403846,,,0,5738.65625,2.014141798019409,275,0.24523677676916122,1,0.4047619047619048,,1.4955431107771382,,75387,,-0.04116860032081604,171.37765689145394,21580,,,0.005478198640048504,1,,1,0.0014089320320636034,,0.3857269883155823,,0.6666666865348816,1,0,,0.04501996003091335,0.015625,99462,418.171875,1,-1.20761239528656,,0.5,2.008732795715332,,2.4748666286468506,118531,0.09232911467552185,,0.4482758641242981,,,6,-0.015273114666342735,0,1.0141782760620117,0,58,0.13052251189947128,-1.20761239528656,0.17448229564883813,0.3442102927333562,0.3439919352531433,0.003851359710097313,,98509.25,,,733,68,-0.03084864281117916,1,0.3439919352531433,0.043055903222813156,0.5,,0.125,241.2570915222168,,43144,0.0909428521990776,0.003455657511949539,1,394037,574.8080104887486,454,-0.036605045199394226,6,0,,58,0.4482758641242981,0.005478198640048504,-0.03084864281117916,0.0003312443042137446,4.257374059408903,0,,,16.965618938207626,0.2068965584039688,,20325.757407696,3.903358656913042,2.4748666286468506,99.701171875,0.5,1,0,,,6,,,28,6,0.001,574.8080104887486,75.64783239364624,549.2741004675627,,0.0099060714017035,,0,,0,2,1e-06,0,,64,,1,,,,6,0.08177501708269119,,98163,,0.5,
69,1767949547.1469543,,,0,4167.4375,0.19929338991641998,275,0.15963433682918549,1,0.6071428571428572,,0.8032353556265751,,42503,,-0.05314843729138374,313.08176066397726,12464,,,0.011634097434580326,1,,1,0.0037474397104233503,,0.47646668553352356,,1.0,1,0,,-0.03444891795516014,0.015625,71929,327.0625,1,-2.4748666286468506,,0.46875,2.4911110401153564,,2.4748666286468506,125459,0.13490475714206696,,0.3928571343421936,,,8,-0.03821929544210434,0,1.264134168624878,0,56,0.09535588324069977,-2.4748666286468506,0.1938721021501254,0.26486423168198797,0.4265231788158417,-0.08759735524654388,,71912.0,,,474,69,-0.04597119614481926,1,0.4265231788158417,0.034957926711885016,0.46875,,0.109375,241.2194061279297,,82956,0.13147211074829102,0.001781068742275238,1,287648,229.69079976901412,442,-0.06139249727129936,8,0,,56,0.3928571343421936,0.011634097434580326,-0.04597119614481926,0.00033150198590186535,2.7378810830414295,0,,,10.055577702820301,0.3928571343421936,,20703.72966878,2.383239410817623,2.4748666286468506,99.701171875,0.46875,1,0,,,8,,,27,8,0.001,229.69079976901412,75.64783239364624,214.2357211112976,,0.008285263276009648,,0,,0,0,1e-06,0,,64,,1,,,,8,0.16142962872982025,,71889,,0.46875,
70,1767949925.1193655,,,0,5388.359375,0.2886814773082733,275,0.19313303753733635,1,0.5357142857142857,,1.034015594475771,,66380,,0.0,245.71288488666505,10831,,,0.006666569970548153,1,,1,0.0031535313464701176,,0.3989419639110565,,0.875,1,0,,0.033933281898498535,0.015625,92899,415.984375,1,-1.6201815605163574,,0.53125,2.211678981781006,,2.4748666286468506,127287,0.09402012079954147,,0.4642857015132904,,,8,-0.018908843398094177,0,1.0250403881072998,0,56,0.1006862260401249,-1.6201815605163574,0.18735967866701927,0.3253726278265821,0.3726866543292999,0.033933281898498535,,92869.5,,,560,70,-0.028893476352095604,1,0.3726866543292999,0.037943828277546714,0.53125,,0.109375,241.67193222045898,,60907,0.09214989095926285,0.0020195506513118744,1,371478,377.9594222046435,479,-0.03596675023436546,8,0,,56,0.4642857015132904,0.006666569970548153,-0.028893476352095604,0.00027104223141107925,3.605646211653948,0,,,14.095297440886497,0.3392857015132904,,21037.204846962,3.359810519963503,2.4748666286468506,99.701171875,0.53125,1,0,,,8,,,28,8,0.001,377.9594222046435,75.64783239364624,356.585447832942,,0.009044440101334407,,0,,0,0,1e-06,0,,64,,1,,,,8,0.09087565541267395,,92858,,0.53125,
71,1767950258.5944426,,,0,4002.921875,0.5888433456420898,275,0.19371912255883217,1,0.3214285714285714,,1.2388193985770388,,48212,,-0.07323664240539074,211.67502483156818,12677,,,0.008915362879633904,1,,1,0.0026660317089408636,,0.4280364215373993,,0.875,1,0,,0.2238091677427292,0.015625,70594,408.546875,1,-2.4748666286468506,,0.71875,2.594608783721924,,0.935412585735321,88508,0.10934732109308243,,0.6785714030265808,,,8,-0.019840028136968613,0,0.512202262878418,0,56,0.1125071831047535,-2.4748666286468506,0.18651682919433302,0.19884872724392935,0.3684742748737335,0.15057252533733845,,70583.5,,,709,71,-0.043044302612543106,1,0.3684742748737335,0.03689750775150068,0.71875,,0.109375,242.04299926757812,,40296,0.10701633244752884,0.003787793219089508,1,282334,333.4521871730685,506,-0.04803905636072159,8,0,,56,0.6785714030265808,0.008915362879633904,-0.043044302612543106,0.00039848967217817724,2.684643730521202,0,,,10.417420953512192,0.5535714030265808,,21284.29023254,2.6441499516367912,0.935412585735321,99.701171875,0.71875,1,0,,,8,,,44,8,0.001,333.4521871730685,75.64783239364624,317.36942526325583,,0.009365326002666315,,0,,0,0,1e-06,0,,64,,1,,,,8,0.07243549078702927,,70568,,0.71875,
72,1767950505.6797616,,,0,3364.421875,0.4354622960090637,275,0.1565188281238079,1,0.3035714285714286,,1.0648491440509966,,13013,,0.0,241.24191679750976,10215,,,0.010138257406651974,1,,1,0.0031857078429311514,,0.41726627945899963,,0.625,1,0,,0.14423888362944126,0.015625,59607,360.75,1,-2.4748666286468506,,0.734375,1.6728719472885132,,1.6201815605163574,126260,0.10198970884084702,,0.6964285969734192,,,8,-0.00835024006664753,0,0.9703452587127686,0,56,0.08162622153759003,-2.4748666286468506,0.13858986954278082,0.338344559312436,0.29159724712371826,0.14423888362944126,,59602.75,,,492,72,-0.025315098464488983,1,0.29159724712371826,0.04936622016491233,0.734375,,0.109375,242.33966445922852,,113247,0.10004774481058121,0.002078171819448471,1,238411,247.06630916893482,318,-0.03551274165511131,8,0,,56,0.6964285969734192,0.010138257406651974,-0.025315098464488983,0.000342376071312104,3.0031268298625946,0,,,11.769449915736914,0.3214285671710968,,21580.257241192,2.747273027896881,1.6201815605163574,99.701171875,0.734375,1,0,,,8,,,45,8,0.001,247.06630916893482,75.64783239364624,229.28651224449277,,0.011523264563702519,,0,,0,0,1e-06,0,,64,,1,,,,8,0.05064558982849121,,59597,,0.734375,
73,1767950801.6469085,,,0,3885.1875,0.24297626316547394,275,0.17806005850434303,1,0.5178571428571429,,1.1257756948467474,,58920,,-0.14061741530895233,226.54395669899964,14725,,,0.011695059947669506,1,,1,0.0030162972398102283,,0.4545707106590271,,1.0,1,0,,0.1871774010360241,0.015625,70576,305.078125,1,-2.4748666286468506,,0.546875,2.161231517791748,,2.4748666286468506,84508,0.12758122384548187,,0.4821428656578064,,,8,-0.027441075071692467,0,1.2547186613082886,0,56,0.10824303328990936,-2.4748666286468506,0.16987511944619893,0.326839378887913,0.4194326400756836,0.04655998572707176,,67044.25,,,339,73,-0.04847189411520958,1,0.4194326400756836,0.039063801664163095,0.546875,,0.109375,242.45646286010742,,25588,0.12412761896848679,0.0034366734325885773,1,268177,295.943670168519,411,-0.06389313191175461,8,0,,56,0.4821428656578064,0.011695059947669506,-0.04847189411520958,0.0004036253418074979,2.7617076858878136,0,,,10.476013138890266,0.4821428656578064,,21892.790016111,2.468739368021488,2.4748666286468506,99.701171875,0.546875,1,0,,,8,,,31,8,0.001,295.943670168519,75.64783239364624,279.9263780750334,,0.009205634219271184,,0,,0,0,1e-06,0,,64,,1,,,,8,0.1394273340702057,,65848,,0.546875,
74,1767951114.1796033,,,0,4987.828125,0.4034935235977173,275,0.19375397637486458,1,0.48214285714285715,,0.9124215304687966,,70850,,0.0,276.199598963023,12862,,,0.00876822043210268,1,,1,0.0032159993425011635,,0.3793395757675171,,0.875,1,0,,0.011406602337956429,0.015625,86326,407.015625,1,-2.4748666286468506,,0.578125,2.5098824501037598,,2.4748666286468506,106777,0.0862596184015274,,0.5178571343421936,,,8,-0.015863938257098198,0,1.2565547227859497,0,56,0.10253934189677238,-2.4748666286468506,0.17664312442169441,0.3108374140273073,0.35272616147994995,0.011406602337956429,,86317.5,,,737,74,-0.018046123906970024,1,0.35272616147994995,0.04065519473206197,0.578125,,0.109375,242.99876022338867,,35927,0.0839025229215622,0.0017331913113594055,1,345270,312.51855659484863,467,-0.029320966452360153,8,0,,56,0.5178571343421936,0.00876822043210268,-0.018046123906970024,0.0002969830622317965,3.6186644807457924,0,,,14.037019085139036,0.3928571343421936,,22266.156657405,3.279022417962551,2.4748666286468506,99.701171875,0.578125,1,0,,,8,,,32,8,0.001,312.51855659484863,75.64783239364624,291.2641133777797,,0.009496980386255831,,0,,0,0,1e-06,0,,64,,1,,,,8,0.08075106143951416,,86309,,0.578125,
75,1767951487.5463524,,,0,4952.890625,0.3421972393989563,275,0.18443335220217705,1,0.44642857142857145,,1.115774164078527,,78228,,-0.09205576777458191,231.38416859556492,12534,,,0.007839487865567207,1,,1,0.0029262283351272345,,0.36760178208351135,,0.875,1,0,,0.12444977276027203,0.015625,86394,446.28125,1,-2.4748666286468506,,0.609375,1.8028620481491089,,1.6201815605163574,105043,0.08353909850120544,,0.5535714030265808,,,8,-0.013991676270961761,0,0.6961373686790466,0,56,0.09550458937883377,-2.4748666286468506,0.189348770269988,0.2714050741709047,0.3566872775554657,0.03239400498569012,,86386.75,,,735,75,-0.028242090716958046,1,0.3566872775554657,0.03737860653948723,0.609375,,0.109375,243.13206481933594,,26815,0.08138082921504974,0.001920890063047409,1,345547,373.3477122671902,608,-0.03396572545170784,8,0,,56,0.5535714030265808,0.007839487865567207,-0.028242090716958046,0.000276386683660497,3.428266752511263,0,,,12.916065353900194,0.4285714328289032,,22583.124977056,3.0166881754994392,1.6201815605163574,99.701171875,0.609375,1,0,,,8,,,37,8,0.001,373.3477122671902,75.64783239364624,353.68367340043187,,0.008730181930387007,,0,,0,0,1e-06,0,,64,,1,,,,8,0.06466160714626312,,86377,,0.609375,
76,1767951804.5146437,,,0,5626.34375,0.3017485737800598,275,0.1752365455031395,1,0.6785714285714286,,0.8278714604928409,,64255,,0.0,304.2781980435524,10332,,,0.006442905403673649,1,,1,0.0033238583710044622,,0.36415717005729675,,0.875,1,0,,0.1557705793529749,0.015625,96464,401.109375,1,-2.4748666286468506,,0.40625,1.843266487121582,,2.4748666286468506,137134,0.08481889963150024,,0.3214285671710968,,,8,-0.017613034695386887,0,1.6999659538269043,0,56,0.10293899103999138,-2.4748666286468506,0.21844665152885698,0.36246041303900783,0.3202262222766876,0.1557705793529749,,96439.25,,,574,76,-0.014101492241024971,1,0.3202262222766876,0.03196777042191045,0.40625,,0.109375,243.44734573364258,,72879,0.08329236507415771,0.0021271854639053345,1,385757,316.94433127343655,583,-0.025216680020093918,8,0,,56,0.3214285671710968,0.006442905403673649,-0.014101492241024971,0.00026684931456847543,3.284213826060295,0,,,12.331791214644909,0.1964285671710968,,22878.02036015,2.922476679086685,2.4748666286468506,99.701171875,0.40625,1,0,,,8,,,22,8,0.001,316.94433127343655,75.64783239364624,298.1049227230251,,0.0075759524236415285,,0,,0,0,1e-06,0,,64,,1,,,,8,0.12125824391841888,,96428,,0.40625,
77,1767952099.4100208,,,0,4898.71875,0.6567636728286743,275,0.17860042676329613,1,0.3928571428571429,,0.8752062235642979,,57049,,-0.05314844101667404,287.739345372233,12857,,,0.006943779997527599,1,,1,0.0025072325952351093,,0.39107829332351685,,0.875,1,0,,0.15945913456380367,0.015625,84854,404.171875,1,-2.4748666286468506,,0.65625,2.09018611907959,,1.6201815605163574,109124,0.09487471729516983,,0.6071428656578064,,,8,-0.017316751182079315,0,0.8327764272689819,0,56,0.10684790462255478,-2.4748666286468506,0.17873928287517174,0.30093392047058426,0.4195486903190613,0.10631069354712963,,84846.25,,,710,77,-0.027990493923425674,1,0.4195486903190613,0.04019133134898583,0.65625,,0.109375,244.22760772705078,,52075,0.09260448068380356,0.0017446912825107574,1,339385,294.8719087764621,370,-0.03400926664471626,8,0,,56,0.6071428656578064,0.006943779997527599,-0.027990493923425674,0.0003148280113221114,3.3791399858891964,0,,,13.640334989875555,0.4821428656578064,,23201.981215783,3.1527419313788414,1.6201815605163574,99.701171875,0.65625,1,0,,,8,,,37,8,0.001,294.8719087764621,75.64783239364624,274.39290479943156,,0.009289573585688353,,0,,0,0,1e-06,0,,64,,1,,,,8,0.06191641837358475,,84830,,0.65625,
78,1767952423.3708956,,,0,3952.6875,0.31281358003616333,275,0.16697345301508904,1,0.375,,1.2143222257308082,,34532,,0.0,214.09042357888111,12387,,,0.009839033707976341,1,,1,0.0029637727420777082,,0.41054582595825195,,0.75,1,0,,0.0762959960848093,0.015625,69357,381.421875,1,-2.4748666286468506,,0.671875,2.0671346187591553,,1.6201815605163574,110055,0.10003402829170227,,0.625,,,8,-0.014781897887587547,0,0.5953541994094849,0,56,0.09541236609220505,-2.4748666286468506,0.1764870948222741,0.3025191847517396,0.3543475270271301,0.0762959960848093,,69345.75,,,735,78,-0.029812371358275414,1,0.3543475270271301,0.0386875963605841,0.671875,,0.109375,244.5427360534668,,75523,0.09750697761774063,0.0024379976093769073,1,277383,323.90869633853436,571,-0.03602452948689461,8,0,,56,0.625,0.009839033707976341,-0.029812371358275414,0.00034397337288948873,2.9961998127400875,0,,,10.731281541287899,0.375,,23428.263878036,2.703448198735714,1.6201815605163574,99.701171875,0.671875,1,0,,,8,,,38,8,0.001,323.90869633853436,75.64783239364624,307.189522087574,,0.00974626490713459,,0,,0,0,1e-06,0,,64,,1,,,,8,0.06157729774713516,,69340,,0.671875,
79,1767952649.6535206,,,0,3225.0,0.33315303921699524,275,0.12822116911411285,1,0.3392857142857143,,1.0262678654380721,,41853,,-0.08870255015790462,251.66231248496348,8289,,,0.01146317832171917,1,,1,0.004250258672982454,,0.4656520187854767,,1.0,1,0,,0.12484037131071091,0.015625,56950,333.953125,1,-2.4748666286468506,,0.703125,2.192223072052002,,1.20761239528656,74960,0.13151121139526367,,0.6607142686843872,,,8,-0.02335183322429657,0,0.6269938349723816,0,56,0.08642913028597832,-2.4748666286468506,0.1556902223797505,0.2012397798140115,0.36738383769989014,0.03613782115280628,,56943.25,,,409,79,-0.05536220967769623,1,0.36738383769989014,0.04189016275764328,0.703125,,0.109375,244.81032180786133,,33107,0.12877602875232697,0.0017538592219352722,1,227773,226.26848429441452,457,-0.06327487528324127,8,0,,56,0.6607142686843872,0.01146317832171917,-0.05536220967769623,0.00037945292148752627,2.3528509959578514,0,,,9.541448041796684,0.6607142686843872,,23758.9088731,2.3090143091976643,1.20761239528656,99.701171875,0.703125,1,0,,,8,,,42,8,0.001,226.26848429441452,75.64783239364624,211.82168742641807,,0.010137348628668299,,0,,0,0,1e-06,0,,64,,1,,,,8,0.0838594064116478,,56939,,0.703125,
80,1767952980.298449,,,0,5796.546875,0.3881349563598633,275,0.17074207961559296,1,0.6122448979591838,,0.8368102007144796,,81646,,-0.04116859659552574,300.2515237347028,10892,,,0.004064919892698526,1,,1,0.002054809359833598,,0.3957415819168091,,1.0,1,0,,-0.1546791661530733,0.015625,99284,407.96875,1,-2.4748666286468506,,0.421875,2.7458901405334473,,2.4748666286468506,122257,0.09328006207942963,,0.35087719559669495,,,7,-0.021120252087712288,0,1.3833732604980469,0,57,0.09621100127696991,-2.4748666286468506,0.2089911913748997,0.3390458719558398,0.3450891971588135,-0.19584776274859905,,99272.25,,,575,80,-0.02502289041876793,1,0.3450891971588135,0.033945772823503355,0.421875,,0.109375,245.10175704956055,,40611,0.09225229173898697,0.0014001205563545227,1,397089,330.6302954442799,576,-0.030771272256970406,7,0,,57,0.35087719559669495,0.004064919892698526,-0.02502289041876793,0.00024229077430241056,3.315799478441477,0,,,13.479492984712124,0.35087719559669495,,24102.867966602,3.1091374047100544,2.4748666286468506,99.701171875,0.421875,1,0,,,7,,,23,7,0.001,330.6302954442799,75.64783239364624,310.4390114508569,,0.007829825063676039,,0,,0,1,1e-06,0,,64,,1,,,,7,0.11759418249130249,,99266,,0.421875,
81,1767953324.2575781,,,0,5363.515625,0.3365948498249054,275,0.196544598788023,1,0.5535714285714286,,0.9409286670540137,,82197,,-0.0992995984852314,267.76767878311927,15117,,,0.008229793049395084,1,,1,0.0027892969083040953,,0.3826207220554352,,1.0,1,0,,0.3479934483766556,0.015625,92120,392.46875,1,-1.6201815605163574,,0.515625,1.9916355609893799,,1.20761239528656,98391,0.09149931371212006,,0.4464285671710968,,,8,-0.03346875682473183,0,0.9945950508117676,0,56,0.10082824900746346,-1.6201815605163574,0.19075187578868283,0.13243211584099399,0.33865711092948914,0.24869384989142418,,92095.75,,,708,81,-0.05579962208867073,1,0.33865711092948914,0.03724790665843595,0.515625,,0.109375,245.57270050048828,,16194,0.08944837749004364,0.0019414536654949188,1,368383,343.9390086904168,554,-0.06451587378978729,8,0,,56,0.4464285671710968,0.008229793049395084,-0.05579962208867073,0.00027370494568821973,3.698944605886936,0,,,13.721495598554611,0.4464285671710968,,24527.758298545,3.210095588117838,1.20761239528656,99.701171875,0.515625,1,0,,,8,,,29,8,0.001,343.9390086904168,75.64783239364624,322.987878896296,,0.008714016629751747,,0,,0,0,1e-06,0,,64,,1,,,,8,0.09335187822580338,,92070,,0.515625,
82,1767953749.1479297,,,0,3583.5,0.904342532157898,275,0.2138507179915905,1,0.44642857142857145,,1.780258881603098,,60105,,-0.20198794081807137,147.67308307575132,21580,,,0.013917957432568073,1,,1,0.0022527100518345833,,0.4715847074985504,,1.0,1,0,,0.20805791951715946,0.015625,68666,337.890625,1,-2.4748666286468506,,0.609375,2.0947859287261963,,2.4748666286468506,66604,0.130507230758667,,0.5535714030265808,,,8,-0.04519205912947655,0,1.3156410455703735,0,56,0.1298319697380066,-2.4748666286468506,0.16105761571079943,0.2895941917897653,0.4548872113227844,0.006069978699088097,,62742.25,,,560,82,-0.1360151618719101,1,0.4548872113227844,0.042561983838257926,0.609375,,0.109375,245.74188232421875,,6499,0.12592877447605133,0.0026188530027866364,1,250969,424.87262196466327,651,-0.15650440752506256,8,0,,56,0.5535714030265808,0.013917957432568073,-0.1360151618719101,0.000517322736027185,2.9378674253821373,0,,,10.681738521903753,0.5535714030265808,,25089.463461123,2.589744620025158,2.4748666286468506,99.701171875,0.609375,1,0,,,8,,,33,8,0.001,424.87262196466327,75.68259525299072,408.2916929423809,,0.010318982105459869,,0,,0,0,1e-06,0,,64,,1,,,,8,0.1636696457862854,,59651,,0.609375,
83,1767954310.8531418,,,0,4903.5625,0.5166269540786743,275,0.21352863311767578,1,0.48214285714285715,,1.7203105115646218,,61823,,-0.09431704506278038,150.84155846936483,21580,,,0.009059102274477482,1,,1,0.002011404838413,,0.39558812975883484,,0.875,1,0,,0.151756439357996,0.015625,90271,391.8125,1,-1.6201815605163574,,0.578125,2.681467056274414,,1.6201815605163574,107974,0.09641984850168228,,0.5178571343421936,,,8,-0.0308217816054821,0,0.9413979053497314,0,56,0.1319226771593094,-1.6201815605163574,0.17020691038888808,0.26666400934050144,0.376487135887146,0.05743939429521561,,84726.0,,,505,83,-0.07296484708786011,1,0.376487135887146,0.04270374369541641,0.578125,,0.109375,246.4408721923828,,46151,0.09385949373245239,0.00396878644824028,1,338904,561.6887074075639,757,-0.08223807066679001,8,0,,56,0.5178571343421936,0.009059102274477482,-0.07296484708786011,0.0003892626736754638,3.6950023248791695,0,,,14.472469553351402,0.3928571343421936,,25259.871588139,3.2665242552757263,1.6201815605163574,99.701171875,0.578125,1,0,,,8,,,33,8,0.001,561.6887074075639,75.68259525299072,539.8816072233021,,0.009638494249922474,,0,,0,0,1e-06,0,,64,,1,,,,8,0.09559335559606552,,82863,,0.578125,
84,1767954481.2611556,,,0,3595.90625,1.8975082635879517,275,0.13159804791212082,1,0.375,,0.6750846235077101,,52575,,-0.14520420506596565,367.88792369203657,8210,,,0.01208839938044548,1,,1,0.00502587016671896,,0.45959168672561646,,0.75,1,0,,-0.09057092294096947,0.015625,62687,321.921875,1,-1.6201815605163574,,0.671875,2.350048780441284,,1.6201815605163574,71857,0.12338685244321823,,0.625,,,8,-0.019570885226130486,0,0.6577235460281372,0,56,0.08861279487609863,-1.6201815605163574,0.16919492349382018,0.27606472917393404,0.3233986496925354,-0.23577512800693512,,62685.25,,,439,84,-0.030278237536549568,1,0.3233986496925354,0.039096261922022285,0.671875,,0.109375,246.30823135375977,,19282,0.12093944847583771,0.0025671906769275665,1,250741,170.39224710315466,549,-0.03869684413075447,8,0,,56,0.625,0.01208839938044548,-0.030278237536549568,0.0003534036909643761,2.6432222798466682,0,,,9.80303581058979,0.375,,25619.973960084,2.345706097781658,1.6201815605163574,99.701171875,0.671875,1,0,,,8,,,39,8,0.001,170.39224710315466,75.68259525299072,155.3626250848174,,0.009355095886917809,,0,,0,0,1e-06,0,,64,,1,,,,8,0.06833070516586304,,62682,,0.671875,
85,1767954841.3636403,,,0,5065.875,0.3002757430076599,275,0.1718921773135662,1,0.5,,1.0467013642912548,,75497,,0.0,243.0796715805499,12452,,,0.006785599514842033,1,,1,0.0026142671704292297,,0.3972480595111847,,0.75,1,0,,0.178828252479434,0.015625,87533,404.71875,1,-1.6201815605163574,,0.5625,1.735551357269287,,2.4748666286468506,99267,0.09435728192329407,,0.5,,,8,-0.019222330302000046,0,1.1814415454864502,0,56,0.09090723097324371,-1.6201815605163574,0.18665269684088467,0.3499271061118826,0.39238452911376953,0.178828252479434,,87529.5,,,697,85,-0.02148463949561119,1,0.39238452911376953,0.03881655744830114,0.5625,,0.109375,246.8083953857422,,23770,0.09232117235660553,0.0017518959939479828,1,350118,360.08564365282655,588,-0.029702983796596527,8,0,,56,0.5,0.006785599514842033,-0.02148463949561119,0.00025964740736906904,3.5683167949318886,0,,,13.5903754606843,0.25,,25794.319133082,3.2852684408426285,2.4748666286468506,99.701171875,0.5625,1,0,,,8,,,30,8,0.001,360.08564365282655,75.68259525299072,339.3573295250535,,0.009383317740997687,,0,,0,0,1e-06,0,,64,,1,,,,8,0.08651788532733917,,87526,,0.5625,
86,1767955015.708625,,,0,3630.046875,0.5350110530853271,275,0.148745097219944,1,0.41071428571428575,,0.6786628958607547,,31743,,-0.10629688203334808,364.0626422481652,8493,,,0.011191315948963165,1,,1,0.0045467265881598,,0.44303834438323975,,0.75,1,0,,0.1376276221126318,0.015625,63475,336.46875,1,-2.4748666286468506,,0.640625,1.9092867374420166,,1.6201815605163574,101415,0.11440256237983704,,0.5892857313156128,,,8,-0.017097121104598045,0,0.8228387236595154,0,56,0.11398070305585861,-2.4748666286468506,0.15445612794172173,0.33071891388307384,0.397687703371048,0.031330740079283714,,63464.25,,,442,86,-0.03223907947540283,1,0.397687703371048,0.04338701614545788,0.640625,,0.109375,246.75279235839844,,69672,0.1111963540315628,0.0018971003592014313,1,253857,174.3223353214562,475,-0.04191683605313301,8,0,,56,0.5892857313156128,0.011191315948963165,-0.03223907947540283,0.00044899570646410623,2.864797703921795,0,,,11.0140977576375,0.3392857015132904,,26225.634755289,2.49247445166111,1.6201815605163574,99.701171875,0.640625,1,0,,,8,,,37,8,0.001,174.3223353214562,75.68259525299072,157.6689999550581,,0.009818419234691617,,0,,0,0,1e-06,0,,64,,1,,,,8,0.07119345664978027,,63442,,0.640625,
87,1767955447.0237164,,,0,4744.515625,0.48004278540611267,275,0.19303494691848755,1,0.5178571428571428,,1.3526662166697676,,57207,,-0.08233720064163208,190.1491836955954,14628,,,0.007673333398997784,1,,1,0.0023989358451217413,,0.3885382413864136,,0.875,1,0,,-0.055296072736382484,0.015625,82052,381.203125,1,-1.6201815605163574,,0.546875,1.900551676750183,,2.4748666286468506,112865,0.09279640018939972,,0.4821428656578064,,,8,-0.029606929048895836,0,0.915334939956665,0,56,0.11712365224957466,-1.6201815605163574,0.1696854792594297,0.293965672020613,0.3614462614059448,-0.13763327337801456,,82011.5,,,548,87,-0.056614406406879425,1,0.3614462614059448,0.041658681275745395,0.546875,,0.109375,247.52891540527344,,55658,0.09071900695562363,0.0034073740243911743,1,328046,431.30082604661584,482,-0.06413017958402634,8,0,,56,0.4821428656578064,0.007673333398997784,-0.056614406406879425,0.00035703423376469965,3.3984071128070354,0,,,13.665963757783175,0.3571428656578064,,26591.154950677,3.167681533843279,2.4748666286468506,99.701171875,0.546875,1,0,,,8,,,30,8,0.001,431.30082604661584,75.68259525299072,410.73574402555823,,0.00965621142718789,,0,,0,0,1e-06,0,,64,,1,,,,8,0.11007845401763916,,81974,,0.546875,
88,1767955812.544611,,,0,5252.125,0.3331567347049713,275,0.18133503198623657,1,0.4464285714285714,,1.0193505088783208,,67051,,-0.03068525344133377,247.53611931869503,15437,,,0.006485470104962587,1,,1,0.0021065245382487774,,0.3769957721233368,,0.75,1,0,,-0.06311816349625587,0.015625,90486,402.640625,1,-1.6201815605163574,,0.609375,1.929614543914795,,2.4748666286468506,131279,0.0845676064491272,,0.5535714030265808,,,8,-0.027488550171256065,0,0.8686763048171997,0,56,0.10788656771183014,-1.6201815605163574,0.17515371152097953,0.338344559312436,0.38084620237350464,-0.09380341693758965,,90476.25,,,733,88,-0.04693939909338951,1,0.38084620237350464,0.042132265870228995,0.609375,,0.109375,247.9446678161621,,64228,0.08263355493545532,0.0030224286019802094,1,361905,365.5072651579976,515,-0.052916355431079865,8,0,,56,0.5535714030265808,0.006485470104962587,-0.04693939909338951,0.00029810742518569827,3.76530197635293,0,,,15.247877679765224,0.3035714328289032,,26871.983104426,3.5344634614884853,2.4748666286468506,99.701171875,0.609375,1,0,,,8,,,35,8,0.001,365.5072651579976,75.68259525299072,342.64040265232325,,0.009766274192090425,,0,,0,0,1e-06,0,,64,,1,,,,8,0.07595304399728775,,90467,,0.609375,
89,1767956093.372643,,,0,5035.328125,0.41306036710739136,275,0.21825258061289787,1,0.5714285714285714,,0.8111103783795597,,57673,,-0.14061741530895233,308.90446758734504,13562,,,0.006957093719393015,1,,1,0.0024504230823367834,,0.3717454671859741,,0.875,1,0,,0.15616116672754288,0.015625,86762,385.796875,1,-2.4748666286468506,,0.5,1.9416587352752686,,2.4748666286468506,143087,0.08410108089447021,,0.4285714328289032,,,8,-0.017633337527513504,0,1.355008840560913,0,56,0.10814572125673294,-2.4748666286468506,0.19738648702122985,0.3499271061118826,0.36760658025741577,0.015543751418590546,,86738.0,,,734,89,-0.021604301407933235,1,0.36760658025741577,0.03681185062237777,0.5,,0.109375,248.1795425415039,,85414,0.08211489021778107,0.0035531483590602875,1,346952,280.7923131622374,449,-0.031248627230525017,8,0,,56,0.4285714328289032,0.006957093719393015,-0.021604301407933235,0.0003117022563833987,3.2219921201467514,0,,,12.77194519713521,0.3035714328289032,,27129.521984779,3.0577493086457253,2.4748666286468506,99.701171875,0.5,1,0,,,8,,,29,8,0.001,280.7923131622374,75.68259525299072,261.3892416469753,,0.008813176775593526,,0,,0,0,1e-06,0,,64,,1,,,,8,0.120414599776268,,86724,,0.5,
90,1767956350.9115386,,,0,4137.96875,0.5203469395637512,275,0.15651613473892212,1,0.48214285714285715,,0.9126896240719945,,45721,,-0.04116860032081604,280.03958453360104,10547,,,0.007971151731908321,1,,1,0.0029731723479926586,,0.4199514389038086,,0.875,1,0,,0.14889376983046532,0.015625,72128,369.28125,1,-1.6201815605163574,,0.578125,2.777583599090576,,2.4748666286468506,114986,0.10309496521949768,,0.5178571343421936,,,8,-0.017850497737526894,0,0.901668131351471,0,56,0.10483701899647713,-1.6201815605163574,0.1882204940808122,0.3189387696337813,0.3628822863101959,0.10772516950964928,,72116.0,,,547,90,-0.029960475862026215,1,0.3628822863101959,0.036140807864888845,0.578125,,0.109375,248.15564727783203,,69265,0.10100751370191574,0.002861231565475464,1,288464,257.5207362920046,499,-0.03744629770517349,8,0,,56,0.5178571343421936,0.007971151731908321,-0.029960475862026215,0.0003634318979022586,2.647594664245844,0,,,10.425321999937296,0.3928571343421936,,27378.612408338,2.4563507810235023,2.4748666286468506,99.701171875,0.578125,1,0,,,8,,,32,8,0.001,257.5207362920046,75.68259525299072,241.7075931429863,,0.008515276710520213,,0,,0,0,1e-06,0,,64,,1,,,,8,0.10439364612102509,,72105,,0.578125,
91,1767956600.0019703,,,0,3700.6875,0.6053626537322998,275,0.15742125734686852,1,0.4464285714285714,,0.9845103818585819,,43347,,-0.04116859659552574,260.4445337896276,10410,,,0.007811048533767462,1,,1,0.0026388762053102255,,0.40228986740112305,,0.75,1,0,,0.02909889630973339,0.015625,64876,353.640625,1,-1.20761239528656,,0.609375,2.308190107345581,,2.4748666286468506,82174,0.09922242164611816,,0.5535714030265808,,,8,-0.015564804896712303,0,0.8840867280960083,0,56,0.09240290522575378,-1.20761239528656,0.17174844191520267,0.31491414443836424,0.407539427280426,-0.01206970028579235,,64869.25,,,544,91,-0.029285915195941925,1,0.407539427280426,0.03986166811742096,0.609375,,0.109375,248.57123184204102,,38827,0.09679517894983292,0.003004714846611023,1,259477,249.0712669454515,450,-0.03647648170590401,8,0,,56,0.5535714030265808,0.007811048533767462,-0.029285915195941925,0.00035611212256097375,2.8229290060698986,0,,,10.343186058104038,0.3035714328289032,,27625.090764002,2.4554228261113167,2.4748666286468506,99.701171875,0.609375,1,0,,,8,,,37,8,0.001,249.0712669454515,75.68259525299072,233.17537688091397,,0.009462969072832339,,0,,0,0,1e-06,0,,64,,1,,,,8,0.08725301176309586,,64865,,0.609375,
92,1767956846.480315,,,0,4548.796875,0.4222760796546936,275,0.1653951071202755,1,0.5918367346938777,,0.7841875000266457,,57135,,-0.32472895830869675,317.871709877621,9879,,,0.010404536500573158,1,,1,0.004553408361971378,,0.3962489664554596,,0.8571428656578064,1,0,,0.1000448539853096,0.015625,78352,347.546875,1,-1.6201815605163574,,0.421875,3.2529702186584473,,2.4748666286468506,102939,0.09787450730800629,,0.35087719559669495,,,7,-0.018546517938375473,0,1.1958417892456055,0,57,0.09282034635543823,-1.6201815605163574,0.17746427094823883,0.3616335744218235,0.4086151123046875,-0.22468410432338715,,78341.5,,,515,92,-0.012958533130586147,1,0.4086151123046875,0.038392287609977115,0.421875,,0.125,248.78722381591797,,45804,0.0946073979139328,0.0015900582075119019,1,313366,246.45634564384818,597,-0.02566777542233467,7,0,,57,0.35087719559669495,0.010404536500573158,-0.012958533130586147,0.0002962042670724911,3.0590570271015167,0,,,12.03083759918809,0.22807016968727112,,27828.875706819,2.791454993188381,2.4748666286468506,99.701171875,0.421875,1,0,,,7,,,23,7,0.001,246.45634564384818,75.68259525299072,228.2950175702572,,0.00890797021115367,,0,,0,1,1e-06,0,,64,,1,,,,7,0.18813419342041016,,78330,,0.421875,
93,1767957050.2653527,,,0,2875.375,0.5445683598518372,275,0.1062060222029686,1,0.4464285714285715,,1.0357820881957456,,39032,,-0.1783972829580307,250.61940505109442,6159,,,0.013416728004813194,1,,1,0.005819599609822035,,0.4676189124584198,,0.625,1,0,,0.05681714788079262,0.015625,51081,316.453125,1,-1.20761239528656,,0.609375,2.75569486618042,,1.6201815605163574,67561,0.1294587403535843,,0.5535714030265808,,,8,-0.015247596427798271,0,1.016803503036499,0,56,0.08427015319466591,-1.20761239528656,0.15555203625328484,0.36726721073577023,0.44272878766059875,-0.12158013507723808,,51069.25,,,470,93,-0.016951648518443108,1,0.44272878766059875,0.04213538842383726,0.609375,,0.109375,248.9938735961914,,28529,0.12519851326942444,0.0012004934251308441,1,204277,203.7721300534904,726,-0.031009875237941742,8,0,,56,0.5535714030265808,0.013416728004813194,-0.016951648518443108,0.0004125288367983958,2.278097778558731,0,,,8.607290741056204,0.1785714328289032,,28053.786787257,2.0715768299996853,1.6201815605163574,99.701171875,0.609375,1,0,,,8,,,35,8,0.001,203.7721300534904,75.68259525299072,190.6087629981339,,0.01014101847001711,,0,,0,0,1e-06,0,,64,,1,,,,8,0.133779376745224,,51063,,0.609375,
94,1767957275.1763382,,,0,3111.359375,1.6832772493362427,275,0.13767800852656364,1,0.35714285714285715,,1.0552266627288063,,30028,,-0.10143320262432098,245.74425478889555,10220,,,0.009024391882121563,1,,1,0.0026073104236274958,,0.4412619471549988,,0.875,1,0,,0.47305805794894695,0.015625,55269,342.8125,1,-2.4748666286468506,,0.6875,3.6028099060058594,,1.6201815605163574,89981,0.11378052085638046,,0.6428571343421936,,,8,-0.014006595127284527,0,0.8112365007400513,0,56,0.08430900424718857,-2.4748666286468506,0.15986567284486175,0.2857142857142857,0.4045349657535553,0.37162485532462597,,55266.75,,,549,94,-0.036079417914152145,1,0.4045349657535553,0.04289392715985681,0.6875,,0.109375,249.11225509643555,,59953,0.11113274097442627,0.0026522837579250336,1,221067,224.89538991451263,379,-0.04379555955529213,8,0,,56,0.6428571343421936,0.009024391882121563,-0.036079417914152145,0.00038137308710566736,2.68208971619606,0,,,9.482431795448065,0.5178571343421936,,28329.181472965,2.3640222884714603,1.6201815605163574,99.701171875,0.6875,1,0,,,8,,,41,8,0.001,224.89538991451263,75.68259525299072,210.124119669199,,0.010693691453140723,,0,,0,0,1e-06,0,,64,,1,,,,8,0.09025967866182327,,55265,,0.6875,
95,1767957550.571045,,,0,4591.90625,1.6133147478103638,275,0.17540504038333893,1,0.5178571428571429,,0.8755241587068786,,55616,,-0.08233720064163208,288.7177014781533,11352,,,0.006591080687940121,1,,1,0.0025433297269046307,,0.3659060299396515,,0.875,1,0,,-0.07988050952553749,0.015625,79526,377.265625,1,-1.20761239528656,,0.546875,5.714993476867676,,1.6201815605163574,102643,0.08434121310710907,,0.4821428656578064,,,8,-0.015214151702821255,0,0.9429459571838379,0,56,0.10195187851786613,-1.20761239528656,0.185203066207951,0.26666400934050144,0.3250202238559723,-0.16221771016716957,,79506.75,,,548,95,-0.024341018870472908,1,0.3250202238559723,0.03740324064045624,0.546875,,0.109375,249.5653839111328,,47027,0.08274435251951218,0.001717895269393921,1,318027,275.37885482236743,691,-0.03075878694653511,8,0,,56,0.4821428656578064,0.006591080687940121,-0.024341018870472908,0.00032057617283396105,3.048866990953684,0,,,11.895240411162376,0.3571428656578064,,28593.713753036,2.8335793763399124,1.6201815605163574,99.701171875,0.546875,1,0,,,8,,,31,8,0.001,275.37885482236743,75.68259525299072,257.3007908090949,,0.008909870471186134,,0,,0,0,1e-06,0,,64,,1,,,,8,0.08279258757829666,,79491,,0.546875,
96,1767957815.1033938,,,0,3857.015625,0.3343474864959717,275,0.18393802642822266,1,0.46428571428571425,,1.0015311210674989,,42167,,-0.020088201388716698,257.36360611943616,12737,,,0.010678593069314957,1,,1,0.003056813031435013,,0.3999592363834381,,0.875,1,0,,0.09882836602628231,0.015625,68086,397.828125,1,-2.4748666286468506,,0.59375,3.805058240890503,,2.4748666286468506,116231,0.09604264795780182,,0.5357142686843872,,,8,-0.014608730562031269,0,0.8730295300483704,0,56,0.10370391234755516,-2.4748666286468506,0.1676078316846984,0.38959686123698983,0.3695620596408844,0.07874016463756561,,68077.5,,,737,96,-0.019307250156998634,1,0.3695620596408844,0.041423229286075405,0.59375,,0.109375,250.2456817626953,,74064,0.09309031069278717,0.0025312788784503937,1,272310,264.51875238493085,462,-0.028939004987478256,8,0,,56,0.5357142686843872,0.010678593069314957,-0.019307250156998634,0.00038083034904173613,3.0949676260352135,0,,,11.279959566891193,0.4107142984867096,,28843.150197814,2.604205444455147,2.4748666286468506,99.701171875,0.59375,1,0,,,8,,,35,8,0.001,264.51875238493085,75.68259525299072,247.226955704391,,0.009563385275807523,,0,,0,0,1e-06,0,,64,,1,,,,8,0.12443345040082932,,68058,,0.59375,
97,1767958064.5397806,,,0,3375.90625,0.7801390886306763,275,0.14197321981191635,1,0.2653061224489796,,1.0843980020776867,,42008,,-0.04116860032081604,240.1201096975523,10530,,,0.012126373127102852,1,,1,0.0037101232446730137,,0.4032192528247833,,0.8571428656578064,1,0,,-0.09635628573596478,0.015625,59906,367.203125,1,-2.4748666286468506,,0.78125,4.42156982421875,,0.7245674133300781,71672,0.09495643526315689,,0.7543859481811523,,,7,-0.016767069697380066,0,0.41010531783103943,0,57,0.08908633887767792,-2.4748666286468506,0.1609318269899711,0.160694038245139,0.32010534405708313,-0.13752488605678082,,59889.75,,,504,97,-0.04408600926399231,1,0.32010534405708313,0.04095358478907482,0.78125,,0.109375,250.31623077392578,,29664,0.09219267219305038,0.002066526561975479,1,239559,249.41580309718847,398,-0.0496613048017025,7,0,,57,0.7543859481811523,0.012126373127102852,-0.04408600926399231,0.0003718764015448299,2.562729574739933,0,,,9.810799818485975,0.6315789222717285,,29074.81138302,2.499573774635792,0.7245674133300781,99.701171875,0.78125,1,0,,,7,,,46,7,0.001,249.41580309718847,75.68259525299072,234.2928635329008,,0.01043406331899779,,0,,0,1,1e-06,0,,64,,1,,,,7,0.06065914407372475,,59878,,0.78125,
98,1767958296.2009146,,,0,3600.234375,0.5080323219299316,275,0.1608804538846016,1,0.48214285714285715,,0.9321700732514688,,41335,,-0.06861434131860733,271.53479418262873,10964,,,0.006900592241436243,1,,1,0.0021823393180966377,,0.4260154068470001,,0.75,1,0,,0.12636710703372955,0.015625,62916,331.0,1,-2.4748666286468506,,0.578125,3.133260488510132,,1.6201815605163574,89371,0.10560240596532822,,0.5178571343421936,,,8,-0.01620704121887684,0,0.798805296421051,0,56,0.10289095714688301,-2.4748666286468506,0.15217873326173076,0.3494711748353737,0.3666476309299469,0.05775276571512222,,62899.75,,,420,98,-0.03132385015487671,1,0.3666476309299469,0.043875938042403625,0.578125,,0.109375,250.39946365356445,,48036,0.10378853231668472,0.0015384592115879059,1,251599,231.64526737481356,390,-0.03709203377366066,8,0,,56,0.5178571343421936,0.006900592241436243,-0.03132385015487671,0.0004089481959263869,2.9368651770055294,0,,,11.03914213553071,0.2678571343421936,,29372.744762673,2.5954443216323853,1.6201815605163574,99.701171875,0.578125,1,0,,,8,,,33,8,0.001,231.64526737481356,75.68259525299072,214.7859674282372,,0.010315797446064512,,0,,0,0,1e-06,0,,64,,1,,,,8,0.10805660486221313,,62883,,0.578125,
