_step,is_offpolicy,offpolicy_ratio,exp_tokens,response_valid_tokens,reward_outcome,success,entropy_scalar
1,0.0,0.0,0.0,3584.0,0.0,0.0,0.26972201466560364
1,0.0,0.0,0.0,1753.0,1.0,1.0,0.2914172410964966
1,0.0,0.0,0.0,1043.0,1.0,1.0,0.21975643932819366
1,0.0,0.0,0.0,3561.0,0.0,0.0,0.22282832860946655
1,0.0,0.0,0.0,6790.0,0.0,0.0,0.11653458327054977
1,0.0,0.0,0.0,6051.0,0.0,0.0,0.1373656541109085
1,0.0,0.0,0.0,5175.0,0.0,0.0,0.15426228940486908
1,0.0,0.0,0.0,5409.0,0.0,0.0,0.11560655385255814
1,0.0,0.0,0.0,9620.0,0.0,0.0,0.0758214220404625
1,0.0,0.0,0.0,10265.0,0.0,0.0,0.05998186022043228
1,0.0,0.0,0.0,10075.0,0.0,0.0,0.11972071975469589
1,0.0,0.0,0.0,2443.0,1.0,1.0,0.07896867394447327
1,0.0,0.0,0.0,4509.0,0.0,0.0,0.19441351294517517
1,0.0,0.0,0.0,1783.0,1.0,1.0,0.18356654047966003
1,0.0,0.0,0.0,5214.0,0.0,0.0,0.12167138606309891
1,0.0,0.0,0.0,5338.0,0.0,0.0,0.10180482268333435
1,0.0,0.0,0.0,552.0,1.0,1.0,0.28369295597076416
1,0.0,0.0,0.0,3349.0,0.0,0.0,0.16203421354293823
1,0.0,0.0,0.0,7005.0,0.0,0.0,0.12848979234695435
1,0.0,0.0,0.0,2508.0,1.0,1.0,0.17046089470386505
1,0.0,0.0,0.0,5127.0,0.0,0.0,0.1854095160961151
1,0.0,0.0,0.0,5613.0,0.0,0.0,0.1317903846502304
1,0.0,0.0,0.0,5245.0,0.0,0.0,0.13397501409053802
1,0.0,0.0,0.0,5282.0,0.0,0.0,0.13031086325645447
1,0.0,0.0,0.0,10813.0,0.0,0.0,0.12569135427474976
1,0.0,0.0,0.0,10247.0,0.0,0.0,0.08056095242500305
1,0.0,0.0,0.0,8058.0,1.0,1.0,0.0656438022851944
1,0.0,0.0,0.0,4412.0,0.0,0.0,0.17493650317192078
1,0.0,0.0,0.0,1390.0,1.0,1.0,0.166131392121315
1,0.0,0.0,0.0,3050.0,1.0,1.0,0.15860752761363983
1,0.0,0.0,0.0,4824.0,0.0,0.0,0.08632557094097137
1,0.0,0.0,0.0,5418.0,0.0,0.0,0.12331235408782959
1,0.0,0.0,0.0,1013.0,1.0,1.0,0.208870530128479
1,0.0,0.0,0.0,3874.0,0.0,0.0,0.26961061358451843
1,0.0,0.0,0.0,1725.0,1.0,1.0,0.1280038207769394
1,0.0,0.0,0.0,6053.0,0.0,0.0,0.11790579557418823
1,0.0,0.0,0.0,5350.0,0.0,0.0,0.162176251411438
1,0.0,0.0,0.0,3295.0,1.0,1.0,0.12803718447685242
1,0.0,0.0,0.0,5205.0,0.0,0.0,0.1290537416934967
1,0.0,0.0,0.0,5201.0,0.0,0.0,0.1090020090341568
1,0.0,0.0,0.0,5386.0,0.0,0.0,0.09393478184938431
1,0.0,0.0,0.0,10153.0,0.0,0.0,0.11428532004356384
1,0.0,0.0,0.0,9999.0,0.0,0.0,0.09865961968898773
1,0.0,0.0,0.0,10531.0,0.0,0.0,0.08927085995674133
1,0.0,0.0,0.0,2453.0,1.0,1.0,0.0800127238035202
1,0.0,0.0,0.0,2231.0,1.0,1.0,0.176279678940773
1,0.0,0.0,0.0,4554.0,1.0,1.0,0.13625848293304443
1,0.0,0.0,0.0,5576.0,0.0,0.0,0.13660168647766113
1,0.0,0.0,0.0,5965.0,0.0,0.0,0.10768091678619385
1,0.0,0.0,0.0,6677.0,0.0,0.0,0.13350367546081543
1,0.0,0.0,0.0,3633.0,1.0,1.0,0.1297215074300766
1,0.0,0.0,0.0,1762.0,1.0,1.0,0.18104827404022217
1,0.0,0.0,0.0,5026.0,0.0,0.0,0.15639948844909668
1,0.0,0.0,0.0,5543.0,0.0,0.0,0.16747364401817322
1,0.0,0.0,0.0,5226.0,0.0,0.0,0.08973530679941177
1,0.0,0.0,0.0,10314.0,0.0,0.0,0.08278705924749374
1,0.0,0.0,0.0,10253.0,0.0,0.0,0.08653845638036728
1,0.0,0.0,0.0,3078.0,1.0,1.0,0.06873184442520142
1,0.0,0.0,0.0,9653.0,0.0,0.0,0.09700560569763184
1,0.0,0.0,0.0,2548.0,1.0,1.0,0.10170924663543701
1,0.0,0.0,0.0,1258.0,1.0,1.0,0.14020775258541107
1,0.0,0.0,0.0,1565.0,1.0,1.0,0.22615507245063782
1,0.0,0.0,0.0,4507.0,0.0,0.0,0.10753034800291061
1,0.0,0.0,0.0,5334.0,0.0,0.0,0.10848704725503922
2,0.0,0.0,0.0,4870.0,0.0,0.0,0.14616046845912933
2,0.0,0.0,0.0,1500.0,1.0,1.0,0.2058260291814804
2,0.0,0.0,0.0,4892.0,0.0,0.0,0.10931246727705002
2,0.0,0.0,0.0,4615.0,0.0,0.0,0.107899010181427
2,0.0,0.0,0.0,4687.0,0.0,0.0,0.10779239982366562
2,0.0,0.0,0.0,4844.0,0.0,0.0,0.1494196504354477
2,0.0,0.0,0.0,4273.0,1.0,1.0,0.21349790692329407
2,0.0,0.0,0.0,5351.0,0.0,0.0,0.33770373463630676
2,0.0,0.0,0.0,2265.0,1.0,1.0,0.17308317124843597
2,0.0,0.0,0.0,4522.0,0.0,0.0,0.32574746012687683
2,0.0,0.0,0.0,3743.0,0.0,0.0,0.18106965720653534
2,0.0,0.0,0.0,5118.0,0.0,0.0,0.1582786589860916
2,0.0,0.0,0.0,5188.0,0.0,0.0,0.12463381141424179
2,0.0,0.0,0.0,5097.0,0.0,0.0,0.1937858909368515
2,0.0,0.0,0.0,5154.0,0.0,0.0,0.20542119443416595
2,0.0,0.0,0.0,4734.0,0.0,0.0,0.20905563235282898
2,0.0,0.0,0.0,4864.0,0.0,0.0,0.133649542927742
2,0.0,0.0,0.0,4789.0,0.0,0.0,0.16358868777751923
2,0.0,0.0,0.0,5074.0,0.0,0.0,0.15945550799369812
2,0.0,0.0,0.0,4956.0,0.0,0.0,0.1552610993385315
2,0.0,0.0,0.0,4558.0,0.0,0.0,0.1419249027967453
2,0.0,0.0,0.0,5139.0,0.0,0.0,0.18418154120445251
2,0.0,0.0,0.0,5180.0,0.0,0.0,0.18407787382602692
2,0.0,0.0,0.0,4295.0,1.0,1.0,0.13660097122192383
2,0.0,0.0,0.0,4680.0,1.0,1.0,0.21759356558322906
2,0.0,0.0,0.0,4223.0,0.0,0.0,0.2892744243144989
2,0.0,0.0,0.0,4145.0,0.0,0.0,0.31070277094841003
2,0.0,0.0,0.0,4875.0,0.0,0.0,0.16518791019916534
2,0.0,0.0,0.0,5109.0,0.0,0.0,0.12480173259973526
2,0.0,0.0,0.0,1782.0,1.0,1.0,0.17086473107337952
2,0.0,0.0,0.0,1839.0,1.0,1.0,0.20137225091457367
2,0.0,0.0,0.0,5345.0,0.0,0.0,0.28830981254577637
2,0.0,0.0,0.0,4799.0,0.0,0.0,0.1681908816099167
2,0.0,0.0,0.0,4786.0,0.0,0.0,0.15645544230937958
2,0.0,0.0,0.0,5154.0,0.0,0.0,0.17754343152046204
2,0.0,0.0,0.0,4987.0,0.0,0.0,0.13326214253902435
2,0.0,0.0,0.0,692.0,1.0,1.0,0.24892300367355347
2,0.0,0.0,0.0,3037.0,1.0,1.0,0.16348515450954437
2,0.0,0.0,0.0,4057.0,0.0,0.0,0.18896138668060303
2,0.0,0.0,0.0,4378.0,0.0,0.0,0.2758317291736603
2,0.0,0.0,0.0,5164.0,0.0,0.0,0.21839044988155365
2,0.0,0.0,0.0,5319.0,0.0,0.0,0.1427946835756302
2,0.0,0.0,0.0,4624.0,0.0,0.0,0.1371319442987442
2,0.0,0.0,0.0,4157.0,0.0,0.0,0.17369674146175385
2,0.0,0.0,0.0,4887.0,0.0,0.0,0.16047456860542297
2,0.0,0.0,0.0,4670.0,0.0,0.0,0.15753008425235748
2,0.0,0.0,0.0,5137.0,0.0,0.0,0.17586827278137207
2,0.0,0.0,0.0,5004.0,0.0,0.0,0.19383129477500916
2,0.0,0.0,0.0,5115.0,0.0,0.0,0.2520444393157959
2,0.0,0.0,0.0,4840.0,0.0,0.0,0.18819458782672882
2,0.0,0.0,0.0,4693.0,0.0,0.0,0.18470431864261627
2,0.0,0.0,0.0,4958.0,0.0,0.0,0.10146212577819824
2,0.0,0.0,0.0,5562.0,0.0,0.0,0.21800626814365387
2,0.0,0.0,0.0,5297.0,0.0,0.0,0.13476607203483582
2,0.0,0.0,0.0,4618.0,1.0,1.0,0.14437967538833618
2,0.0,0.0,0.0,2230.0,1.0,1.0,0.12326371669769287
2,0.0,0.0,0.0,4215.0,0.0,0.0,0.2908310294151306
2,0.0,0.0,0.0,3355.0,1.0,1.0,0.2293919324874878
2,0.0,0.0,0.0,4754.0,0.0,0.0,0.14810696244239807
2,0.0,0.0,0.0,5138.0,0.0,0.0,0.1931556910276413
2,0.0,0.0,0.0,1716.0,1.0,1.0,0.17180995643138885
2,0.0,0.0,0.0,4459.0,0.0,0.0,0.1539863497018814
2,0.0,0.0,0.0,5035.0,0.0,0.0,0.15853653848171234
2,0.0,0.0,0.0,4865.0,0.0,0.0,0.2319910228252411
3,0.0,0.0,0.0,4381.0,1.0,1.0,0.1776396930217743
3,0.0,0.0,0.0,5160.0,0.0,0.0,0.19890981912612915
3,0.0,0.0,0.0,5180.0,0.0,0.0,0.14514923095703125
3,0.0,0.0,0.0,5500.0,0.0,0.0,0.2340022623538971
3,0.0,0.0,0.0,2983.0,1.0,1.0,0.20178747177124023
3,0.0,0.0,0.0,3733.0,1.0,1.0,0.2677072584629059
3,0.0,0.0,0.0,1408.0,1.0,1.0,0.22110915184020996
3,0.0,0.0,0.0,1940.0,1.0,1.0,0.10791368782520294
3,0.0,0.0,0.0,8771.0,0.0,0.0,0.08297036588191986
3,0.0,0.0,0.0,6707.0,0.0,0.0,0.194173201918602
3,0.0,0.0,0.0,4128.0,0.0,0.0,0.15094289183616638
3,0.0,0.0,0.0,4368.0,0.0,0.0,0.1627541333436966
3,0.0,0.0,0.0,9329.0,0.0,0.0,0.10001678019762039
3,0.0,0.0,0.0,7987.0,1.0,1.0,0.07303880900144577
3,0.0,0.0,0.0,7873.0,0.0,0.0,0.07053431868553162
3,0.0,0.0,0.0,4731.0,0.0,0.0,0.289478600025177
3,0.0,0.0,0.0,923.0,1.0,1.0,0.24239881336688995
3,0.0,0.0,0.0,2784.0,1.0,1.0,0.110053151845932
3,0.0,0.0,0.0,2359.0,1.0,1.0,0.15011264383792877
3,0.0,0.0,0.0,8397.0,0.0,0.0,0.09504377841949463
3,0.0,0.0,0.0,6445.0,0.0,0.0,0.1190558448433876
3,0.0,0.0,0.0,6588.0,0.0,0.0,0.20935766398906708
3,0.0,0.0,0.0,4730.0,0.0,0.0,0.14893752336502075
3,0.0,0.0,0.0,4380.0,0.0,0.0,0.22486065328121185
3,0.0,0.0,0.0,4237.0,1.0,1.0,0.181359201669693
3,0.0,0.0,0.0,4859.0,1.0,1.0,0.08987580984830856
3,0.0,0.0,0.0,9668.0,0.0,0.0,0.10245199501514435
3,0.0,0.0,0.0,5024.0,1.0,1.0,0.08350785076618195
3,0.0,0.0,0.0,2791.0,1.0,1.0,0.08341766148805618
3,0.0,0.0,0.0,8050.0,0.0,0.0,0.0708828717470169
3,0.0,0.0,0.0,7871.0,0.0,0.0,0.07815971970558167
3,0.0,0.0,0.0,4296.0,0.0,0.0,0.13547943532466888
3,0.0,0.0,0.0,5322.0,0.0,0.0,0.17657199501991272
3,0.0,0.0,0.0,5002.0,1.0,1.0,0.14537963271141052
3,0.0,0.0,0.0,5363.0,0.0,0.0,0.14175957441329956
3,0.0,0.0,0.0,1361.0,1.0,1.0,0.24912160634994507
3,0.0,0.0,0.0,3174.0,1.0,1.0,0.22695498168468475
3,0.0,0.0,0.0,2424.0,1.0,1.0,0.08896054327487946
3,0.0,0.0,0.0,7904.0,0.0,0.0,0.1200399175286293
3,0.0,0.0,0.0,6676.0,0.0,0.0,0.1914304792881012
3,0.0,0.0,0.0,4314.0,0.0,0.0,0.13957616686820984
3,0.0,0.0,0.0,2166.0,1.0,1.0,0.07274007052183151
3,0.0,0.0,0.0,9671.0,0.0,0.0,0.12181349843740463
3,0.0,0.0,0.0,9371.0,0.0,0.0,0.07590943574905396
3,0.0,0.0,0.0,8024.0,0.0,0.0,0.07325167208909988
3,0.0,0.0,0.0,4626.0,0.0,0.0,0.19794824719429016
3,0.0,0.0,0.0,4124.0,0.0,0.0,0.13535158336162567
3,0.0,0.0,0.0,4442.0,0.0,0.0,0.275014191865921
3,0.0,0.0,0.0,5130.0,0.0,0.0,0.18738669157028198
3,0.0,0.0,0.0,1999.0,1.0,1.0,0.21417510509490967
3,0.0,0.0,0.0,5186.0,0.0,0.0,0.21518272161483765
3,0.0,0.0,0.0,2832.0,1.0,1.0,0.12094984948635101
3,0.0,0.0,0.0,6944.0,0.0,0.0,0.17786337435245514
3,0.0,0.0,0.0,6512.0,0.0,0.0,0.18285156786441803
3,0.0,0.0,0.0,6600.0,0.0,0.0,0.16690725088119507
3,0.0,0.0,0.0,1402.0,1.0,1.0,0.17928485572338104
3,0.0,0.0,0.0,3440.0,1.0,1.0,0.18394814431667328
3,0.0,0.0,0.0,4041.0,1.0,1.0,0.23352286219596863
3,0.0,0.0,0.0,9096.0,0.0,0.0,0.06819994747638702
3,0.0,0.0,0.0,9454.0,0.0,0.0,0.09399756044149399
3,0.0,0.0,0.0,8026.0,0.0,0.0,0.09418206661939621
3,0.0,0.0,0.0,4306.0,0.0,0.0,0.20492331683635712
3,0.0,0.0,0.0,4709.0,0.0,0.0,0.3122681677341461
3,0.0,0.0,0.0,4550.0,0.0,0.0,0.19125773012638092
4,0.0,0.0,0.0,2672.0,1.0,1.0,0.16408824920654297
4,0.0,0.0,0.0,4120.0,0.0,0.0,0.14706528186798096
4,0.0,0.0,0.0,6064.0,0.0,0.0,0.13956019282341003
4,0.0,0.0,0.0,5919.0,0.0,0.0,0.12935985624790192
4,0.0,0.0,0.0,6318.0,0.0,0.0,0.1809534728527069
4,0.0,0.0,0.0,4980.0,0.0,0.0,0.14608383178710938
4,0.0,0.0,0.0,5025.0,0.0,0.0,0.1549104005098343
4,0.0,0.0,0.0,4403.0,1.0,1.0,0.08424580097198486
4,0.0,0.0,0.0,10640.0,0.0,0.0,0.09267985075712204
4,0.0,0.0,0.0,7877.0,1.0,1.0,0.07942594587802887
4,0.0,0.0,0.0,8329.0,0.0,0.0,0.09202238917350769
4,0.0,0.0,0.0,5103.0,0.0,0.0,0.18594174087047577
4,0.0,0.0,0.0,8748.0,0.0,0.0,0.07520940154790878
4,0.0,0.0,0.0,8562.0,0.0,0.0,0.06830970197916031
4,0.0,0.0,0.0,8496.0,0.0,0.0,0.08395468443632126
4,0.0,0.0,0.0,2237.0,1.0,1.0,0.13597247004508972
4,0.0,0.0,0.0,3924.0,0.0,0.0,0.23643313348293304
4,0.0,0.0,0.0,4462.0,0.0,0.0,0.06968305259943008
4,0.0,0.0,0.0,6218.0,0.0,0.0,0.13759054243564606
4,0.0,0.0,0.0,2314.0,1.0,1.0,0.15716470777988434
4,0.0,0.0,0.0,4912.0,0.0,0.0,0.14665073156356812
4,0.0,0.0,0.0,2890.0,1.0,1.0,0.1410726010799408
4,0.0,0.0,0.0,7594.0,0.0,0.0,0.08389482647180557
4,0.0,0.0,0.0,5173.0,1.0,1.0,0.10884895920753479
4,0.0,0.0,0.0,8328.0,0.0,0.0,0.06826682388782501
4,0.0,0.0,0.0,9091.0,0.0,0.0,0.0973910540342331
4,0.0,0.0,0.0,7835.0,1.0,1.0,0.0818592831492424
4,0.0,0.0,0.0,5728.0,0.0,0.0,0.29106083512306213
4,0.0,0.0,0.0,5010.0,0.0,0.0,0.20727121829986572
4,0.0,0.0,0.0,8964.0,0.0,0.0,0.097785584628582
4,0.0,0.0,0.0,8619.0,0.0,0.0,0.08885935693979263
4,0.0,0.0,0.0,8503.0,0.0,0.0,0.08277377486228943
4,0.0,0.0,0.0,1234.0,1.0,1.0,0.16765671968460083
4,0.0,0.0,0.0,3356.0,0.0,0.0,0.24687622487545013
4,0.0,0.0,0.0,6372.0,0.0,0.0,0.18741507828235626
4,0.0,0.0,0.0,5746.0,1.0,1.0,0.13621488213539124
4,0.0,0.0,0.0,5139.0,0.0,0.0,0.1841227263212204
4,0.0,0.0,0.0,4894.0,0.0,0.0,0.16557680070400238
4,0.0,0.0,0.0,8606.0,0.0,0.0,0.09004637598991394
4,0.0,0.0,0.0,10577.0,0.0,0.0,0.08873715251684189
4,0.0,0.0,0.0,4902.0,0.0,0.0,0.12985286116600037
4,0.0,0.0,0.0,3971.0,1.0,1.0,0.15035919845104218
4,0.0,0.0,0.0,8366.0,0.0,0.0,0.08647550642490387
4,0.0,0.0,0.0,8802.0,0.0,0.0,0.07959900796413422
4,0.0,0.0,0.0,4926.0,1.0,1.0,0.10452552884817123
4,0.0,0.0,0.0,5851.0,1.0,1.0,0.07680056989192963
4,0.0,0.0,0.0,8570.0,0.0,0.0,0.09155591577291489
4,0.0,0.0,0.0,8105.0,0.0,0.0,0.05693396180868149
4,0.0,0.0,0.0,5752.0,0.0,0.0,0.3525690734386444
4,0.0,0.0,0.0,4186.0,0.0,0.0,0.20616115629673004
4,0.0,0.0,0.0,6221.0,0.0,0.0,0.12276660650968552
4,0.0,0.0,0.0,4934.0,0.0,0.0,0.14921832084655762
4,0.0,0.0,0.0,4811.0,0.0,0.0,0.1781158596277237
4,0.0,0.0,0.0,7446.0,0.0,0.0,0.07748778909444809
4,0.0,0.0,0.0,7727.0,0.0,0.0,0.11083044856786728
4,0.0,0.0,0.0,8164.0,0.0,0.0,0.08387169241905212
4,0.0,0.0,0.0,8548.0,0.0,0.0,0.09085939824581146
4,0.0,0.0,0.0,8679.0,0.0,0.0,0.11776098608970642
4,0.0,0.0,0.0,5203.0,0.0,0.0,0.17865462601184845
4,0.0,0.0,0.0,2057.0,1.0,1.0,0.1516331136226654
4,0.0,0.0,0.0,5036.0,0.0,0.0,0.14823144674301147
4,0.0,0.0,0.0,2823.0,1.0,1.0,0.10631541907787323
4,0.0,0.0,0.0,8610.0,0.0,0.0,0.06453274190425873
4,0.0,0.0,0.0,9381.0,0.0,0.0,0.11811898648738861
5,0.0,0.0,0.0,1744.0,1.0,1.0,0.17870186269283295
5,0.0,0.0,0.0,2677.0,1.0,1.0,0.13092820346355438
5,0.0,0.0,0.0,5342.0,1.0,1.0,0.20459285378456116
5,0.0,0.0,0.0,6377.0,0.0,0.0,0.1467708796262741
5,0.0,0.0,0.0,741.0,1.0,1.0,0.3213094174861908
5,0.0,0.0,0.0,5766.0,0.0,0.0,0.14352057874202728
5,0.0,0.0,0.0,5690.0,0.0,0.0,0.11707589775323868
5,0.0,0.0,0.0,3958.0,1.0,1.0,0.15231174230575562
5,0.0,0.0,0.0,5441.0,0.0,0.0,0.14832629263401031
5,0.0,0.0,0.0,4702.0,0.0,0.0,0.2360011637210846
5,0.0,0.0,0.0,6519.0,0.0,0.0,0.20239974558353424
5,0.0,0.0,0.0,5135.0,0.0,0.0,0.17192520201206207
5,0.0,0.0,0.0,5303.0,0.0,0.0,0.16550643742084503
5,0.0,0.0,0.0,5123.0,0.0,0.0,0.17016378045082092
5,0.0,0.0,0.0,4989.0,0.0,0.0,0.10738347470760345
5,0.0,0.0,0.0,7522.0,0.0,0.0,0.202540323138237
5,0.0,0.0,0.0,1531.0,1.0,1.0,0.2843485474586487
5,0.0,0.0,0.0,883.0,1.0,1.0,0.18103449046611786
5,0.0,0.0,0.0,4015.0,1.0,1.0,0.15487420558929443
5,0.0,0.0,0.0,4657.0,0.0,0.0,0.2802101969718933
5,0.0,0.0,0.0,5016.0,0.0,0.0,0.22527679800987244
5,0.0,0.0,0.0,5476.0,0.0,0.0,0.22743594646453857
5,0.0,0.0,0.0,5270.0,0.0,0.0,0.19193145632743835
5,0.0,0.0,0.0,6591.0,0.0,0.0,0.16581431031227112
5,0.0,0.0,0.0,2893.0,1.0,1.0,0.19292497634887695
5,0.0,0.0,0.0,5254.0,0.0,0.0,0.12456700205802917
5,0.0,0.0,0.0,5341.0,0.0,0.0,0.18427830934524536
5,0.0,0.0,0.0,6990.0,0.0,0.0,0.2265595644712448
5,0.0,0.0,0.0,6243.0,0.0,0.0,0.1609739065170288
5,0.0,0.0,0.0,6209.0,0.0,0.0,0.12955579161643982
5,0.0,0.0,0.0,5459.0,0.0,0.0,0.1896391659975052
5,0.0,0.0,0.0,5126.0,0.0,0.0,0.2156064659357071
5,0.0,0.0,0.0,1039.0,1.0,1.0,0.18192611634731293
5,0.0,0.0,0.0,3325.0,1.0,1.0,0.1370982676744461
5,0.0,0.0,0.0,4973.0,0.0,0.0,0.20978941023349762
5,0.0,0.0,0.0,5086.0,0.0,0.0,0.22683361172676086
5,0.0,0.0,0.0,5350.0,0.0,0.0,0.17413784563541412
5,0.0,0.0,0.0,5434.0,0.0,0.0,0.18132224678993225
5,0.0,0.0,0.0,6777.0,0.0,0.0,0.23719854652881622
5,0.0,0.0,0.0,7024.0,0.0,0.0,0.24482038617134094
5,0.0,0.0,0.0,6012.0,0.0,0.0,0.18716087937355042
5,0.0,0.0,0.0,2965.0,1.0,1.0,0.12898468971252441
5,0.0,0.0,0.0,5513.0,0.0,0.0,0.21477937698364258
5,0.0,0.0,0.0,2119.0,1.0,1.0,0.14531804621219635
5,0.0,0.0,0.0,6477.0,0.0,0.0,0.12883621454238892
5,0.0,0.0,0.0,4358.0,0.0,0.0,0.2248869389295578
5,0.0,0.0,0.0,5261.0,0.0,0.0,0.1757381111383438
5,0.0,0.0,0.0,5251.0,0.0,0.0,0.19306927919387817
5,0.0,0.0,0.0,3099.0,1.0,1.0,0.14122940599918365
5,0.0,0.0,0.0,1347.0,1.0,1.0,0.24633240699768066
5,0.0,0.0,0.0,4236.0,0.0,0.0,0.1661047339439392
5,0.0,0.0,0.0,5642.0,0.0,0.0,0.15487539768218994
5,0.0,0.0,0.0,5097.0,0.0,0.0,0.1477217674255371
5,0.0,0.0,0.0,6417.0,0.0,0.0,0.15563367307186127
5,0.0,0.0,0.0,6044.0,0.0,0.0,0.20155225694179535
5,0.0,0.0,0.0,6642.0,0.0,0.0,0.23777168989181519
5,0.0,0.0,0.0,5355.0,0.0,0.0,0.1513676941394806
5,0.0,0.0,0.0,5342.0,0.0,0.0,0.12111590057611465
5,0.0,0.0,0.0,5242.0,0.0,0.0,0.12104242295026779
5,0.0,0.0,0.0,7006.0,0.0,0.0,0.14471176266670227
5,0.0,0.0,0.0,4994.0,1.0,1.0,0.17376403510570526
5,0.0,0.0,0.0,4056.0,0.0,0.0,0.24777564406394958
5,0.0,0.0,0.0,5319.0,0.0,0.0,0.21249106526374817
5,0.0,0.0,0.0,1120.0,1.0,1.0,0.209641695022583
6,0.0,0.0,0.0,5220.0,0.0,0.0,0.18660874664783478
6,0.0,0.0,0.0,4988.0,0.0,0.0,0.20811685919761658
6,0.0,0.0,0.0,5106.0,0.0,0.0,0.20989049971103668
6,0.0,0.0,0.0,10285.0,0.0,0.0,0.1159762442111969
6,0.0,0.0,0.0,12475.0,0.0,0.0,0.07371898740530014
6,0.0,0.0,0.0,12304.0,0.0,0.0,0.07987484335899353
6,0.0,0.0,0.0,1107.0,1.0,1.0,0.18496911227703094
6,0.0,0.0,0.0,1311.0,1.0,1.0,0.1957290917634964
6,0.0,0.0,0.0,1186.0,1.0,1.0,0.22937554121017456
6,0.0,0.0,0.0,5594.0,0.0,0.0,0.129048690199852
6,0.0,0.0,0.0,5742.0,0.0,0.0,0.14483807981014252
6,0.0,0.0,0.0,1940.0,1.0,1.0,0.14111122488975525
6,0.0,0.0,0.0,780.0,1.0,1.0,0.2126336246728897
6,0.0,0.0,0.0,10656.0,0.0,0.0,0.10394549369812012
6,0.0,0.0,0.0,9764.0,0.0,0.0,0.07318530231714249
6,0.0,0.0,0.0,10095.0,0.0,0.0,0.0992700606584549
6,0.0,0.0,0.0,5491.0,0.0,0.0,0.23692364990711212
6,0.0,0.0,0.0,5010.0,0.0,0.0,0.24270866811275482
6,0.0,0.0,0.0,1812.0,1.0,1.0,0.1801048368215561
6,0.0,0.0,0.0,10438.0,0.0,0.0,0.11872155219316483
6,0.0,0.0,0.0,9575.0,0.0,0.0,0.08998112380504608
6,0.0,0.0,0.0,11960.0,0.0,0.0,0.045991696417331696
6,0.0,0.0,0.0,12500.0,0.0,0.0,0.06022431701421738
6,0.0,0.0,0.0,1108.0,1.0,1.0,0.18121056258678436
6,0.0,0.0,0.0,1441.0,1.0,1.0,0.22112509608268738
6,0.0,0.0,0.0,1251.0,1.0,1.0,0.18384331464767456
6,0.0,0.0,0.0,895.0,1.0,1.0,0.20967672765254974
6,0.0,0.0,0.0,5471.0,0.0,0.0,0.17338964343070984
6,0.0,0.0,0.0,6026.0,0.0,0.0,0.206318199634552
6,0.0,0.0,0.0,3176.0,1.0,1.0,0.17752452194690704
6,0.0,0.0,0.0,10101.0,0.0,0.0,0.07450984418392181
6,0.0,0.0,0.0,12283.0,0.0,0.0,0.07637083530426025
6,0.0,0.0,0.0,5041.0,0.0,0.0,0.21138519048690796
6,0.0,0.0,0.0,10376.0,0.0,0.0,0.12645573914051056
6,0.0,0.0,0.0,11050.0,0.0,0.0,0.12430834025144577
6,0.0,0.0,0.0,9990.0,0.0,0.0,0.08366657793521881
6,0.0,0.0,0.0,12022.0,0.0,0.0,0.06283918023109436
6,0.0,0.0,0.0,12819.0,0.0,0.0,0.041776761412620544
6,0.0,0.0,0.0,1400.0,1.0,1.0,0.18554599583148956
6,0.0,0.0,0.0,948.0,1.0,1.0,0.24518507719039917
6,0.0,0.0,0.0,2097.0,1.0,1.0,0.26369509100914
6,0.0,0.0,0.0,6181.0,0.0,0.0,0.19599199295043945
6,0.0,0.0,0.0,5669.0,0.0,0.0,0.1817549616098404
6,0.0,0.0,0.0,1221.0,1.0,1.0,0.22209589183330536
6,0.0,0.0,0.0,818.0,1.0,1.0,0.22988350689411163
6,0.0,0.0,0.0,3970.0,1.0,1.0,0.13276788592338562
6,0.0,0.0,0.0,5184.0,1.0,1.0,0.18465694785118103
6,0.0,0.0,0.0,9740.0,0.0,0.0,0.06630773097276688
6,0.0,0.0,0.0,5136.0,0.0,0.0,0.1471976935863495
6,0.0,0.0,0.0,10562.0,0.0,0.0,0.10759595036506653
6,0.0,0.0,0.0,11091.0,0.0,0.0,0.13522778451442719
6,0.0,0.0,0.0,12965.0,0.0,0.0,0.062271010130643845
6,0.0,0.0,0.0,12426.0,0.0,0.0,0.05757305771112442
6,0.0,0.0,0.0,1127.0,1.0,1.0,0.1935841590166092
6,0.0,0.0,0.0,999.0,1.0,1.0,0.2098219096660614
6,0.0,0.0,0.0,678.0,1.0,1.0,0.2758258283138275
6,0.0,0.0,0.0,1667.0,1.0,1.0,0.22395764291286469
6,0.0,0.0,0.0,3729.0,1.0,1.0,0.25163576006889343
6,0.0,0.0,0.0,1883.0,1.0,1.0,0.2036142349243164
6,0.0,0.0,0.0,5660.0,0.0,0.0,0.13514307141304016
6,0.0,0.0,0.0,5374.0,0.0,0.0,0.10955933481454849
6,0.0,0.0,0.0,5695.0,0.0,0.0,0.17335669696331024
6,0.0,0.0,0.0,9500.0,0.0,0.0,0.07909543812274933
6,0.0,0.0,0.0,10041.0,0.0,0.0,0.09317772835493088
7,0.0,0.0,0.0,9402.0,0.0,0.0,0.14160707592964172
7,0.0,0.0,0.0,5928.0,0.0,0.0,0.1538883000612259
7,0.0,0.0,0.0,5812.0,1.0,1.0,0.18202939629554749
7,0.0,0.0,0.0,2915.0,1.0,1.0,0.1557580679655075
7,0.0,0.0,0.0,9766.0,0.0,0.0,0.09367063641548157
7,0.0,0.0,0.0,8953.0,0.0,0.0,0.08811868727207184
7,0.0,0.0,0.0,9475.0,0.0,0.0,0.1082998514175415
7,0.0,0.0,0.0,722.0,1.0,1.0,0.23800209164619446
7,0.0,0.0,0.0,870.0,1.0,1.0,0.22855950891971588
7,0.0,0.0,0.0,8658.0,0.0,0.0,0.09444334357976913
7,0.0,0.0,0.0,4209.0,1.0,1.0,0.08509711921215057
7,0.0,0.0,0.0,8795.0,0.0,0.0,0.0811789482831955
7,0.0,0.0,0.0,1547.0,1.0,1.0,0.14845411479473114
7,0.0,0.0,0.0,10381.0,0.0,0.0,0.11115726828575134
7,0.0,0.0,0.0,9956.0,0.0,0.0,0.10377315431833267
7,0.0,0.0,0.0,10102.0,0.0,0.0,0.09807644784450531
7,0.0,0.0,0.0,9131.0,0.0,0.0,0.09538039565086365
7,0.0,0.0,0.0,5696.0,0.0,0.0,0.12169008702039719
7,0.0,0.0,0.0,2518.0,1.0,1.0,0.14997175335884094
7,0.0,0.0,0.0,6046.0,0.0,0.0,0.13557766377925873
7,0.0,0.0,0.0,6005.0,0.0,0.0,0.14863912761211395
7,0.0,0.0,0.0,4254.0,1.0,1.0,0.15082786977291107
7,0.0,0.0,0.0,9525.0,0.0,0.0,0.09512289613485336
7,0.0,0.0,0.0,9261.0,0.0,0.0,0.08779530227184296
7,0.0,0.0,0.0,4801.0,1.0,1.0,0.1688850224018097
7,0.0,0.0,0.0,866.0,1.0,1.0,0.22628211975097656
7,0.0,0.0,0.0,907.0,1.0,1.0,0.23689231276512146
7,0.0,0.0,0.0,8692.0,0.0,0.0,0.09017197787761688
7,0.0,0.0,0.0,10326.0,0.0,0.0,0.11602573841810226
7,0.0,0.0,0.0,10457.0,0.0,0.0,0.07559937238693237
7,0.0,0.0,0.0,9809.0,0.0,0.0,0.0790531262755394
7,0.0,0.0,0.0,9709.0,0.0,0.0,0.06712649762630463
7,0.0,0.0,0.0,9699.0,0.0,0.0,0.07340468466281891
7,0.0,0.0,0.0,9221.0,0.0,0.0,0.12981243431568146
7,0.0,0.0,0.0,1686.0,1.0,1.0,0.17053891718387604
7,0.0,0.0,0.0,5973.0,0.0,0.0,0.15029387176036835
7,0.0,0.0,0.0,6172.0,0.0,0.0,0.1699022352695465
7,0.0,0.0,0.0,5596.0,1.0,1.0,0.17564179003238678
7,0.0,0.0,0.0,9279.0,0.0,0.0,0.09301358461380005
7,0.0,0.0,0.0,9560.0,0.0,0.0,0.08755014091730118
7,0.0,0.0,0.0,4189.0,1.0,1.0,0.11946777254343033
7,0.0,0.0,0.0,864.0,1.0,1.0,0.21186122298240662
7,0.0,0.0,0.0,8793.0,0.0,0.0,0.12401305139064789
7,0.0,0.0,0.0,1660.0,1.0,1.0,0.13939300179481506
7,0.0,0.0,0.0,3904.0,1.0,1.0,0.10259974002838135
7,0.0,0.0,0.0,10919.0,0.0,0.0,0.14273038506507874
7,0.0,0.0,0.0,10093.0,0.0,0.0,0.1225881278514862
7,0.0,0.0,0.0,9826.0,0.0,0.0,0.07433251291513443
7,0.0,0.0,0.0,9496.0,0.0,0.0,0.17089484632015228
7,0.0,0.0,0.0,9008.0,0.0,0.0,0.11833501607179642
7,0.0,0.0,0.0,9279.0,0.0,0.0,0.08813165873289108
7,0.0,0.0,0.0,5666.0,1.0,1.0,0.11833279579877853
7,0.0,0.0,0.0,6312.0,0.0,0.0,0.1426352709531784
7,0.0,0.0,0.0,5429.0,0.0,0.0,0.1654944270849228
7,0.0,0.0,0.0,1257.0,1.0,1.0,0.18098671734333038
7,0.0,0.0,0.0,5689.0,0.0,0.0,0.10702189058065414
7,0.0,0.0,0.0,866.0,1.0,1.0,0.2147139310836792
7,0.0,0.0,0.0,1970.0,1.0,1.0,0.21632348001003265
7,0.0,0.0,0.0,8807.0,0.0,0.0,0.13148483633995056
7,0.0,0.0,0.0,3084.0,1.0,1.0,0.11483724415302277
7,0.0,0.0,0.0,11080.0,0.0,0.0,0.11612901091575623
7,0.0,0.0,0.0,9701.0,0.0,0.0,0.08876924216747284
7,0.0,0.0,0.0,9991.0,0.0,0.0,0.0932951495051384
7,0.0,0.0,0.0,10043.0,0.0,0.0,0.09347811341285706
8,0.0,0.0,0.0,4704.0,1.0,1.0,0.10055603086948395
8,0.0,0.0,0.0,4833.0,1.0,1.0,0.12553229928016663
8,0.0,0.0,0.0,7737.0,0.0,0.0,0.18452434241771698
8,0.0,0.0,0.0,6564.0,0.0,0.0,0.16927912831306458
8,0.0,0.0,0.0,7836.0,0.0,0.0,0.12982872128486633
8,0.0,0.0,0.0,6699.0,0.0,0.0,0.1282886117696762
8,0.0,0.0,0.0,6361.0,0.0,0.0,0.17074449360370636
8,0.0,0.0,0.0,4238.0,1.0,1.0,0.21120932698249817
8,0.0,0.0,0.0,11661.0,0.0,0.0,0.0703013613820076
8,0.0,0.0,0.0,2434.0,1.0,1.0,0.17619164288043976
8,0.0,0.0,0.0,634.0,1.0,1.0,0.3130042254924774
8,0.0,0.0,0.0,4441.0,0.0,0.0,0.2501858174800873
8,0.0,0.0,0.0,9824.0,0.0,0.0,0.10040700435638428
8,0.0,0.0,0.0,9947.0,0.0,0.0,0.08355586230754852
8,0.0,0.0,0.0,10221.0,0.0,0.0,0.09911930561065674
8,0.0,0.0,0.0,10299.0,0.0,0.0,0.1270350217819214
8,0.0,0.0,0.0,7785.0,1.0,1.0,0.13364733755588531
8,0.0,0.0,0.0,4779.0,1.0,1.0,0.11091659963130951
8,0.0,0.0,0.0,4612.0,0.0,0.0,0.20650413632392883
8,0.0,0.0,0.0,6242.0,0.0,0.0,0.15882007777690887
8,0.0,0.0,0.0,6552.0,0.0,0.0,0.16256864368915558
8,0.0,0.0,0.0,10316.0,0.0,0.0,0.08478391915559769
8,0.0,0.0,0.0,9726.0,0.0,0.0,0.09109194576740265
8,0.0,0.0,0.0,8467.0,0.0,0.0,0.07670226693153381
8,0.0,0.0,0.0,3444.0,1.0,1.0,0.11703410744667053
8,0.0,0.0,0.0,9916.0,0.0,0.0,0.08839067816734314
8,0.0,0.0,0.0,10360.0,0.0,0.0,0.13119249045848846
8,0.0,0.0,0.0,10078.0,0.0,0.0,0.08164531737565994
8,0.0,0.0,0.0,5489.0,1.0,1.0,0.1593729704618454
8,0.0,0.0,0.0,6948.0,0.0,0.0,0.10756422579288483
8,0.0,0.0,0.0,2908.0,1.0,1.0,0.21842683851718903
8,0.0,0.0,0.0,651.0,1.0,1.0,0.2905367910861969
8,0.0,0.0,0.0,4613.0,1.0,1.0,0.12461240589618683
8,0.0,0.0,0.0,6060.0,1.0,1.0,0.11929412186145782
8,0.0,0.0,0.0,1596.0,1.0,1.0,0.23693446815013885
8,0.0,0.0,0.0,4714.0,0.0,0.0,0.1738167703151703
8,0.0,0.0,0.0,5208.0,0.0,0.0,0.3642308712005615
8,0.0,0.0,0.0,4293.0,0.0,0.0,0.1759364902973175
8,0.0,0.0,0.0,6601.0,0.0,0.0,0.1361384242773056
8,0.0,0.0,0.0,8613.0,0.0,0.0,0.0918150544166565
8,0.0,0.0,0.0,10146.0,0.0,0.0,0.06622586399316788
8,0.0,0.0,0.0,9276.0,0.0,0.0,0.11275297403335571
8,0.0,0.0,0.0,10474.0,0.0,0.0,0.08565729111433029
8,0.0,0.0,0.0,9970.0,0.0,0.0,0.1019105538725853
8,0.0,0.0,0.0,6504.0,0.0,0.0,0.13118968904018402
8,0.0,0.0,0.0,7709.0,0.0,0.0,0.11199197918176651
8,0.0,0.0,0.0,2370.0,1.0,1.0,0.19108575582504272
8,0.0,0.0,0.0,10307.0,0.0,0.0,0.0979495495557785
8,0.0,0.0,0.0,6210.0,1.0,1.0,0.08300305902957916
8,0.0,0.0,0.0,1748.0,1.0,1.0,0.2630822956562042
8,0.0,0.0,0.0,4840.0,0.0,0.0,0.18328292667865753
8,0.0,0.0,0.0,4343.0,0.0,0.0,0.33363404870033264
8,0.0,0.0,0.0,8946.0,0.0,0.0,0.07377901673316956
8,0.0,0.0,0.0,10070.0,0.0,0.0,0.08939582854509354
8,0.0,0.0,0.0,10339.0,0.0,0.0,0.10437912493944168
8,0.0,0.0,0.0,6537.0,0.0,0.0,0.13421101868152618
8,0.0,0.0,0.0,6607.0,0.0,0.0,0.13907907903194427
8,0.0,0.0,0.0,6003.0,1.0,1.0,0.16351526975631714
8,0.0,0.0,0.0,7000.0,0.0,0.0,0.1295212209224701
8,0.0,0.0,0.0,4296.0,1.0,1.0,0.20563599467277527
8,0.0,0.0,0.0,2863.0,1.0,1.0,0.15487739443778992
8,0.0,0.0,0.0,10247.0,0.0,0.0,0.08846039324998856
8,0.0,0.0,0.0,8337.0,1.0,1.0,0.06557822227478027
8,0.0,0.0,0.0,9911.0,0.0,0.0,0.0752376914024353
9,0.0,0.0,0.0,2124.0,1.0,1.0,0.2523287832736969
9,0.0,0.0,0.0,3154.0,1.0,1.0,0.2017633318901062
9,0.0,0.0,0.0,4437.0,1.0,1.0,0.17840442061424255
9,0.0,0.0,0.0,7116.0,0.0,0.0,0.16253504157066345
9,0.0,0.0,0.0,525.0,1.0,1.0,0.3039671778678894
9,0.0,0.0,0.0,552.0,1.0,1.0,0.32040300965309143
9,0.0,0.0,0.0,4088.0,0.0,0.0,0.2759172320365906
9,0.0,0.0,0.0,3764.0,0.0,0.0,0.22763711214065552
9,0.0,0.0,0.0,6327.0,0.0,0.0,0.15201732516288757
9,0.0,0.0,0.0,10635.0,0.0,0.0,0.09247592091560364
9,0.0,0.0,0.0,9000.0,0.0,0.0,0.06652823835611343
9,0.0,0.0,0.0,9352.0,0.0,0.0,0.1008080393075943
9,0.0,0.0,0.0,8268.0,0.0,0.0,0.1277095079421997
9,0.0,0.0,0.0,7162.0,0.0,0.0,0.1362762749195099
9,0.0,0.0,0.0,7900.0,0.0,0.0,0.1435868889093399
9,0.0,0.0,0.0,7659.0,0.0,0.0,0.15118028223514557
9,0.0,0.0,0.0,3793.0,1.0,1.0,0.19137711822986603
9,0.0,0.0,0.0,1050.0,1.0,1.0,0.26005837321281433
9,0.0,0.0,0.0,541.0,1.0,1.0,0.28068554401397705
9,0.0,0.0,0.0,522.0,1.0,1.0,0.26499682664871216
9,0.0,0.0,0.0,3583.0,0.0,0.0,0.18651753664016724
9,0.0,0.0,0.0,4129.0,0.0,0.0,0.2241414338350296
9,0.0,0.0,0.0,6933.0,0.0,0.0,0.125996932387352
9,0.0,0.0,0.0,7155.0,0.0,0.0,0.11909230053424835
9,0.0,0.0,0.0,7749.0,0.0,0.0,0.11898600310087204
9,0.0,0.0,0.0,5875.0,0.0,0.0,0.14996550977230072
9,0.0,0.0,0.0,5888.0,0.0,0.0,0.1833581030368805
9,0.0,0.0,0.0,7705.0,0.0,0.0,0.13314038515090942
9,0.0,0.0,0.0,9997.0,0.0,0.0,0.13107267022132874
9,0.0,0.0,0.0,8529.0,0.0,0.0,0.0740196481347084
9,0.0,0.0,0.0,9311.0,0.0,0.0,0.08955570310354233
9,0.0,0.0,0.0,8978.0,0.0,0.0,0.0938342958688736
9,0.0,0.0,0.0,1743.0,1.0,1.0,0.22338654100894928
9,0.0,0.0,0.0,535.0,1.0,1.0,0.29759880900382996
9,0.0,0.0,0.0,573.0,1.0,1.0,0.34740445017814636
9,0.0,0.0,0.0,4112.0,0.0,0.0,0.26603421568870544
9,0.0,0.0,0.0,3709.0,0.0,0.0,0.18282653391361237
9,0.0,0.0,0.0,8960.0,0.0,0.0,0.14450162649154663
9,0.0,0.0,0.0,7125.0,0.0,0.0,0.13238796591758728
9,0.0,0.0,0.0,7977.0,0.0,0.0,0.13592028617858887
9,0.0,0.0,0.0,7469.0,0.0,0.0,0.14928770065307617
9,0.0,0.0,0.0,5864.0,0.0,0.0,0.14614874124526978
9,0.0,0.0,0.0,6249.0,0.0,0.0,0.25019630789756775
9,0.0,0.0,0.0,6332.0,0.0,0.0,0.2085762321949005
9,0.0,0.0,0.0,3272.0,1.0,1.0,0.11119910329580307
9,0.0,0.0,0.0,8919.0,0.0,0.0,0.08310019224882126
9,0.0,0.0,0.0,9179.0,0.0,0.0,0.10209254175424576
9,0.0,0.0,0.0,9669.0,0.0,0.0,0.09323272854089737
9,0.0,0.0,0.0,4344.0,1.0,1.0,0.1854318231344223
9,0.0,0.0,0.0,571.0,1.0,1.0,0.3628450036048889
9,0.0,0.0,0.0,515.0,1.0,1.0,0.26360252499580383
9,0.0,0.0,0.0,3933.0,0.0,0.0,0.24256543815135956
9,0.0,0.0,0.0,4001.0,0.0,0.0,0.2891923487186432
9,0.0,0.0,0.0,2441.0,1.0,1.0,0.16060689091682434
9,0.0,0.0,0.0,6404.0,0.0,0.0,0.1670072078704834
9,0.0,0.0,0.0,5992.0,0.0,0.0,0.16490107774734497
9,0.0,0.0,0.0,3304.0,1.0,1.0,0.11840813606977463
9,0.0,0.0,0.0,9002.0,0.0,0.0,0.09194895625114441
9,0.0,0.0,0.0,9202.0,0.0,0.0,0.12660764157772064
9,0.0,0.0,0.0,7470.0,0.0,0.0,0.1223626583814621
9,0.0,0.0,0.0,7209.0,0.0,0.0,0.13317854702472687
9,0.0,0.0,0.0,8116.0,0.0,0.0,0.1727575808763504
9,0.0,0.0,0.0,10537.0,0.0,0.0,0.10042458027601242
9,0.0,0.0,0.0,8617.0,0.0,0.0,0.1306414008140564
10,0.0,0.0,0.0,3580.0,1.0,1.0,0.20981888473033905
10,0.0,0.0,0.0,2882.0,1.0,1.0,0.2511293292045593
10,0.0,0.0,0.0,1235.0,1.0,1.0,0.2136555165052414
10,0.0,0.0,0.0,6082.0,0.0,0.0,0.17015686631202698
10,0.0,0.0,0.0,6231.0,0.0,0.0,0.15269914269447327
10,0.0,0.0,0.0,8480.0,0.0,0.0,0.07717382162809372
10,0.0,0.0,0.0,2549.0,1.0,1.0,0.19447951018810272
10,0.0,0.0,0.0,1510.0,1.0,1.0,0.24952146410942078
10,0.0,0.0,0.0,7582.0,0.0,0.0,0.13126324117183685
10,0.0,0.0,0.0,7264.0,0.0,0.0,0.0985378623008728
10,0.0,0.0,0.0,7847.0,0.0,0.0,0.14400231838226318
10,0.0,0.0,0.0,6580.0,0.0,0.0,0.13840222358703613
10,0.0,0.0,0.0,12745.0,0.0,0.0,0.0866309180855751
10,0.0,0.0,0.0,12493.0,0.0,0.0,0.08429811149835587
10,0.0,0.0,0.0,4858.0,1.0,1.0,0.18039561808109283
10,0.0,0.0,0.0,6797.0,0.0,0.0,0.23869039118289948
10,0.0,0.0,0.0,5044.0,0.0,0.0,0.3545205891132355
10,0.0,0.0,0.0,3688.0,1.0,1.0,0.1967029720544815
10,0.0,0.0,0.0,8469.0,0.0,0.0,0.11708258092403412
10,0.0,0.0,0.0,2840.0,1.0,1.0,0.21083642542362213
10,0.0,0.0,0.0,5478.0,0.0,0.0,0.2431507408618927
10,0.0,0.0,0.0,1681.0,1.0,1.0,0.2434917539358139
10,0.0,0.0,0.0,8078.0,0.0,0.0,0.15542097389698029
10,0.0,0.0,0.0,7779.0,0.0,0.0,0.15183717012405396
10,0.0,0.0,0.0,6870.0,0.0,0.0,0.19753500819206238
10,0.0,0.0,0.0,6612.0,0.0,0.0,0.1264154464006424
10,0.0,0.0,0.0,12377.0,0.0,0.0,0.09897281974554062
10,0.0,0.0,0.0,13100.0,0.0,0.0,0.10828210413455963
10,0.0,0.0,0.0,6602.0,0.0,0.0,0.24030964076519012
10,0.0,0.0,0.0,2829.0,1.0,1.0,0.17330390214920044
10,0.0,0.0,0.0,6466.0,0.0,0.0,0.14467190206050873
10,1.0,0.18549346016646848,156.0,841.0,1.0,1.0,0.23313839733600616
10,0.0,0.0,0.0,2961.0,1.0,1.0,0.2395724505186081
10,0.0,0.0,0.0,4572.0,0.0,0.0,0.2309282422065735
10,0.0,0.0,0.0,6611.0,0.0,0.0,0.20466731488704681
10,0.0,0.0,0.0,6228.0,0.0,0.0,0.28945279121398926
10,0.0,0.0,0.0,1616.0,1.0,1.0,0.2472091168165207
10,0.0,0.0,0.0,8930.0,0.0,0.0,0.09704331308603287
10,0.0,0.0,0.0,3372.0,1.0,1.0,0.1247849091887474
10,0.0,0.0,0.0,7823.0,0.0,0.0,0.1607731729745865
10,0.0,0.0,0.0,7589.0,0.0,0.0,0.12530383467674255
10,0.0,0.0,0.0,6339.0,0.0,0.0,0.16888970136642456
10,0.0,0.0,0.0,6800.0,0.0,0.0,0.10339836776256561
10,0.0,0.0,0.0,12441.0,0.0,0.0,0.06664436310529709
10,0.0,0.0,0.0,12540.0,0.0,0.0,0.07621864974498749
10,0.0,0.0,0.0,7541.0,0.0,0.0,0.13519950211048126
10,1.0,0.10815450643776824,126.0,1165.0,1.0,1.0,0.19754748046398163
10,1.0,0.09656146961846444,205.0,2123.0,1.0,1.0,0.14087960124015808
10,0.0,0.0,0.0,676.0,1.0,1.0,0.3270857334136963
10,0.0,0.0,0.0,4430.0,0.0,0.0,0.30119776725769043
10,0.0,0.0,0.0,1933.0,1.0,1.0,0.1509375125169754
10,0.0,0.0,0.0,6339.0,1.0,1.0,0.11471627652645111
10,0.0,0.0,0.0,8842.0,0.0,0.0,0.14835815131664276
10,0.0,0.0,0.0,5088.0,0.0,0.0,0.16955852508544922
10,0.0,0.0,0.0,2029.0,1.0,1.0,0.22493191063404083
10,0.0,0.0,0.0,8063.0,0.0,0.0,0.19742579758167267
10,0.0,0.0,0.0,6475.0,0.0,0.0,0.11873403191566467
10,0.0,0.0,0.0,4718.0,1.0,1.0,0.10089724510908127
10,0.0,0.0,0.0,6649.0,0.0,0.0,0.14052101969718933
10,0.0,0.0,0.0,12138.0,0.0,0.0,0.07467693835496902
10,0.0,0.0,0.0,12980.0,0.0,0.0,0.08652270585298538
10,0.0,0.0,0.0,7651.0,0.0,0.0,0.19681155681610107
10,0.0,0.0,0.0,6922.0,0.0,0.0,0.17360320687294006
10,1.0,0.17628749292586304,623.0,3534.0,1.0,1.0,0.13182078301906586
11,0.0,0.0,0.0,2112.0,1.0,1.0,0.19707079231739044
11,0.0,0.0,0.0,3600.0,1.0,1.0,0.2230594903230667
11,0.0,0.0,0.0,4709.0,1.0,1.0,0.11632528156042099
11,0.0,0.0,0.0,9640.0,0.0,0.0,0.11383114755153656
11,0.0,0.0,0.0,7128.0,1.0,1.0,0.10352741926908493
11,0.0,0.0,0.0,5793.0,0.0,0.0,0.23562069237232208
11,0.0,0.0,0.0,2972.0,1.0,1.0,0.17500518262386322
11,0.0,0.0,0.0,1382.0,1.0,1.0,0.24002128839492798
11,0.0,0.0,0.0,5326.0,0.0,0.0,0.18648870289325714
11,0.0,0.0,0.0,3440.0,1.0,1.0,0.27588385343551636
11,0.0,0.0,0.0,4839.0,1.0,1.0,0.1889660507440567
11,0.0,0.0,0.0,9352.0,0.0,0.0,0.13709627091884613
11,0.0,0.0,0.0,6243.0,0.0,0.0,0.14131729304790497
11,0.0,0.0,0.0,4153.0,0.0,0.0,0.3199668228626251
11,1.0,0.08913857677902622,238.0,2670.0,1.0,1.0,0.09138396382331848
11,1.0,0.14205607476635515,152.0,1070.0,1.0,1.0,0.18608058989048004
11,0.0,0.0,0.0,4598.0,1.0,1.0,0.10026773810386658
11,0.0,0.0,0.0,3236.0,1.0,1.0,0.16194577515125275
11,0.0,0.0,0.0,821.0,1.0,1.0,0.2456481009721756
11,0.0,0.0,0.0,2911.0,1.0,1.0,0.2113194763660431
11,0.0,0.0,0.0,1276.0,1.0,1.0,0.3020399212837219
11,0.0,0.0,0.0,5064.0,0.0,0.0,0.2085937261581421
11,0.0,0.0,0.0,2581.0,1.0,1.0,0.1516876220703125
11,0.0,0.0,0.0,8656.0,0.0,0.0,0.12178685516119003
11,0.0,0.0,0.0,9585.0,0.0,0.0,0.12287990003824234
11,0.0,0.0,0.0,8792.0,0.0,0.0,0.1159658432006836
11,0.0,0.0,0.0,5820.0,0.0,0.0,0.207661971449852
11,0.0,0.0,0.0,6022.0,0.0,0.0,0.1442645788192749
11,0.0,0.0,0.0,5412.0,1.0,1.0,0.15360964834690094
11,0.0,0.0,0.0,4155.0,0.0,0.0,0.24812008440494537
11,0.0,0.0,0.0,3897.0,0.0,0.0,0.21492645144462585
11,1.0,0.2067484662576687,337.0,1630.0,1.0,1.0,0.21177098155021667
11,0.0,0.0,0.0,1693.0,1.0,1.0,0.2528396248817444
11,0.0,0.0,0.0,2908.0,1.0,1.0,0.0965486466884613
11,0.0,0.0,0.0,5505.0,0.0,0.0,0.20159804821014404
11,0.0,0.0,0.0,2962.0,1.0,1.0,0.15963691473007202
11,0.0,0.0,0.0,877.0,1.0,1.0,0.3143291175365448
11,0.0,0.0,0.0,1362.0,1.0,1.0,0.202271968126297
11,0.0,0.0,0.0,4547.0,1.0,1.0,0.22378268837928772
11,0.0,0.0,0.0,8737.0,0.0,0.0,0.10324686020612717
11,0.0,0.0,0.0,9490.0,0.0,0.0,0.2081701159477234
11,0.0,0.0,0.0,8796.0,0.0,0.0,0.09492360800504684
11,0.0,0.0,0.0,5799.0,0.0,0.0,0.12018099427223206
11,0.0,0.0,0.0,6083.0,0.0,0.0,0.16114541888237
11,0.0,0.0,0.0,5109.0,0.0,0.0,0.37473350763320923
11,0.0,0.0,0.0,3934.0,0.0,0.0,0.2626396715641022
11,0.0,0.0,0.0,4163.0,0.0,0.0,0.3617299497127533
11,1.0,0.1892,473.0,2500.0,1.0,1.0,0.13093510270118713
11,0.0,0.0,0.0,681.0,1.0,1.0,0.28987932205200195
11,0.0,0.0,0.0,2976.0,1.0,1.0,0.14253699779510498
11,0.0,0.0,0.0,4156.0,1.0,1.0,0.17032849788665771
11,0.0,0.0,0.0,3868.0,1.0,1.0,0.1707896590232849
11,0.0,0.0,0.0,8727.0,1.0,1.0,0.14968793094158173
11,0.0,0.0,0.0,9404.0,0.0,0.0,0.1271139234304428
11,0.0,0.0,0.0,5665.0,0.0,0.0,0.1933552771806717
11,0.0,0.0,0.0,2729.0,1.0,1.0,0.1506003737449646
11,0.0,0.0,0.0,4204.0,1.0,1.0,0.17317140102386475
11,0.0,0.0,0.0,1868.0,1.0,1.0,0.17916883528232574
11,0.0,0.0,0.0,5164.0,0.0,0.0,0.15346670150756836
11,0.0,0.0,0.0,9029.0,0.0,0.0,0.14078748226165771
11,0.0,0.0,0.0,6181.0,0.0,0.0,0.17624914646148682
11,0.0,0.0,0.0,3301.0,1.0,1.0,0.1526590883731842
11,0.0,0.0,0.0,1421.0,1.0,1.0,0.2531839609146118
11,0.0,0.0,0.0,5204.0,0.0,0.0,0.43321293592453003
12,0.0,0.0,0.0,9911.0,0.0,0.0,0.13870413601398468
12,0.0,0.0,0.0,8161.0,0.0,0.0,0.12075893580913544
12,0.0,0.0,0.0,8899.0,0.0,0.0,0.15804283320903778
12,0.0,0.0,0.0,749.0,1.0,1.0,0.30537208914756775
12,0.0,0.0,0.0,3542.0,1.0,1.0,0.176103875041008
12,0.0,0.0,0.0,6110.0,1.0,1.0,0.13216263055801392
12,0.0,0.0,0.0,3614.0,1.0,1.0,0.16109322011470795
12,0.0,0.0,0.0,7566.0,0.0,0.0,0.19026915729045868
12,0.0,0.0,0.0,8645.0,0.0,0.0,0.11301173269748688
12,0.0,0.0,0.0,5183.0,1.0,1.0,0.10365302860736847
12,0.0,0.0,0.0,4312.0,1.0,1.0,0.11986404657363892
12,0.0,0.0,0.0,9287.0,0.0,0.0,0.12248561531305313
12,0.0,0.0,0.0,4862.0,1.0,1.0,0.10510650277137756
12,1.0,0.09656146961846444,205.0,2123.0,1.0,1.0,0.14536254107952118
12,1.0,0.08913857677902622,238.0,2670.0,1.0,1.0,0.09318765252828598
12,1.0,0.20545609548167093,723.0,3519.0,1.0,1.0,0.14442597329616547
12,0.0,0.0,0.0,2977.0,1.0,1.0,0.1336592435836792
12,0.0,0.0,0.0,9388.0,0.0,0.0,0.1093938797712326
12,0.0,0.0,0.0,4245.0,1.0,1.0,0.13675279915332794
12,0.0,0.0,0.0,5994.0,0.0,0.0,0.26026830077171326
12,0.0,0.0,0.0,2415.0,1.0,1.0,0.2732001841068268
12,0.0,0.0,0.0,2470.0,1.0,1.0,0.2164711356163025
12,0.0,0.0,0.0,944.0,1.0,1.0,0.22118300199508667
12,0.0,0.0,0.0,7318.0,0.0,0.0,0.10736684501171112
12,0.0,0.0,0.0,8199.0,0.0,0.0,0.08362621068954468
12,0.0,0.0,0.0,9174.0,0.0,0.0,0.12558969855308533
12,0.0,0.0,0.0,3423.0,1.0,1.0,0.10643801093101501
12,0.0,0.0,0.0,4978.0,0.0,0.0,0.2563592791557312
12,0.0,0.0,0.0,5166.0,0.0,0.0,0.20521101355552673
12,0.0,0.0,0.0,5035.0,0.0,0.0,0.2492561638355255
12,0.0,0.0,0.0,8578.0,0.0,0.0,0.09522917866706848
12,0.0,0.0,0.0,8970.0,0.0,0.0,0.1413687914609909
12,0.0,0.0,0.0,7430.0,1.0,1.0,0.09937529265880585
12,0.0,0.0,0.0,8836.0,0.0,0.0,0.11429963260889053
12,0.0,0.0,0.0,9364.0,0.0,0.0,0.10662371665239334
12,0.0,0.0,0.0,9376.0,0.0,0.0,0.10954427719116211
12,0.0,0.0,0.0,4268.0,1.0,1.0,0.12473080307245255
12,0.0,0.0,0.0,3300.0,1.0,1.0,0.1148909330368042
12,0.0,0.0,0.0,758.0,1.0,1.0,0.3352055847644806
12,0.0,0.0,0.0,2774.0,1.0,1.0,0.192683145403862
12,0.0,0.0,0.0,5338.0,0.0,0.0,0.20332512259483337
12,0.0,0.0,0.0,4825.0,0.0,0.0,0.322745144367218
12,0.0,0.0,0.0,5021.0,0.0,0.0,0.2614746689796448
12,0.0,0.0,0.0,5416.0,0.0,0.0,0.24056941270828247
12,0.0,0.0,0.0,1926.0,1.0,1.0,0.13584381341934204
12,0.0,0.0,0.0,8238.0,0.0,0.0,0.10172374546527863
12,0.0,0.0,0.0,8691.0,0.0,0.0,0.10290351510047913
12,1.0,0.17628749292586304,623.0,3534.0,1.0,1.0,0.13591982424259186
12,0.0,0.0,0.0,6205.0,1.0,1.0,0.09611224383115768
12,0.0,0.0,0.0,1696.0,1.0,1.0,0.1593048870563507
12,0.0,0.0,0.0,10130.0,0.0,0.0,0.11459172517061234
12,0.0,0.0,0.0,2881.0,1.0,1.0,0.16868269443511963
12,0.0,0.0,0.0,3514.0,1.0,1.0,0.2081497460603714
12,0.0,0.0,0.0,4359.0,1.0,1.0,0.18538548052310944
12,0.0,0.0,0.0,5842.0,0.0,0.0,0.26171794533729553
12,0.0,0.0,0.0,2000.0,1.0,1.0,0.19598954916000366
12,0.0,0.0,0.0,7616.0,0.0,0.0,0.14667505025863647
12,0.0,0.0,0.0,4676.0,1.0,1.0,0.11098472774028778
12,0.0,0.0,0.0,3218.0,1.0,1.0,0.14151863753795624
12,0.0,0.0,0.0,9093.0,0.0,0.0,0.16566011309623718
12,0.0,0.0,0.0,9399.0,0.0,0.0,0.13191424310207367
12,0.0,0.0,0.0,5048.0,0.0,0.0,0.21469993889331818
12,0.0,0.0,0.0,5251.0,0.0,0.0,0.3032742142677307
12,0.0,0.0,0.0,8453.0,0.0,0.0,0.0773039385676384
13,0.0,0.0,0.0,5688.0,1.0,1.0,0.11325821280479431
13,0.0,0.0,0.0,3563.0,1.0,1.0,0.11919472366571426
13,0.0,0.0,0.0,2318.0,1.0,1.0,0.20580483973026276
13,0.0,0.0,0.0,2771.0,1.0,1.0,0.2504449784755707
13,0.0,0.0,0.0,4668.0,0.0,0.0,0.3342588245868683
13,0.0,0.0,0.0,663.0,1.0,1.0,0.3295542597770691
13,0.0,0.0,0.0,9186.0,0.0,0.0,0.0880139172077179
13,0.0,0.0,0.0,5906.0,1.0,1.0,0.08376117050647736
13,0.0,0.0,0.0,9696.0,0.0,0.0,0.10382076352834702
13,0.0,0.0,0.0,4150.0,0.0,0.0,0.2924749255180359
13,0.0,0.0,0.0,4489.0,0.0,0.0,0.3374040126800537
13,0.0,0.0,0.0,3470.0,1.0,1.0,0.3052738904953003
13,0.0,0.0,0.0,5725.0,0.0,0.0,0.16503214836120605
13,0.0,0.0,0.0,5993.0,0.0,0.0,0.1867830604314804
13,0.0,0.0,0.0,4975.0,0.0,0.0,0.22479557991027832
13,0.0,0.0,0.0,809.0,1.0,1.0,0.3483297824859619
13,0.0,0.0,0.0,9174.0,0.0,0.0,0.12550972402095795
13,0.0,0.0,0.0,3671.0,1.0,1.0,0.18612520396709442
13,0.0,0.0,0.0,4814.0,0.0,0.0,0.2799234092235565
13,0.0,0.0,0.0,3118.0,1.0,1.0,0.2076137214899063
13,0.0,0.0,0.0,4730.0,1.0,1.0,0.2680133879184723
13,0.0,0.0,0.0,678.0,1.0,1.0,0.3448866307735443
13,0.0,0.0,0.0,9291.0,0.0,0.0,0.08247403800487518
13,0.0,0.0,0.0,9388.0,1.0,1.0,0.11188680678606033
13,0.0,0.0,0.0,3862.0,0.0,0.0,0.23888760805130005
13,0.0,0.0,0.0,5937.0,0.0,0.0,0.1749962717294693
13,0.0,0.0,0.0,5868.0,0.0,0.0,0.15071173012256622
13,0.0,0.0,0.0,789.0,1.0,1.0,0.31270503997802734
13,0.0,0.0,0.0,5284.0,0.0,0.0,0.24024784564971924
13,1.0,0.08913857677902622,238.0,2670.0,1.0,1.0,0.09341471642255783
13,1.0,0.22039859320046892,188.0,853.0,1.0,1.0,0.29422706365585327
13,1.0,0.24108352144469525,1068.0,4430.0,1.0,1.0,0.18294675648212433
13,0.0,0.0,0.0,9208.0,0.0,0.0,0.12827566266059875
13,0.0,0.0,0.0,4798.0,1.0,1.0,0.09338824450969696
13,0.0,0.0,0.0,3371.0,1.0,1.0,0.11870143562555313
13,0.0,0.0,0.0,5870.0,0.0,0.0,0.23109760880470276
13,0.0,0.0,0.0,6485.0,1.0,1.0,0.2545895278453827
13,0.0,0.0,0.0,4564.0,0.0,0.0,0.22677050530910492
13,0.0,0.0,0.0,4184.0,0.0,0.0,0.18612417578697205
13,0.0,0.0,0.0,4729.0,0.0,0.0,0.22267279028892517
13,0.0,0.0,0.0,653.0,1.0,1.0,0.35757890343666077
13,0.0,0.0,0.0,9722.0,0.0,0.0,0.12543459236621857
13,0.0,0.0,0.0,3833.0,0.0,0.0,0.33506304025650024
13,0.0,0.0,0.0,5732.0,0.0,0.0,0.1719752550125122
13,0.0,0.0,0.0,5994.0,0.0,0.0,0.1528824418783188
13,0.0,0.0,0.0,2704.0,1.0,1.0,0.1867484748363495
13,0.0,0.0,0.0,1629.0,1.0,1.0,0.28070443868637085
13,1.0,0.18549346016646848,156.0,841.0,1.0,1.0,0.24264810979366302
13,0.0,0.0,0.0,9055.0,1.0,1.0,0.1339179277420044
13,0.0,0.0,0.0,6043.0,0.0,0.0,0.21398533880710602
13,0.0,0.0,0.0,529.0,1.0,1.0,0.3727622330188751
13,0.0,0.0,0.0,2777.0,1.0,1.0,0.22304584085941315
13,0.0,0.0,0.0,4869.0,0.0,0.0,0.24848923087120056
13,0.0,0.0,0.0,4336.0,0.0,0.0,0.2633272409439087
13,0.0,0.0,0.0,1501.0,1.0,1.0,0.23578278720378876
13,0.0,0.0,0.0,9374.0,0.0,0.0,0.12501905858516693
13,0.0,0.0,0.0,9349.0,0.0,0.0,0.09408244490623474
13,0.0,0.0,0.0,3592.0,0.0,0.0,0.326213538646698
13,0.0,0.0,0.0,4001.0,0.0,0.0,0.24668161571025848
13,0.0,0.0,0.0,4767.0,0.0,0.0,0.2971634268760681
13,0.0,0.0,0.0,5805.0,0.0,0.0,0.15498386323451996
13,0.0,0.0,0.0,803.0,1.0,1.0,0.3353356719017029
13,0.0,0.0,0.0,2607.0,1.0,1.0,0.1916670948266983
13,0.0,0.0,0.0,5085.0,0.0,0.0,0.21731655299663544
14,0.0,0.0,0.0,4644.0,0.0,0.0,0.23677928745746613
14,0.0,0.0,0.0,5045.0,0.0,0.0,0.17026668787002563
14,0.0,0.0,0.0,8406.0,0.0,0.0,0.08848413079977036
14,0.0,0.0,0.0,6854.0,1.0,1.0,0.12409337610006332
14,0.0,0.0,0.0,9629.0,0.0,0.0,0.13506698608398438
14,0.0,0.0,0.0,9567.0,0.0,0.0,0.14130793511867523
14,0.0,0.0,0.0,2503.0,1.0,1.0,0.15373989939689636
14,0.0,0.0,0.0,4394.0,1.0,1.0,0.23460718989372253
14,0.0,0.0,0.0,2294.0,1.0,1.0,0.21021804213523865
14,0.0,0.0,0.0,5345.0,0.0,0.0,0.2191545069217682
14,0.0,0.0,0.0,10146.0,0.0,0.0,0.09295303374528885
14,0.0,0.0,0.0,719.0,1.0,1.0,0.37654176354408264
14,0.0,0.0,0.0,1858.0,1.0,1.0,0.24325673282146454
14,0.0,0.0,0.0,5205.0,0.0,0.0,0.32031190395355225
14,1.0,0.114307731826355,445.0,3893.0,1.0,1.0,0.11132241785526276
14,1.0,0.17829457364341086,184.0,1032.0,1.0,1.0,0.23478566110134125
14,0.0,0.0,0.0,4837.0,0.0,0.0,0.1809678077697754
14,0.0,0.0,0.0,8506.0,0.0,0.0,0.1287212073802948
14,0.0,0.0,0.0,4174.0,1.0,1.0,0.13572919368743896
14,0.0,0.0,0.0,4720.0,1.0,1.0,0.10919944941997528
14,0.0,0.0,0.0,5790.0,0.0,0.0,0.22692079842090607
14,0.0,0.0,0.0,5118.0,0.0,0.0,0.1887652575969696
14,0.0,0.0,0.0,9535.0,0.0,0.0,0.10480237007141113
14,0.0,0.0,0.0,10398.0,0.0,0.0,0.13482849299907684
14,0.0,0.0,0.0,10101.0,0.0,0.0,0.09834510833024979
14,0.0,0.0,0.0,1683.0,1.0,1.0,0.3098067045211792
14,0.0,0.0,0.0,612.0,1.0,1.0,0.4038099944591522
14,0.0,0.0,0.0,2545.0,1.0,1.0,0.3089424669742584
14,0.0,0.0,0.0,1827.0,1.0,1.0,0.25459060072898865
14,0.0,0.0,0.0,5483.0,1.0,1.0,0.18424302339553833
14,0.0,0.0,0.0,2016.0,1.0,1.0,0.26778218150138855
14,1.0,0.12,465.0,3875.0,1.0,1.0,0.11768099665641785
14,0.0,0.0,0.0,4862.0,0.0,0.0,0.24074439704418182
14,0.0,0.0,0.0,1723.0,1.0,1.0,0.26406338810920715
14,0.0,0.0,0.0,4964.0,0.0,0.0,0.22571110725402832
14,0.0,0.0,0.0,3462.0,1.0,1.0,0.11225820332765579
14,0.0,0.0,0.0,8664.0,0.0,0.0,0.11193574219942093
14,0.0,0.0,0.0,9161.0,0.0,0.0,0.0838913768529892
14,0.0,0.0,0.0,2512.0,1.0,1.0,0.19485752284526825
14,0.0,0.0,0.0,5150.0,0.0,0.0,0.19478486478328705
14,0.0,0.0,0.0,5788.0,0.0,0.0,0.16390426456928253
14,0.0,0.0,0.0,10090.0,0.0,0.0,0.09662575274705887
14,0.0,0.0,0.0,10476.0,0.0,0.0,0.13462400436401367
14,0.0,0.0,0.0,580.0,1.0,1.0,0.3428219258785248
14,0.0,0.0,0.0,4543.0,0.0,0.0,0.2550666630268097
14,0.0,0.0,0.0,1783.0,1.0,1.0,0.21172060072422028
14,0.0,0.0,0.0,5741.0,0.0,0.0,0.24150578677654266
14,1.0,0.20311714429361488,404.0,1989.0,1.0,1.0,0.18422184884548187
14,0.0,0.0,0.0,5243.0,0.0,0.0,0.2570168077945709
14,0.0,0.0,0.0,4006.0,1.0,1.0,0.09637095779180527
14,0.0,0.0,0.0,8552.0,0.0,0.0,0.10093525052070618
14,0.0,0.0,0.0,3925.0,1.0,1.0,0.10319890826940536
14,0.0,0.0,0.0,9611.0,0.0,0.0,0.13722960650920868
14,0.0,0.0,0.0,3046.0,1.0,1.0,0.13504157960414886
14,0.0,0.0,0.0,2138.0,1.0,1.0,0.2543935477733612
14,0.0,0.0,0.0,5798.0,0.0,0.0,0.18664316833019257
14,0.0,0.0,0.0,4988.0,0.0,0.0,0.19004710018634796
14,0.0,0.0,0.0,4925.0,0.0,0.0,0.2021012157201767
14,0.0,0.0,0.0,5275.0,0.0,0.0,0.2090069204568863
14,0.0,0.0,0.0,10209.0,0.0,0.0,0.09770405292510986
14,0.0,0.0,0.0,9817.0,0.0,0.0,0.08472373336553574
14,0.0,0.0,0.0,605.0,1.0,1.0,0.3479357063770294
14,0.0,0.0,0.0,1193.0,1.0,1.0,0.2715620994567871
14,0.0,0.0,0.0,1958.0,1.0,1.0,0.21437068283557892
15,0.0,0.0,0.0,5464.0,0.0,0.0,0.3096175193786621
15,0.0,0.0,0.0,4519.0,0.0,0.0,0.3145008981227875
15,0.0,0.0,0.0,1131.0,1.0,1.0,0.3742658793926239
15,0.0,0.0,0.0,3942.0,0.0,0.0,0.2608094811439514
15,0.0,0.0,0.0,4237.0,1.0,1.0,0.12328237295150757
15,0.0,0.0,0.0,3290.0,1.0,1.0,0.10885770618915558
15,0.0,0.0,0.0,8148.0,0.0,0.0,0.10636819899082184
15,0.0,0.0,0.0,2354.0,1.0,1.0,0.2466551959514618
15,0.0,0.0,0.0,792.0,1.0,1.0,0.32229185104370117
15,0.0,0.0,0.0,10042.0,0.0,0.0,0.0883854329586029
15,0.0,0.0,0.0,10832.0,0.0,0.0,0.11879969388246536
15,0.0,0.0,0.0,7626.0,0.0,0.0,0.107071653008461
15,0.0,0.0,0.0,7530.0,0.0,0.0,0.12191101908683777
15,0.0,0.0,0.0,7854.0,0.0,0.0,0.19832980632781982
15,0.0,0.0,0.0,1452.0,1.0,1.0,0.20763571560382843
15,1.0,0.09349736379613356,266.0,2845.0,1.0,1.0,0.10088038444519043
15,0.0,0.0,0.0,4774.0,1.0,1.0,0.2664121389389038
15,0.0,0.0,0.0,4083.0,1.0,1.0,0.1754043996334076
15,0.0,0.0,0.0,4373.0,0.0,0.0,0.2950151562690735
15,0.0,0.0,0.0,8816.0,0.0,0.0,0.13614535331726074
15,0.0,0.0,0.0,5139.0,0.0,0.0,0.22322890162467957
15,0.0,0.0,0.0,1198.0,1.0,1.0,0.24194583296775818
15,0.0,0.0,0.0,915.0,1.0,1.0,0.3168756663799286
15,0.0,0.0,0.0,10426.0,0.0,0.0,0.09037942439317703
15,0.0,0.0,0.0,1700.0,1.0,1.0,0.21802359819412231
15,0.0,0.0,0.0,9752.0,0.0,0.0,0.09556262940168381
15,0.0,0.0,0.0,8024.0,0.0,0.0,0.1260891556739807
15,0.0,0.0,0.0,7813.0,0.0,0.0,0.1211620345711708
15,0.0,0.0,0.0,3719.0,1.0,1.0,0.1242135614156723
15,0.0,0.0,0.0,7497.0,0.0,0.0,0.13345755636692047
15,0.0,0.0,0.0,873.0,1.0,1.0,0.27354946732521057
15,1.0,0.17931521355453583,508.0,2833.0,1.0,1.0,0.15167342126369476
15,0.0,0.0,0.0,2939.0,1.0,1.0,0.1783120185136795
15,0.0,0.0,0.0,2310.0,1.0,1.0,0.2305087000131607
15,0.0,0.0,0.0,2518.0,1.0,1.0,0.2149328589439392
15,0.0,0.0,0.0,4541.0,0.0,0.0,0.2932146191596985
15,0.0,0.0,0.0,4035.0,0.0,0.0,0.2730536162853241
15,0.0,0.0,0.0,9297.0,0.0,0.0,0.13610653579235077
15,0.0,0.0,0.0,10742.0,0.0,0.0,0.07677353173494339
15,0.0,0.0,0.0,7711.0,0.0,0.0,0.135186105966568
15,0.0,0.0,0.0,8035.0,0.0,0.0,0.16024643182754517
15,0.0,0.0,0.0,7551.0,0.0,0.0,0.16127309203147888
15,0.0,0.0,0.0,7881.0,0.0,0.0,0.1476299911737442
15,0.0,0.0,0.0,7207.0,0.0,0.0,0.08358635008335114
15,0.0,0.0,0.0,563.0,1.0,1.0,0.3008306920528412
15,0.0,0.0,0.0,4470.0,0.0,0.0,0.2871703803539276
15,1.0,0.21713917525773196,337.0,1552.0,1.0,1.0,0.25882232189178467
15,1.0,0.23837784371909002,241.0,1011.0,1.0,1.0,0.24479025602340698
15,0.0,0.0,0.0,5114.0,0.0,0.0,0.19391147792339325
15,0.0,0.0,0.0,3258.0,1.0,1.0,0.33339226245880127
15,0.0,0.0,0.0,8207.0,0.0,0.0,0.1269695907831192
15,0.0,0.0,0.0,3918.0,1.0,1.0,0.13825835287570953
15,0.0,0.0,0.0,929.0,1.0,1.0,0.29635268449783325
15,0.0,0.0,0.0,1716.0,1.0,1.0,0.20714826881885529
15,0.0,0.0,0.0,10969.0,0.0,0.0,0.12537093460559845
15,0.0,0.0,0.0,9958.0,0.0,0.0,0.10936922580003738
15,0.0,0.0,0.0,5528.0,1.0,1.0,0.10583699494600296
15,0.0,0.0,0.0,7581.0,0.0,0.0,0.12651464343070984
15,0.0,0.0,0.0,7660.0,0.0,0.0,0.10119318217039108
15,0.0,0.0,0.0,7980.0,0.0,0.0,0.15260303020477295
15,0.0,0.0,0.0,1306.0,1.0,1.0,0.21816645562648773
15,0.0,0.0,0.0,869.0,1.0,1.0,0.2526601254940033
15,0.0,0.0,0.0,2627.0,1.0,1.0,0.2221047431230545
15,0.0,0.0,0.0,4386.0,0.0,0.0,0.24096201360225677
16,0.0,0.0,0.0,3197.0,1.0,1.0,0.22645454108715057
16,0.0,0.0,0.0,774.0,1.0,1.0,0.31683149933815
16,0.0,0.0,0.0,8336.0,0.0,0.0,0.12960302829742432
16,0.0,0.0,0.0,2042.0,1.0,1.0,0.16974864900112152
16,0.0,0.0,0.0,7061.0,1.0,1.0,0.18402457237243652
16,0.0,0.0,0.0,1485.0,1.0,1.0,0.25184518098831177
16,0.0,0.0,0.0,5429.0,0.0,0.0,0.18363648653030396
16,0.0,0.0,0.0,385.0,1.0,1.0,0.4795430302619934
16,0.0,0.0,0.0,3956.0,0.0,0.0,0.1661861687898636
16,0.0,0.0,0.0,12947.0,0.0,0.0,0.06803856045007706
16,0.0,0.0,0.0,12159.0,0.0,0.0,0.06928197294473648
16,0.0,0.0,0.0,960.0,1.0,1.0,0.2598487138748169
16,0.0,0.0,0.0,1147.0,1.0,1.0,0.27594900131225586
16,0.0,0.0,0.0,596.0,1.0,1.0,0.39650997519493103
16,1.0,0.2406311637080868,244.0,1014.0,1.0,1.0,0.2561456561088562
16,1.0,0.14359075646849695,727.0,5063.0,1.0,1.0,0.10575923323631287
16,0.0,0.0,0.0,1206.0,1.0,1.0,0.27402713894844055
16,0.0,0.0,0.0,8947.0,0.0,0.0,0.15444201231002808
16,0.0,0.0,0.0,6032.0,1.0,1.0,0.12267526984214783
16,0.0,0.0,0.0,7663.0,0.0,0.0,0.25534021854400635
16,0.0,0.0,0.0,517.0,1.0,1.0,0.3882964253425598
16,0.0,0.0,0.0,2859.0,1.0,1.0,0.3223946988582611
16,0.0,0.0,0.0,568.0,1.0,1.0,0.39812129735946655
16,0.0,0.0,0.0,14225.0,0.0,0.0,0.08570856600999832
16,0.0,0.0,0.0,9617.0,1.0,1.0,0.092636339366436
16,0.0,0.0,0.0,4243.0,1.0,1.0,0.08233951032161713
16,0.0,0.0,0.0,962.0,1.0,1.0,0.292610228061676
16,0.0,0.0,0.0,936.0,1.0,1.0,0.259551465511322
16,0.0,0.0,0.0,698.0,1.0,1.0,0.31393033266067505
16,0.0,0.0,0.0,1783.0,1.0,1.0,0.22308076918125153
16,1.0,0.11351122405760271,268.0,2361.0,1.0,1.0,0.12399955093860626
16,1.0,0.20545609548167093,723.0,3519.0,1.0,1.0,0.14805267751216888
16,0.0,0.0,0.0,5178.0,0.0,0.0,0.2708507180213928
16,0.0,0.0,0.0,1221.0,1.0,1.0,0.27069881558418274
16,0.0,0.0,0.0,902.0,1.0,1.0,0.3090054392814636
16,0.0,0.0,0.0,2878.0,1.0,1.0,0.13309712707996368
16,0.0,0.0,0.0,2050.0,1.0,1.0,0.15735554695129395
16,0.0,0.0,0.0,6980.0,0.0,0.0,0.1620311439037323
16,0.0,0.0,0.0,9131.0,0.0,0.0,0.14137139916419983
16,0.0,0.0,0.0,5184.0,1.0,1.0,0.15675808489322662
16,0.0,0.0,0.0,3406.0,1.0,1.0,0.18482635915279388
16,0.0,0.0,0.0,525.0,1.0,1.0,0.4507845938205719
16,0.0,0.0,0.0,12468.0,0.0,0.0,0.07631026953458786
16,0.0,0.0,0.0,12937.0,0.0,0.0,0.11271850019693375
16,0.0,0.0,0.0,942.0,1.0,1.0,0.28206518292427063
16,0.0,0.0,0.0,964.0,1.0,1.0,0.2699792683124542
16,0.0,0.0,0.0,1082.0,1.0,1.0,0.36952510476112366
16,0.0,0.0,0.0,590.0,1.0,1.0,0.35422301292419434
16,0.0,0.0,0.0,1043.0,1.0,1.0,0.22834180295467377
16,0.0,0.0,0.0,8101.0,0.0,0.0,0.16203497350215912
16,0.0,0.0,0.0,7629.0,0.0,0.0,0.17967331409454346
16,0.0,0.0,0.0,5781.0,1.0,1.0,0.14317628741264343
16,0.0,0.0,0.0,11517.0,0.0,0.0,0.11915137618780136
16,0.0,0.0,0.0,3322.0,1.0,1.0,0.20017433166503906
16,0.0,0.0,0.0,1669.0,1.0,1.0,0.2557310461997986
16,0.0,0.0,0.0,4834.0,1.0,1.0,0.20825006067752838
16,0.0,0.0,0.0,512.0,1.0,1.0,0.41086459159851074
16,0.0,0.0,0.0,4211.0,0.0,0.0,0.2532068192958832
16,0.0,0.0,0.0,13228.0,0.0,0.0,0.07690589129924774
16,0.0,0.0,0.0,662.0,1.0,1.0,0.4431488513946533
16,0.0,0.0,0.0,599.0,1.0,1.0,0.39694836735725403
16,0.0,0.0,0.0,964.0,1.0,1.0,0.3029317855834961
16,0.0,0.0,0.0,1937.0,1.0,1.0,0.22643017768859863
16,0.0,0.0,0.0,903.0,1.0,1.0,0.37401026487350464
17,0.0,0.0,0.0,10022.0,0.0,0.0,0.1009686142206192
17,0.0,0.0,0.0,4423.0,1.0,1.0,0.07185009866952896
17,0.0,0.0,0.0,10189.0,0.0,0.0,0.10437614470720291
17,0.0,0.0,0.0,738.0,1.0,1.0,0.26996535062789917
17,0.0,0.0,0.0,4206.0,0.0,0.0,0.2230820506811142
17,0.0,0.0,0.0,1335.0,1.0,1.0,0.3191518783569336
17,0.0,0.0,0.0,2028.0,1.0,1.0,0.24231933057308197
17,0.0,0.0,0.0,601.0,1.0,1.0,0.3471401333808899
17,0.0,0.0,0.0,9638.0,0.0,0.0,0.1544736921787262
17,0.0,0.0,0.0,1193.0,1.0,1.0,0.22449298202991486
17,0.0,0.0,0.0,4558.0,1.0,1.0,0.2510080635547638
17,0.0,0.0,0.0,5886.0,0.0,0.0,0.1960572451353073
17,0.0,0.0,0.0,5610.0,0.0,0.0,0.16607365012168884
17,0.0,0.0,0.0,5689.0,0.0,0.0,0.1856130212545395
17,1.0,0.0933422549347608,279.0,2989.0,1.0,1.0,0.10107134282588959
17,1.0,0.18549346016646848,156.0,841.0,1.0,1.0,0.2527100145816803
17,0.0,0.0,0.0,9855.0,1.0,1.0,0.15237818658351898
17,0.0,0.0,0.0,10181.0,0.0,0.0,0.10202281922101974
17,0.0,0.0,0.0,9739.0,0.0,0.0,0.11585444957017899
17,0.0,0.0,0.0,449.0,1.0,1.0,0.554691731929779
17,0.0,0.0,0.0,3978.0,0.0,0.0,0.18565428256988525
17,0.0,0.0,0.0,1923.0,1.0,1.0,0.19617073237895966
17,0.0,0.0,0.0,2393.0,1.0,1.0,0.17076712846755981
17,0.0,0.0,0.0,4323.0,1.0,1.0,0.1400144398212433
17,0.0,0.0,0.0,1356.0,1.0,1.0,0.24827826023101807
17,0.0,0.0,0.0,1241.0,1.0,1.0,0.25156259536743164
17,0.0,0.0,0.0,917.0,1.0,1.0,0.3910439908504486
17,0.0,0.0,0.0,5001.0,1.0,1.0,0.2272745668888092
17,0.0,0.0,0.0,6428.0,0.0,0.0,0.25268855690956116
17,0.0,0.0,0.0,5719.0,0.0,0.0,0.17716869711875916
17,0.0,0.0,0.0,5579.0,0.0,0.0,0.13390277326107025
17,1.0,0.26928471248246844,192.0,713.0,1.0,1.0,0.32502979040145874
17,0.0,0.0,0.0,9907.0,0.0,0.0,0.10882683843374252
17,0.0,0.0,0.0,4220.0,0.0,0.0,0.3334614932537079
17,0.0,0.0,0.0,2482.0,1.0,1.0,0.20203332602977753
17,0.0,0.0,0.0,3712.0,1.0,1.0,0.2441830188035965
17,0.0,0.0,0.0,1757.0,1.0,1.0,0.24188072979450226
17,0.0,0.0,0.0,630.0,1.0,1.0,0.4073462188243866
17,0.0,0.0,0.0,5372.0,0.0,0.0,0.18372438848018646
17,0.0,0.0,0.0,8930.0,0.0,0.0,0.1662900149822235
17,0.0,0.0,0.0,12746.0,0.0,0.0,0.08840679377317429
17,0.0,0.0,0.0,1038.0,1.0,1.0,0.22827103734016418
17,0.0,0.0,0.0,1050.0,1.0,1.0,0.2541083097457886
17,0.0,0.0,0.0,1368.0,1.0,1.0,0.23125091195106506
17,0.0,0.0,0.0,5808.0,0.0,0.0,0.21939615905284882
17,0.0,0.0,0.0,4636.0,1.0,1.0,0.21799825131893158
17,0.0,0.0,0.0,5850.0,0.0,0.0,0.17044302821159363
17,1.0,0.2461734693877551,193.0,784.0,1.0,1.0,0.2878660261631012
17,0.0,0.0,0.0,1513.0,1.0,1.0,0.24638602137565613
17,0.0,0.0,0.0,409.0,1.0,1.0,0.48147550225257874
17,0.0,0.0,0.0,2230.0,1.0,1.0,0.2579807639122009
17,0.0,0.0,0.0,4497.0,0.0,0.0,0.2585033178329468
17,0.0,0.0,0.0,1315.0,1.0,1.0,0.3000258505344391
17,0.0,0.0,0.0,766.0,1.0,1.0,0.3189098536968231
17,0.0,0.0,0.0,668.0,1.0,1.0,0.4579179883003235
17,0.0,0.0,0.0,8822.0,0.0,0.0,0.14884261786937714
17,0.0,0.0,0.0,9979.0,0.0,0.0,0.10415363311767578
17,0.0,0.0,0.0,13185.0,0.0,0.0,0.09962024539709091
17,0.0,0.0,0.0,1384.0,1.0,1.0,0.21748435497283936
17,0.0,0.0,0.0,4646.0,0.0,0.0,0.21990633010864258
17,0.0,0.0,0.0,5689.0,1.0,1.0,0.24681329727172852
17,0.0,0.0,0.0,3744.0,1.0,1.0,0.24488788843154907
17,0.0,0.0,0.0,5707.0,0.0,0.0,0.20666107535362244
17,0.0,0.0,0.0,5838.0,0.0,0.0,0.24313943088054657
18,0.0,0.0,0.0,4761.0,0.0,0.0,0.30172133445739746
18,0.0,0.0,0.0,4289.0,0.0,0.0,0.3070518970489502
18,0.0,0.0,0.0,9527.0,1.0,1.0,0.153976172208786
18,0.0,0.0,0.0,2609.0,1.0,1.0,0.12404156476259232
18,0.0,0.0,0.0,9515.0,0.0,0.0,0.08437208086252213
18,0.0,0.0,0.0,5642.0,0.0,0.0,0.21357502043247223
18,0.0,0.0,0.0,5957.0,0.0,0.0,0.21313868463039398
18,0.0,0.0,0.0,11366.0,0.0,0.0,0.0911916121840477
18,0.0,0.0,0.0,9268.0,0.0,0.0,0.10323813557624817
18,0.0,0.0,0.0,9846.0,0.0,0.0,0.13438647985458374
18,0.0,0.0,0.0,10182.0,0.0,0.0,0.10435079038143158
18,0.0,0.0,0.0,9009.0,0.0,0.0,0.08889488130807877
18,0.0,0.0,0.0,2339.0,1.0,1.0,0.12262327969074249
18,0.0,0.0,0.0,4114.0,0.0,0.0,0.28716325759887695
18,0.0,0.0,0.0,966.0,1.0,1.0,0.3044072091579437
18,1.0,0.12,465.0,3875.0,1.0,1.0,0.1222090944647789
18,0.0,0.0,0.0,1037.0,1.0,1.0,0.3359604477882385
18,0.0,0.0,0.0,4005.0,1.0,1.0,0.2674184739589691
18,0.0,0.0,0.0,4913.0,0.0,0.0,0.2593822777271271
18,0.0,0.0,0.0,9060.0,0.0,0.0,0.10623712837696075
18,0.0,0.0,0.0,2926.0,1.0,1.0,0.10472816973924637
18,0.0,0.0,0.0,7626.0,1.0,1.0,0.11566632241010666
18,0.0,0.0,0.0,9557.0,0.0,0.0,0.13564294576644897
18,0.0,0.0,0.0,9290.0,0.0,0.0,0.11343518644571304
18,0.0,0.0,0.0,9802.0,0.0,0.0,0.07341746240854263
18,0.0,0.0,0.0,9808.0,0.0,0.0,0.08656022697687149
18,0.0,0.0,0.0,10659.0,0.0,0.0,0.1134355366230011
18,0.0,0.0,0.0,5882.0,0.0,0.0,0.19105257093906403
18,0.0,0.0,0.0,4512.0,1.0,1.0,0.1947169452905655
18,0.0,0.0,0.0,8985.0,0.0,0.0,0.10665379464626312
18,0.0,0.0,0.0,3549.0,1.0,1.0,0.26589131355285645
18,1.0,0.21713917525773196,337.0,1552.0,1.0,1.0,0.2669660151004791
18,0.0,0.0,0.0,1464.0,1.0,1.0,0.3605366349220276
18,0.0,0.0,0.0,5019.0,0.0,0.0,0.2952033579349518
18,0.0,0.0,0.0,2986.0,1.0,1.0,0.10299602895975113
18,0.0,0.0,0.0,8710.0,0.0,0.0,0.08751627802848816
18,0.0,0.0,0.0,7431.0,1.0,1.0,0.10851927846670151
18,0.0,0.0,0.0,9656.0,0.0,0.0,0.11663919687271118
18,0.0,0.0,0.0,9723.0,0.0,0.0,0.07401987910270691
18,0.0,0.0,0.0,5694.0,0.0,0.0,0.18147438764572144
18,0.0,0.0,0.0,10252.0,0.0,0.0,0.1799660176038742
18,0.0,0.0,0.0,9197.0,0.0,0.0,0.10896825045347214
18,0.0,0.0,0.0,9276.0,0.0,0.0,0.07456719875335693
18,0.0,0.0,0.0,10407.0,0.0,0.0,0.11240506917238235
18,0.0,0.0,0.0,4020.0,1.0,1.0,0.14682848751544952
18,0.0,0.0,0.0,2487.0,1.0,1.0,0.1424422264099121
18,0.0,0.0,0.0,4623.0,0.0,0.0,0.2574198544025421
18,0.0,0.0,0.0,1898.0,1.0,1.0,0.30140402913093567
18,0.0,0.0,0.0,9107.0,0.0,0.0,0.10991694033145905
18,0.0,0.0,0.0,8291.0,0.0,0.0,0.11824937909841537
18,0.0,0.0,0.0,9593.0,0.0,0.0,0.13886985182762146
18,0.0,0.0,0.0,6634.0,1.0,1.0,0.11458723992109299
18,0.0,0.0,0.0,10001.0,0.0,0.0,0.14338940382003784
18,0.0,0.0,0.0,5689.0,0.0,0.0,0.1732950061559677
18,0.0,0.0,0.0,5555.0,0.0,0.0,0.17206452786922455
18,0.0,0.0,0.0,3354.0,1.0,1.0,0.18341577053070068
18,0.0,0.0,0.0,9484.0,0.0,0.0,0.11772198975086212
18,0.0,0.0,0.0,11226.0,0.0,0.0,0.11102241277694702
18,0.0,0.0,0.0,9803.0,0.0,0.0,0.11511800438165665
18,0.0,0.0,0.0,1321.0,1.0,1.0,0.3023104965686798
18,0.0,0.0,0.0,4016.0,0.0,0.0,0.3113436996936798
18,0.0,0.0,0.0,2043.0,1.0,1.0,0.29231345653533936
18,1.0,0.09941912421805184,445.0,4476.0,1.0,1.0,0.0991545245051384
18,1.0,0.0933422549347608,279.0,2989.0,1.0,1.0,0.10223187506198883
19,0.0,0.0,0.0,5952.0,1.0,1.0,0.20023038983345032
19,0.0,0.0,0.0,5432.0,1.0,1.0,0.18827439844608307
19,0.0,0.0,0.0,3983.0,1.0,1.0,0.17640091478824615
19,0.0,0.0,0.0,1445.0,1.0,1.0,0.20063869655132294
19,0.0,0.0,0.0,7183.0,0.0,0.0,0.1388821303844452
19,0.0,0.0,0.0,934.0,1.0,1.0,0.22862952947616577
19,0.0,0.0,0.0,543.0,1.0,1.0,0.3525095582008362
19,0.0,0.0,0.0,6415.0,0.0,0.0,0.32768407464027405
19,0.0,0.0,0.0,1314.0,1.0,1.0,0.29543641209602356
19,0.0,0.0,0.0,3493.0,1.0,1.0,0.3401589095592499
19,0.0,0.0,0.0,3777.0,1.0,1.0,0.16979941725730896
19,0.0,0.0,0.0,4955.0,0.0,0.0,0.2505618929862976
19,0.0,0.0,0.0,1825.0,1.0,1.0,0.20233705639839172
19,0.0,0.0,0.0,3019.0,1.0,1.0,0.2680392265319824
19,0.0,0.0,0.0,2210.0,1.0,1.0,0.22346021234989166
19,0.0,0.0,0.0,4363.0,0.0,0.0,0.15656045079231262
19,0.0,0.0,0.0,543.0,1.0,1.0,0.4240921139717102
19,0.0,0.0,0.0,6428.0,0.0,0.0,0.12761856615543365
19,0.0,0.0,0.0,5894.0,0.0,0.0,0.14092661440372467
19,0.0,0.0,0.0,6300.0,0.0,0.0,0.1523001492023468
19,0.0,0.0,0.0,4816.0,1.0,1.0,0.1424860805273056
19,0.0,0.0,0.0,6041.0,1.0,1.0,0.12949857115745544
19,0.0,0.0,0.0,4524.0,1.0,1.0,0.12338847666978836
19,0.0,0.0,0.0,2425.0,1.0,1.0,0.20241835713386536
19,0.0,0.0,0.0,3355.0,1.0,1.0,0.19037704169750214
19,0.0,0.0,0.0,1176.0,1.0,1.0,0.34157058596611023
19,0.0,0.0,0.0,1444.0,1.0,1.0,0.31737393140792847
19,0.0,0.0,0.0,2145.0,1.0,1.0,0.24865956604480743
19,0.0,0.0,0.0,3915.0,1.0,1.0,0.18906088173389435
19,0.0,0.0,0.0,3732.0,1.0,1.0,0.276890367269516
19,0.0,0.0,0.0,2775.0,1.0,1.0,0.2175416350364685
19,1.0,0.14776119402985075,198.0,1340.0,1.0,1.0,0.21452078223228455
19,0.0,0.0,0.0,520.0,1.0,1.0,0.3837272822856903
19,0.0,0.0,0.0,1733.0,1.0,1.0,0.2581758499145508
19,0.0,0.0,0.0,6173.0,0.0,0.0,0.1804014891386032
19,0.0,0.0,0.0,8173.0,0.0,0.0,0.11412498354911804
19,0.0,0.0,0.0,6249.0,0.0,0.0,0.20354063808918
19,0.0,0.0,0.0,1356.0,1.0,1.0,0.2804034948348999
19,0.0,0.0,0.0,3883.0,1.0,1.0,0.19246213138103485
19,0.0,0.0,0.0,4717.0,1.0,1.0,0.18679161369800568
19,0.0,0.0,0.0,5068.0,1.0,1.0,0.16607889533042908
19,0.0,0.0,0.0,4409.0,1.0,1.0,0.2192666381597519
19,0.0,0.0,0.0,3524.0,1.0,1.0,0.17702342569828033
19,0.0,0.0,0.0,2577.0,1.0,1.0,0.2048262655735016
19,0.0,0.0,0.0,1454.0,1.0,1.0,0.1825171411037445
19,0.0,0.0,0.0,631.0,1.0,1.0,0.42405131459236145
19,0.0,0.0,0.0,2637.0,1.0,1.0,0.22428105771541595
19,1.0,0.18315203642802935,724.0,3953.0,1.0,1.0,0.1770000457763672
19,0.0,0.0,0.0,1271.0,1.0,1.0,0.28954440355300903
19,0.0,0.0,0.0,6171.0,0.0,0.0,0.18655073642730713
19,0.0,0.0,0.0,3437.0,1.0,1.0,0.20848128199577332
19,0.0,0.0,0.0,4279.0,1.0,1.0,0.1308719962835312
19,0.0,0.0,0.0,6417.0,0.0,0.0,0.1635720431804657
19,0.0,0.0,0.0,6961.0,0.0,0.0,0.20178061723709106
19,0.0,0.0,0.0,3740.0,0.0,0.0,0.36578845977783203
19,0.0,0.0,0.0,4782.0,0.0,0.0,0.3818974196910858
19,0.0,0.0,0.0,4215.0,0.0,0.0,0.26498377323150635
19,0.0,0.0,0.0,1989.0,1.0,1.0,0.21337445080280304
19,0.0,0.0,0.0,5447.0,0.0,0.0,0.29873037338256836
19,0.0,0.0,0.0,592.0,1.0,1.0,0.3757500648498535
19,0.0,0.0,0.0,1535.0,1.0,1.0,0.2266530841588974
19,0.0,0.0,0.0,2332.0,1.0,1.0,0.27110373973846436
19,1.0,0.17221828490432317,486.0,2822.0,1.0,1.0,0.15214389562606812
19,1.0,0.10815450643776824,126.0,1165.0,1.0,1.0,0.21414288878440857
20,0.0,0.0,0.0,4338.0,0.0,0.0,0.23948073387145996
20,0.0,0.0,0.0,3381.0,1.0,1.0,0.20441260933876038
20,0.0,0.0,0.0,4852.0,0.0,0.0,0.3023477792739868
20,0.0,0.0,0.0,1277.0,1.0,1.0,0.2247743159532547
20,0.0,0.0,0.0,1369.0,1.0,1.0,0.26036763191223145
20,0.0,0.0,0.0,9197.0,0.0,0.0,0.12913550436496735
20,0.0,0.0,0.0,4195.0,1.0,1.0,0.12443326413631439
20,0.0,0.0,0.0,8573.0,0.0,0.0,0.1276807337999344
20,0.0,0.0,0.0,4137.0,1.0,1.0,0.20664438605308533
20,0.0,0.0,0.0,4579.0,1.0,1.0,0.17078302800655365
20,0.0,0.0,0.0,7346.0,0.0,0.0,0.15823902189731598
20,0.0,0.0,0.0,6574.0,0.0,0.0,0.12259182333946228
20,0.0,0.0,0.0,3969.0,1.0,1.0,0.20053596794605255
20,0.0,0.0,0.0,765.0,1.0,1.0,0.39511045813560486
20,0.0,0.0,0.0,580.0,1.0,1.0,0.40516209602355957
20,1.0,0.10830479452054795,506.0,4672.0,1.0,1.0,0.10182854533195496
20,0.0,0.0,0.0,4494.0,0.0,0.0,0.2893373966217041
20,0.0,0.0,0.0,4277.0,0.0,0.0,0.25742486119270325
20,0.0,0.0,0.0,3998.0,0.0,0.0,0.2204967737197876
20,0.0,0.0,0.0,2401.0,1.0,1.0,0.17863361537456512
20,0.0,0.0,0.0,6884.0,0.0,0.0,0.144972562789917
20,0.0,0.0,0.0,4780.0,1.0,1.0,0.29208990931510925
20,0.0,0.0,0.0,3488.0,1.0,1.0,0.233662948012352
20,0.0,0.0,0.0,5351.0,0.0,0.0,0.2780297100543976
20,0.0,0.0,0.0,2967.0,1.0,1.0,0.2762988209724426
20,0.0,0.0,0.0,4464.0,0.0,0.0,0.30782192945480347
20,0.0,0.0,0.0,8993.0,0.0,0.0,0.10082830488681793
20,0.0,0.0,0.0,7679.0,0.0,0.0,0.1449124813079834
20,0.0,0.0,0.0,7392.0,0.0,0.0,0.1572508066892624
20,0.0,0.0,0.0,1214.0,1.0,1.0,0.31555747985839844
20,0.0,0.0,0.0,969.0,1.0,1.0,0.3113178014755249
20,0.0,0.0,0.0,763.0,1.0,1.0,0.3949774205684662
20,0.0,0.0,0.0,4954.0,0.0,0.0,0.17414243519306183
20,0.0,0.0,0.0,2028.0,1.0,1.0,0.24088847637176514
20,0.0,0.0,0.0,1178.0,1.0,1.0,0.23212991654872894
20,0.0,0.0,0.0,7272.0,1.0,1.0,0.12126139551401138
20,0.0,0.0,0.0,3953.0,1.0,1.0,0.11669495701789856
20,0.0,0.0,0.0,7506.0,0.0,0.0,0.15873968601226807
20,0.0,0.0,0.0,4143.0,1.0,1.0,0.13559387624263763
20,0.0,0.0,0.0,4522.0,1.0,1.0,0.11995044350624084
20,0.0,0.0,0.0,8997.0,0.0,0.0,0.1403537094593048
20,0.0,0.0,0.0,4572.0,0.0,0.0,0.2668009400367737
20,0.0,0.0,0.0,2740.0,1.0,1.0,0.2217351496219635
20,0.0,0.0,0.0,3938.0,1.0,1.0,0.22546491026878357
20,0.0,0.0,0.0,7744.0,0.0,0.0,0.1605183333158493
20,0.0,0.0,0.0,819.0,1.0,1.0,0.3079458475112915
20,0.0,0.0,0.0,756.0,1.0,1.0,0.3854529857635498
20,1.0,0.24108352144469525,1068.0,4430.0,1.0,1.0,0.19513936340808868
20,0.0,0.0,0.0,4211.0,0.0,0.0,0.23007123172283173
20,0.0,0.0,0.0,1063.0,1.0,1.0,0.2652084231376648
20,0.0,0.0,0.0,4769.0,0.0,0.0,0.23289214074611664
20,0.0,0.0,0.0,4373.0,1.0,1.0,0.19488425552845
20,0.0,0.0,0.0,8184.0,0.0,0.0,0.1778717190027237
20,0.0,0.0,0.0,8840.0,0.0,0.0,0.12357763200998306
20,0.0,0.0,0.0,3595.0,1.0,1.0,0.12911945581436157
20,0.0,0.0,0.0,6699.0,0.0,0.0,0.1800186038017273
20,0.0,0.0,0.0,4549.0,0.0,0.0,0.23692524433135986
20,0.0,0.0,0.0,3009.0,1.0,1.0,0.20941253006458282
20,0.0,0.0,0.0,4214.0,0.0,0.0,0.21090379357337952
20,0.0,0.0,0.0,546.0,1.0,1.0,0.46891292929649353
20,0.0,0.0,0.0,1980.0,1.0,1.0,0.2544335126876831
20,0.0,0.0,0.0,7457.0,0.0,0.0,0.13104362785816193
20,1.0,0.21098039215686273,269.0,1275.0,1.0,1.0,0.21734507381916046
20,1.0,0.12283123028391167,623.0,5072.0,1.0,1.0,0.11699091643095016
21,0.0,0.0,0.0,1300.0,1.0,1.0,0.28548502922058105
21,0.0,0.0,0.0,1972.0,1.0,1.0,0.35011202096939087
21,0.0,0.0,0.0,2144.0,1.0,1.0,0.29767727851867676
21,0.0,0.0,0.0,991.0,1.0,1.0,0.30853721499443054
21,0.0,0.0,0.0,5188.0,0.0,0.0,0.20777639746665955
21,0.0,0.0,0.0,5078.0,0.0,0.0,0.19971442222595215
21,0.0,0.0,0.0,4751.0,0.0,0.0,0.21440006792545319
21,0.0,0.0,0.0,6210.0,0.0,0.0,0.203988179564476
21,0.0,0.0,0.0,6574.0,0.0,0.0,0.16763582825660706
21,0.0,0.0,0.0,4512.0,0.0,0.0,0.254513680934906
21,0.0,0.0,0.0,3470.0,1.0,1.0,0.29042375087738037
21,0.0,0.0,0.0,3801.0,1.0,1.0,0.35581040382385254
21,0.0,0.0,0.0,11619.0,0.0,0.0,0.10334713011980057
21,0.0,0.0,0.0,8482.0,1.0,1.0,0.09381067007780075
21,0.0,0.0,0.0,6909.0,0.0,0.0,0.14780735969543457
21,0.0,0.0,0.0,6483.0,0.0,0.0,0.15198640525341034
21,0.0,0.0,0.0,2235.0,1.0,1.0,0.1946597695350647
21,0.0,0.0,0.0,5912.0,0.0,0.0,0.15377160906791687
21,0.0,0.0,0.0,5720.0,0.0,0.0,0.1410590559244156
21,0.0,0.0,0.0,4025.0,0.0,0.0,0.28969138860702515
21,0.0,0.0,0.0,1265.0,1.0,1.0,0.2858065068721771
21,0.0,0.0,0.0,1442.0,1.0,1.0,0.3564370274543762
21,0.0,0.0,0.0,4551.0,0.0,0.0,0.31270483136177063
21,0.0,0.0,0.0,4994.0,0.0,0.0,0.16445240378379822
21,0.0,0.0,0.0,6542.0,0.0,0.0,0.17110130190849304
21,0.0,0.0,0.0,6599.0,0.0,0.0,0.21233950555324554
21,0.0,0.0,0.0,5075.0,0.0,0.0,0.2739536166191101
21,0.0,0.0,0.0,10268.0,0.0,0.0,0.12081781029701233
21,0.0,0.0,0.0,10268.0,0.0,0.0,0.09608437120914459
21,0.0,0.0,0.0,6936.0,0.0,0.0,0.1779005378484726
21,1.0,0.1708229426433915,137.0,802.0,1.0,1.0,0.294874906539917
21,1.0,0.23316239316239315,682.0,2925.0,1.0,1.0,0.21798673272132874
21,0.0,0.0,0.0,553.0,1.0,1.0,0.4385785460472107
21,0.0,0.0,0.0,7430.0,0.0,0.0,0.244157612323761
21,0.0,0.0,0.0,3732.0,0.0,0.0,0.2886831760406494
21,0.0,0.0,0.0,4260.0,0.0,0.0,0.29439860582351685
21,0.0,0.0,0.0,1858.0,1.0,1.0,0.32734742760658264
21,0.0,0.0,0.0,2767.0,1.0,1.0,0.20983174443244934
21,0.0,0.0,0.0,1129.0,1.0,1.0,0.3314010798931122
21,0.0,0.0,0.0,4838.0,0.0,0.0,0.22756312787532806
21,0.0,0.0,0.0,5213.0,0.0,0.0,0.20630037784576416
21,0.0,0.0,0.0,6228.0,0.0,0.0,0.1432713121175766
21,0.0,0.0,0.0,6492.0,0.0,0.0,0.15398073196411133
21,0.0,0.0,0.0,4726.0,0.0,0.0,0.29604673385620117
21,0.0,0.0,0.0,5013.0,0.0,0.0,0.33082452416419983
21,0.0,0.0,0.0,11957.0,0.0,0.0,0.07490856200456619
21,0.0,0.0,0.0,6580.0,0.0,0.0,0.1457880288362503
21,0.0,0.0,0.0,6952.0,0.0,0.0,0.1608397215604782
21,0.0,0.0,0.0,4561.0,1.0,1.0,0.1574954390525818
21,0.0,0.0,0.0,2388.0,1.0,1.0,0.3661726117134094
21,0.0,0.0,0.0,941.0,1.0,1.0,0.32838690280914307
21,0.0,0.0,0.0,1188.0,1.0,1.0,0.28703877329826355
21,0.0,0.0,0.0,5214.0,1.0,1.0,0.13568410277366638
21,0.0,0.0,0.0,6399.0,0.0,0.0,0.14484722912311554
21,0.0,0.0,0.0,5009.0,0.0,0.0,0.24414272606372833
21,0.0,0.0,0.0,4898.0,0.0,0.0,0.22978629171848297
21,0.0,0.0,0.0,11191.0,0.0,0.0,0.09904281795024872
21,0.0,0.0,0.0,9371.0,0.0,0.0,0.07516161352396011
21,0.0,0.0,0.0,3601.0,1.0,1.0,0.12511076033115387
21,0.0,0.0,0.0,7002.0,0.0,0.0,0.23160988092422485
21,0.0,0.0,0.0,6340.0,0.0,0.0,0.13051661849021912
21,0.0,0.0,0.0,6811.0,0.0,0.0,0.1328217089176178
21,1.0,0.2501694915254237,369.0,1475.0,1.0,1.0,0.28902071714401245
21,1.0,0.17931521355453583,508.0,2833.0,1.0,1.0,0.16456690430641174
22,0.0,0.0,0.0,9722.0,0.0,0.0,0.16892904043197632
22,0.0,0.0,0.0,3164.0,1.0,1.0,0.14724338054656982
22,0.0,0.0,0.0,5042.0,0.0,0.0,0.1997753530740738
22,0.0,0.0,0.0,2178.0,1.0,1.0,0.21644799411296844
22,0.0,0.0,0.0,2874.0,1.0,1.0,0.19300810992717743
22,0.0,0.0,0.0,4494.0,0.0,0.0,0.2725694179534912
22,0.0,0.0,0.0,757.0,1.0,1.0,0.34142470359802246
22,0.0,0.0,0.0,4048.0,1.0,1.0,0.19544467329978943
22,0.0,0.0,0.0,5153.0,0.0,0.0,0.14637230336666107
22,0.0,0.0,0.0,4492.0,0.0,0.0,0.2250520884990692
22,0.0,0.0,0.0,1165.0,1.0,1.0,0.2278400957584381
22,0.0,0.0,0.0,530.0,1.0,1.0,0.3044808506965637
22,0.0,0.0,0.0,531.0,1.0,1.0,0.3073177635669708
22,0.0,0.0,0.0,5218.0,0.0,0.0,0.26959505677223206
22,0.0,0.0,0.0,4935.0,0.0,0.0,0.23885561525821686
22,1.0,0.20311714429361488,404.0,1989.0,1.0,1.0,0.20353804528713226
22,0.0,0.0,0.0,2187.0,1.0,1.0,0.2795230448246002
22,0.0,0.0,0.0,1356.0,1.0,1.0,0.29172059893608093
22,0.0,0.0,0.0,7492.0,0.0,0.0,0.1189989373087883
22,0.0,0.0,0.0,7385.0,0.0,0.0,0.16963385045528412
22,0.0,0.0,0.0,403.0,1.0,1.0,0.6653333306312561
22,0.0,0.0,0.0,1950.0,1.0,1.0,0.22633610665798187
22,0.0,0.0,0.0,4511.0,1.0,1.0,0.1891086995601654
22,0.0,0.0,0.0,4908.0,0.0,0.0,0.17570868134498596
22,0.0,0.0,0.0,4209.0,1.0,1.0,0.3443044126033783
22,0.0,0.0,0.0,4419.0,0.0,0.0,0.2500624358654022
22,0.0,0.0,0.0,2818.0,1.0,1.0,0.19967475533485413
22,0.0,0.0,0.0,577.0,1.0,1.0,0.32446256279945374
22,0.0,0.0,0.0,5126.0,0.0,0.0,0.2303144782781601
22,0.0,0.0,0.0,5019.0,0.0,0.0,0.22999054193496704
22,0.0,0.0,0.0,3212.0,1.0,1.0,0.21675753593444824
22,1.0,0.26928471248246844,192.0,713.0,1.0,1.0,0.35380545258522034
22,0.0,0.0,0.0,4567.0,0.0,0.0,0.20742656290531158
22,0.0,0.0,0.0,4012.0,1.0,1.0,0.22523047029972076
22,0.0,0.0,0.0,5231.0,1.0,1.0,0.12283995747566223
22,0.0,0.0,0.0,8017.0,0.0,0.0,0.13057862222194672
22,0.0,0.0,0.0,5129.0,0.0,0.0,0.26189523935317993
22,0.0,0.0,0.0,1602.0,1.0,1.0,0.22536137700080872
22,0.0,0.0,0.0,1886.0,1.0,1.0,0.29173269867897034
22,0.0,0.0,0.0,5021.0,0.0,0.0,0.20085309445858002
22,0.0,0.0,0.0,2708.0,1.0,1.0,0.22089213132858276
22,0.0,0.0,0.0,4308.0,0.0,0.0,0.23442241549491882
22,0.0,0.0,0.0,4385.0,0.0,0.0,0.23028841614723206
22,0.0,0.0,0.0,547.0,1.0,1.0,0.3244609832763672
22,0.0,0.0,0.0,584.0,1.0,1.0,0.3272560238838196
22,0.0,0.0,0.0,523.0,1.0,1.0,0.3344970643520355
22,0.0,0.0,0.0,2839.0,1.0,1.0,0.23010574281215668
22,1.0,0.1315040650406504,647.0,4920.0,1.0,1.0,0.12848922610282898
22,0.0,0.0,0.0,4333.0,0.0,0.0,0.2544698119163513
22,0.0,0.0,0.0,4623.0,0.0,0.0,0.21917985379695892
22,0.0,0.0,0.0,5079.0,0.0,0.0,0.3171568512916565
22,0.0,0.0,0.0,8532.0,0.0,0.0,0.13441431522369385
22,0.0,0.0,0.0,1611.0,1.0,1.0,0.20645691454410553
22,0.0,0.0,0.0,2271.0,1.0,1.0,0.21336980164051056
22,0.0,0.0,0.0,359.0,1.0,1.0,0.5264875292778015
22,0.0,0.0,0.0,1853.0,1.0,1.0,0.3069159984588623
22,0.0,0.0,0.0,739.0,1.0,1.0,0.39857998490333557
22,0.0,0.0,0.0,5235.0,0.0,0.0,0.19358353316783905
22,0.0,0.0,0.0,4464.0,0.0,0.0,0.20266209542751312
22,0.0,0.0,0.0,550.0,1.0,1.0,0.34835922718048096
22,0.0,0.0,0.0,3191.0,1.0,1.0,0.24167263507843018
22,0.0,0.0,0.0,5022.0,0.0,0.0,0.23183587193489075
22,0.0,0.0,0.0,4743.0,1.0,1.0,0.20168529450893402
22,1.0,0.19401007156109196,732.0,3773.0,1.0,1.0,0.1722709834575653
23,0.0,0.0,0.0,4617.0,0.0,0.0,0.19709858298301697
23,0.0,0.0,0.0,3321.0,1.0,1.0,0.26118552684783936
23,0.0,0.0,0.0,1493.0,1.0,1.0,0.29531246423721313
23,0.0,0.0,0.0,4932.0,0.0,0.0,0.21831469237804413
23,0.0,0.0,0.0,4798.0,1.0,1.0,0.22264660894870758
23,0.0,0.0,0.0,2426.0,1.0,1.0,0.11268690228462219
23,0.0,0.0,0.0,9737.0,0.0,0.0,0.09333567321300507
23,0.0,0.0,0.0,838.0,1.0,1.0,0.3420262336730957
23,0.0,0.0,0.0,557.0,1.0,1.0,0.46206390857696533
23,0.0,0.0,0.0,5712.0,0.0,0.0,0.21259838342666626
23,0.0,0.0,0.0,5526.0,0.0,0.0,0.14772729575634003
23,0.0,0.0,0.0,5698.0,0.0,0.0,0.20616629719734192
23,0.0,0.0,0.0,5382.0,0.0,0.0,0.2759797275066376
23,0.0,0.0,0.0,5404.0,0.0,0.0,0.20687201619148254
23,1.0,0.20311714429361488,404.0,1989.0,1.0,1.0,0.20485039055347443
23,1.0,0.2336231884057971,806.0,3450.0,1.0,1.0,0.2075153887271881
23,0.0,0.0,0.0,4098.0,1.0,1.0,0.22303041815757751
23,0.0,0.0,0.0,4700.0,0.0,0.0,0.28673747181892395
23,0.0,0.0,0.0,2685.0,1.0,1.0,0.22217895090579987
23,0.0,0.0,0.0,6876.0,1.0,1.0,0.1214667409658432
23,0.0,0.0,0.0,2016.0,1.0,1.0,0.18349653482437134
23,0.0,0.0,0.0,5014.0,0.0,0.0,0.2564600110054016
23,0.0,0.0,0.0,4521.0,0.0,0.0,0.21258310973644257
23,0.0,0.0,0.0,8008.0,1.0,1.0,0.12308093905448914
23,0.0,0.0,0.0,2447.0,1.0,1.0,0.13688139617443085
23,0.0,0.0,0.0,604.0,1.0,1.0,0.47217777371406555
23,0.0,0.0,0.0,1903.0,1.0,1.0,0.24571315944194794
23,0.0,0.0,0.0,5536.0,0.0,0.0,0.16672533750534058
23,0.0,0.0,0.0,5462.0,0.0,0.0,0.10827191174030304
23,0.0,0.0,0.0,5642.0,0.0,0.0,0.21370072662830353
23,0.0,0.0,0.0,5361.0,0.0,0.0,0.19742929935455322
23,1.0,0.20764331210191084,163.0,785.0,1.0,1.0,0.2704651653766632
23,0.0,0.0,0.0,4451.0,0.0,0.0,0.22175151109695435
23,0.0,0.0,0.0,2505.0,1.0,1.0,0.2211800068616867
23,0.0,0.0,0.0,728.0,1.0,1.0,0.32856878638267517
23,0.0,0.0,0.0,2223.0,1.0,1.0,0.27386993169784546
23,0.0,0.0,0.0,4867.0,1.0,1.0,0.14472143352031708
23,0.0,0.0,0.0,8676.0,0.0,0.0,0.15567052364349365
23,0.0,0.0,0.0,4889.0,1.0,1.0,0.19830872118473053
23,0.0,0.0,0.0,5987.0,0.0,0.0,0.24944321811199188
23,0.0,0.0,0.0,4028.0,1.0,1.0,0.09566676616668701
23,0.0,0.0,0.0,5301.0,1.0,1.0,0.12040646374225616
23,0.0,0.0,0.0,2450.0,1.0,1.0,0.11775068193674088
23,0.0,0.0,0.0,1601.0,1.0,1.0,0.3664386570453644
23,0.0,0.0,0.0,1285.0,1.0,1.0,0.26872533559799194
23,0.0,0.0,0.0,5290.0,0.0,0.0,0.1876625418663025
23,0.0,0.0,0.0,5639.0,0.0,0.0,0.19259631633758545
23,0.0,0.0,0.0,5468.0,0.0,0.0,0.19878360629081726
23,0.0,0.0,0.0,4420.0,0.0,0.0,0.24385268986225128
23,0.0,0.0,0.0,4347.0,1.0,1.0,0.2077590674161911
23,0.0,0.0,0.0,2634.0,1.0,1.0,0.2364688515663147
23,0.0,0.0,0.0,1556.0,1.0,1.0,0.25389158725738525
23,0.0,0.0,0.0,2152.0,1.0,1.0,0.12272381782531738
23,0.0,0.0,0.0,7064.0,0.0,0.0,0.10532186180353165
23,0.0,0.0,0.0,7086.0,0.0,0.0,0.11496400088071823
23,0.0,0.0,0.0,4858.0,0.0,0.0,0.21457169950008392
23,0.0,0.0,0.0,2766.0,1.0,1.0,0.112380251288414
23,0.0,0.0,0.0,1445.0,1.0,1.0,0.27801865339279175
23,0.0,0.0,0.0,565.0,1.0,1.0,0.3834027945995331
23,0.0,0.0,0.0,5506.0,0.0,0.0,0.1661735624074936
23,0.0,0.0,0.0,5537.0,0.0,0.0,0.18469177186489105
23,0.0,0.0,0.0,5359.0,0.0,0.0,0.15064051747322083
23,0.0,0.0,0.0,5591.0,0.0,0.0,0.17405910789966583
23,1.0,0.1315040650406504,647.0,4920.0,1.0,1.0,0.12924271821975708
24,0.0,0.0,0.0,2511.0,1.0,1.0,0.19309143722057343
24,0.0,0.0,0.0,6254.0,1.0,1.0,0.12819497287273407
24,0.0,0.0,0.0,7923.0,0.0,0.0,0.14705373346805573
24,0.0,0.0,0.0,9647.0,0.0,0.0,0.13696585595607758
24,0.0,0.0,0.0,5789.0,0.0,0.0,0.17121106386184692
24,0.0,0.0,0.0,5891.0,0.0,0.0,0.1884790062904358
24,0.0,0.0,0.0,1622.0,1.0,1.0,0.2560264766216278
24,0.0,0.0,0.0,5522.0,0.0,0.0,0.22359290719032288
24,0.0,0.0,0.0,6418.0,0.0,0.0,0.14595818519592285
24,0.0,0.0,0.0,3982.0,1.0,1.0,0.18618588149547577
24,0.0,0.0,0.0,7122.0,0.0,0.0,0.15343892574310303
24,0.0,0.0,0.0,6812.0,0.0,0.0,0.23836104571819305
24,0.0,0.0,0.0,6322.0,0.0,0.0,0.1553463488817215
24,0.0,0.0,0.0,6229.0,0.0,0.0,0.14384271204471588
24,0.0,0.0,0.0,5453.0,0.0,0.0,0.20469489693641663
24,1.0,0.2534562211981567,275.0,1085.0,1.0,1.0,0.3640323579311371
24,0.0,0.0,0.0,7189.0,0.0,0.0,0.1573488563299179
24,0.0,0.0,0.0,7816.0,0.0,0.0,0.14315427839756012
24,0.0,0.0,0.0,5542.0,1.0,1.0,0.1219102218747139
24,0.0,0.0,0.0,9226.0,0.0,0.0,0.10660260170698166
24,0.0,0.0,0.0,4334.0,1.0,1.0,0.13457068800926208
24,0.0,0.0,0.0,5829.0,0.0,0.0,0.1544528603553772
24,0.0,0.0,0.0,3345.0,1.0,1.0,0.23765629529953003
24,0.0,0.0,0.0,6190.0,0.0,0.0,0.19276420772075653
24,0.0,0.0,0.0,6609.0,0.0,0.0,0.1730872094631195
24,0.0,0.0,0.0,6608.0,0.0,0.0,0.1794745773077011
24,0.0,0.0,0.0,6281.0,1.0,1.0,0.16078965365886688
24,0.0,0.0,0.0,6360.0,0.0,0.0,0.17965446412563324
24,0.0,0.0,0.0,5796.0,0.0,0.0,0.1974763572216034
24,0.0,0.0,0.0,1103.0,1.0,1.0,0.2508833706378937
24,0.0,0.0,0.0,879.0,1.0,1.0,0.26931706070899963
24,0.0,0.0,0.0,5326.0,0.0,0.0,0.2430313527584076
24,0.0,0.0,0.0,9182.0,0.0,0.0,0.09937617927789688
24,0.0,0.0,0.0,5972.0,1.0,1.0,0.11453676223754883
24,0.0,0.0,0.0,5607.0,0.0,0.0,0.1797497719526291
24,0.0,0.0,0.0,5811.0,0.0,0.0,0.15732501447200775
24,0.0,0.0,0.0,8138.0,0.0,0.0,0.1126369908452034
24,0.0,0.0,0.0,7335.0,0.0,0.0,0.14427140355110168
24,0.0,0.0,0.0,6660.0,0.0,0.0,0.14898735284805298
24,0.0,0.0,0.0,6358.0,0.0,0.0,0.1572689563035965
24,0.0,0.0,0.0,6417.0,0.0,0.0,0.14183931052684784
24,0.0,0.0,0.0,6293.0,0.0,0.0,0.1586032211780548
24,0.0,0.0,0.0,6074.0,0.0,0.0,0.19015204906463623
24,0.0,0.0,0.0,913.0,1.0,1.0,0.32395580410957336
24,0.0,0.0,0.0,5315.0,0.0,0.0,0.23172025382518768
24,0.0,0.0,0.0,2990.0,1.0,1.0,0.16135703027248383
24,1.0,0.12,465.0,3875.0,1.0,1.0,0.13311636447906494
24,1.0,0.16354234001292825,253.0,1547.0,1.0,1.0,0.19980260729789734
24,0.0,0.0,0.0,8616.0,0.0,0.0,0.1387588232755661
24,0.0,0.0,0.0,9091.0,0.0,0.0,0.10577934235334396
24,0.0,0.0,0.0,7414.0,1.0,1.0,0.16102206707000732
24,0.0,0.0,0.0,5654.0,0.0,0.0,0.1538410633802414
24,0.0,0.0,0.0,5753.0,0.0,0.0,0.21053816378116608
24,0.0,0.0,0.0,2439.0,1.0,1.0,0.354552686214447
24,0.0,0.0,0.0,3793.0,0.0,0.0,0.33599916100502014
24,0.0,0.0,0.0,6438.0,0.0,0.0,0.1664218306541443
24,0.0,0.0,0.0,6215.0,0.0,0.0,0.14473018050193787
24,0.0,0.0,0.0,6265.0,0.0,0.0,0.15457093715667725
24,0.0,0.0,0.0,6620.0,0.0,0.0,0.15033534169197083
24,0.0,0.0,0.0,6308.0,0.0,0.0,0.1436663120985031
24,0.0,0.0,0.0,5903.0,0.0,0.0,0.18724803626537323
24,0.0,0.0,0.0,2320.0,1.0,1.0,0.2927830219268799
24,0.0,0.0,0.0,583.0,1.0,1.0,0.4023960828781128
24,1.0,0.14359075646849695,727.0,5063.0,1.0,1.0,0.11783792078495026
25,0.0,0.0,0.0,4785.0,0.0,0.0,0.19202205538749695
25,0.0,0.0,0.0,3620.0,1.0,1.0,0.24647283554077148
25,0.0,0.0,0.0,574.0,1.0,1.0,0.3917335867881775
25,0.0,0.0,0.0,724.0,1.0,1.0,0.34497925639152527
25,0.0,0.0,0.0,8172.0,0.0,0.0,0.04992068186402321
25,0.0,0.0,0.0,5067.0,0.0,0.0,0.21585530042648315
25,0.0,0.0,0.0,9292.0,0.0,0.0,0.11304666101932526
25,0.0,0.0,0.0,8558.0,0.0,0.0,0.10017967969179153
25,0.0,0.0,0.0,5342.0,0.0,0.0,0.2061455398797989
25,0.0,0.0,0.0,5020.0,1.0,1.0,0.14646275341510773
25,0.0,0.0,0.0,7564.0,0.0,0.0,0.11304730176925659
25,0.0,0.0,0.0,7455.0,0.0,0.0,0.11448472738265991
25,0.0,0.0,0.0,6795.0,1.0,1.0,0.11708704382181168
25,0.0,0.0,0.0,8707.0,0.0,0.0,0.1074620857834816
25,1.0,0.22531769305962854,461.0,2046.0,1.0,1.0,0.24044223129749298
25,1.0,0.10830479452054795,506.0,4672.0,1.0,1.0,0.10895578563213348
25,0.0,0.0,0.0,596.0,1.0,1.0,0.3654087483882904
25,0.0,0.0,0.0,4856.0,1.0,1.0,0.110457643866539
25,0.0,0.0,0.0,4916.0,0.0,0.0,0.21925482153892517
25,0.0,0.0,0.0,5305.0,0.0,0.0,0.21953913569450378
25,0.0,0.0,0.0,4469.0,1.0,1.0,0.16423913836479187
25,0.0,0.0,0.0,8200.0,0.0,0.0,0.08608081936836243
25,0.0,0.0,0.0,9056.0,0.0,0.0,0.12319158762693405
25,0.0,0.0,0.0,3456.0,1.0,1.0,0.2045643925666809
25,0.0,0.0,0.0,5386.0,0.0,0.0,0.22802121937274933
25,0.0,0.0,0.0,6718.0,1.0,1.0,0.11094782501459122
25,0.0,0.0,0.0,7538.0,1.0,1.0,0.1021822839975357
25,0.0,0.0,0.0,7603.0,1.0,1.0,0.1850346326828003
25,0.0,0.0,0.0,8678.0,0.0,0.0,0.12115402519702911
25,0.0,0.0,0.0,8480.0,0.0,0.0,0.11156625300645828
25,1.0,0.26666666666666666,252.0,945.0,1.0,1.0,0.30964750051498413
25,1.0,0.19250114311842706,421.0,2187.0,1.0,1.0,0.21182487905025482
25,0.0,0.0,0.0,4364.0,0.0,0.0,0.20739153027534485
25,0.0,0.0,0.0,4680.0,0.0,0.0,0.26082539558410645
25,0.0,0.0,0.0,2904.0,1.0,1.0,0.2722918391227722
25,0.0,0.0,0.0,5159.0,0.0,0.0,0.27120810747146606
25,0.0,0.0,0.0,697.0,1.0,1.0,0.36703455448150635
25,0.0,0.0,0.0,1015.0,1.0,1.0,0.3581654131412506
25,0.0,0.0,0.0,8509.0,0.0,0.0,0.10285716503858566
25,0.0,0.0,0.0,9420.0,0.0,0.0,0.10374849289655685
25,0.0,0.0,0.0,4968.0,0.0,0.0,0.2154519408941269
25,0.0,0.0,0.0,8208.0,0.0,0.0,0.10024463385343552
25,0.0,0.0,0.0,6990.0,1.0,1.0,0.09839802980422974
25,0.0,0.0,0.0,5573.0,0.0,0.0,0.15484745800495148
25,0.0,0.0,0.0,5419.0,0.0,0.0,0.18620803952217102
25,0.0,0.0,0.0,3604.0,1.0,1.0,0.17049019038677216
25,0.0,0.0,0.0,8912.0,0.0,0.0,0.10717166215181351
25,0.0,0.0,0.0,8123.0,0.0,0.0,0.1022363007068634
25,0.0,0.0,0.0,1072.0,1.0,1.0,0.3328145146369934
25,0.0,0.0,0.0,729.0,1.0,1.0,0.371586412191391
25,0.0,0.0,0.0,706.0,1.0,1.0,0.39684149622917175
25,0.0,0.0,0.0,8135.0,0.0,0.0,0.07896478474140167
25,0.0,0.0,0.0,8300.0,0.0,0.0,0.10151135921478271
25,0.0,0.0,0.0,3310.0,1.0,1.0,0.13745103776454926
25,0.0,0.0,0.0,4958.0,0.0,0.0,0.1857982873916626
25,0.0,0.0,0.0,4915.0,0.0,0.0,0.2065313756465912
25,0.0,0.0,0.0,8690.0,0.0,0.0,0.12993063032627106
25,0.0,0.0,0.0,8558.0,0.0,0.0,0.10594776272773743
25,0.0,0.0,0.0,5453.0,0.0,0.0,0.20286370813846588
25,0.0,0.0,0.0,5175.0,0.0,0.0,0.1894587129354477
25,0.0,0.0,0.0,6879.0,1.0,1.0,0.07626978307962418
25,0.0,0.0,0.0,7556.0,0.0,0.0,0.08538687229156494
25,0.0,0.0,0.0,3644.0,1.0,1.0,0.14970317482948303
25,0.0,0.0,0.0,10046.0,0.0,0.0,0.09983547031879425
26,0.0,0.0,0.0,5703.0,1.0,1.0,0.1787492334842682
26,0.0,0.0,0.0,5334.0,0.0,0.0,0.1852276623249054
26,0.0,0.0,0.0,4919.0,0.0,0.0,0.19854719936847687
26,0.0,0.0,0.0,4265.0,0.0,0.0,0.32023265957832336
26,0.0,0.0,0.0,4617.0,0.0,0.0,0.15715189278125763
26,0.0,0.0,0.0,8293.0,0.0,0.0,0.12942162156105042
26,0.0,0.0,0.0,3056.0,1.0,1.0,0.14404934644699097
26,0.0,0.0,0.0,8935.0,0.0,0.0,0.14670026302337646
26,0.0,0.0,0.0,2862.0,1.0,1.0,0.12784811854362488
26,0.0,0.0,0.0,4431.0,0.0,0.0,0.19861339032649994
26,0.0,0.0,0.0,1652.0,1.0,1.0,0.2876158654689789
26,0.0,0.0,0.0,4587.0,0.0,0.0,0.1529320925474167
26,0.0,0.0,0.0,2274.0,1.0,1.0,0.2150551676750183
26,0.0,0.0,0.0,2582.0,1.0,1.0,0.19541925191879272
26,0.0,0.0,0.0,12429.0,0.0,0.0,0.06728044152259827
26,0.0,0.0,0.0,11911.0,0.0,0.0,0.05693487077951431
26,0.0,0.0,0.0,5461.0,0.0,0.0,0.20517565310001373
26,0.0,0.0,0.0,901.0,1.0,1.0,0.381121426820755
26,0.0,0.0,0.0,2750.0,1.0,1.0,0.36574286222457886
26,0.0,0.0,0.0,4354.0,0.0,0.0,0.2892656922340393
26,0.0,0.0,0.0,4018.0,1.0,1.0,0.2449757307767868
26,0.0,0.0,0.0,8386.0,0.0,0.0,0.09425905346870422
26,0.0,0.0,0.0,7968.0,0.0,0.0,0.1345272809267044
26,0.0,0.0,0.0,7747.0,0.0,0.0,0.12294355779886246
26,0.0,0.0,0.0,1873.0,1.0,1.0,0.3243729770183563
26,0.0,0.0,0.0,4750.0,1.0,1.0,0.24198900163173676
26,0.0,0.0,0.0,4693.0,0.0,0.0,0.24301178753376007
26,0.0,0.0,0.0,3544.0,1.0,1.0,0.22407761216163635
26,0.0,0.0,0.0,4612.0,0.0,0.0,0.17455758154392242
26,0.0,0.0,0.0,2438.0,1.0,1.0,0.24091750383377075
26,0.0,0.0,0.0,12561.0,0.0,0.0,0.08095474541187286
26,0.0,0.0,0.0,11992.0,0.0,0.0,0.09289978444576263
26,0.0,0.0,0.0,5487.0,0.0,0.0,0.1946222335100174
26,0.0,0.0,0.0,2602.0,1.0,1.0,0.3790179193019867
26,0.0,0.0,0.0,1787.0,1.0,1.0,0.30595171451568604
26,0.0,0.0,0.0,4090.0,0.0,0.0,0.2252189815044403
26,0.0,0.0,0.0,8871.0,0.0,0.0,0.1004151850938797
26,0.0,0.0,0.0,7842.0,0.0,0.0,0.13152451813220978
26,0.0,0.0,0.0,6578.0,1.0,1.0,0.11418896168470383
26,0.0,0.0,0.0,5065.0,0.0,0.0,0.22741349041461945
26,0.0,0.0,0.0,4317.0,0.0,0.0,0.25200432538986206
26,0.0,0.0,0.0,4494.0,0.0,0.0,0.24281878769397736
26,0.0,0.0,0.0,2941.0,1.0,1.0,0.20544923841953278
26,0.0,0.0,0.0,12376.0,0.0,0.0,0.12352709472179413
26,0.0,0.0,0.0,11748.0,0.0,0.0,0.07374407351016998
26,1.0,0.18568717809704527,685.0,3689.0,1.0,1.0,0.18933984637260437
26,1.0,0.21713917525773196,337.0,1552.0,1.0,1.0,0.2957483232021332
26,1.0,0.10830479452054795,506.0,4672.0,1.0,1.0,0.10936323553323746
26,0.0,0.0,0.0,924.0,1.0,1.0,0.31390753388404846
26,0.0,0.0,0.0,4517.0,1.0,1.0,0.22896063327789307
26,0.0,0.0,0.0,5508.0,0.0,0.0,0.21549107134342194
26,0.0,0.0,0.0,2707.0,1.0,1.0,0.30767762660980225
26,0.0,0.0,0.0,4674.0,0.0,0.0,0.2761935591697693
26,0.0,0.0,0.0,4694.0,0.0,0.0,0.23099109530448914
26,0.0,0.0,0.0,3746.0,1.0,1.0,0.20149783790111542
26,0.0,0.0,0.0,8622.0,1.0,1.0,0.09061587601900101
26,0.0,0.0,0.0,1964.0,1.0,1.0,0.17585857212543488
26,0.0,0.0,0.0,3132.0,1.0,1.0,0.13387982547283173
26,0.0,0.0,0.0,7575.0,0.0,0.0,0.1447470784187317
26,0.0,0.0,0.0,8111.0,0.0,0.0,0.1527068167924881
26,0.0,0.0,0.0,2722.0,1.0,1.0,0.16400055587291718
26,0.0,0.0,0.0,12103.0,0.0,0.0,0.07310177385807037
26,0.0,0.0,0.0,12338.0,0.0,0.0,0.09046239405870438
26,1.0,0.24108352144469525,1068.0,4430.0,1.0,1.0,0.20335957407951355
27,0.0,0.0,0.0,1045.0,1.0,1.0,0.2772860527038574
27,0.0,0.0,0.0,4623.0,0.0,0.0,0.20915599167346954
27,0.0,0.0,0.0,3209.0,1.0,1.0,0.2573773264884949
27,0.0,0.0,0.0,3677.0,1.0,1.0,0.17627637088298798
27,0.0,0.0,0.0,2022.0,1.0,1.0,0.13420794904232025
27,0.0,0.0,0.0,10633.0,0.0,0.0,0.08816508203744888
27,0.0,0.0,0.0,803.0,1.0,1.0,0.3514142334461212
27,0.0,0.0,0.0,451.0,1.0,1.0,0.32675421237945557
27,0.0,0.0,0.0,2632.0,1.0,1.0,0.2381572276353836
27,0.0,0.0,0.0,2683.0,1.0,1.0,0.28605592250823975
27,0.0,0.0,0.0,4727.0,0.0,0.0,0.24028736352920532
27,0.0,0.0,0.0,4936.0,0.0,0.0,0.21338976919651031
27,0.0,0.0,0.0,10310.0,0.0,0.0,0.11502150446176529
27,0.0,0.0,0.0,9622.0,0.0,0.0,0.09776322543621063
27,1.0,0.1644649933949802,249.0,1514.0,1.0,1.0,0.2174305021762848
27,1.0,0.18549346016646848,156.0,841.0,1.0,1.0,0.2907832860946655
27,0.0,0.0,0.0,4945.0,0.0,0.0,0.1779925674200058
27,0.0,0.0,0.0,830.0,1.0,1.0,0.41683194041252136
27,0.0,0.0,0.0,1912.0,1.0,1.0,0.23151656985282898
27,0.0,0.0,0.0,1229.0,1.0,1.0,0.39506080746650696
27,0.0,0.0,0.0,4740.0,1.0,1.0,0.21570008993148804
27,0.0,0.0,0.0,2528.0,1.0,1.0,0.2293401062488556
27,0.0,0.0,0.0,3411.0,1.0,1.0,0.2937658727169037
27,0.0,0.0,0.0,10410.0,0.0,0.0,0.09318597614765167
27,0.0,0.0,0.0,7570.0,1.0,1.0,0.09331340342760086
27,0.0,0.0,0.0,11485.0,0.0,0.0,0.07934308797121048
27,0.0,0.0,0.0,487.0,1.0,1.0,0.38295236229896545
27,0.0,0.0,0.0,4466.0,0.0,0.0,0.2476278841495514
27,0.0,0.0,0.0,3752.0,1.0,1.0,0.10937224328517914
27,0.0,0.0,0.0,2435.0,1.0,1.0,0.1089482307434082
27,1.0,0.1708229426433915,137.0,802.0,1.0,1.0,0.31420594453811646
27,1.0,0.2142562834775443,520.0,2427.0,1.0,1.0,0.18988759815692902
27,0.0,0.0,0.0,4900.0,0.0,0.0,0.19145244359970093
27,0.0,0.0,0.0,1021.0,1.0,1.0,0.25483840703964233
27,0.0,0.0,0.0,4715.0,0.0,0.0,0.2416146695613861
27,0.0,0.0,0.0,4134.0,0.0,0.0,0.20171841979026794
27,0.0,0.0,0.0,945.0,1.0,1.0,0.3306163549423218
27,0.0,0.0,0.0,2268.0,1.0,1.0,0.23091332614421844
27,0.0,0.0,0.0,5816.0,0.0,0.0,0.1607128530740738
27,0.0,0.0,0.0,6351.0,0.0,0.0,0.18273235857486725
27,0.0,0.0,0.0,3460.0,1.0,1.0,0.2380414456129074
27,0.0,0.0,0.0,1720.0,1.0,1.0,0.2508070170879364
27,0.0,0.0,0.0,2575.0,1.0,1.0,0.20177853107452393
27,0.0,0.0,0.0,12060.0,0.0,0.0,0.03480185568332672
27,0.0,0.0,0.0,10405.0,0.0,0.0,0.1283879280090332
27,0.0,0.0,0.0,597.0,1.0,1.0,0.7165976166725159
27,0.0,0.0,0.0,462.0,1.0,1.0,0.3734852373600006
27,0.0,0.0,0.0,2471.0,1.0,1.0,0.13669100403785706
27,0.0,0.0,0.0,1110.0,1.0,1.0,0.37263181805610657
27,0.0,0.0,0.0,3104.0,1.0,1.0,0.23903416097164154
27,0.0,0.0,0.0,3470.0,1.0,1.0,0.18713465332984924
27,0.0,0.0,0.0,1667.0,1.0,1.0,0.23819106817245483
27,0.0,0.0,0.0,2539.0,1.0,1.0,0.23746582865715027
27,0.0,0.0,0.0,2051.0,1.0,1.0,0.24532870948314667
27,0.0,0.0,0.0,11466.0,0.0,0.0,0.1241302639245987
27,0.0,0.0,0.0,638.0,1.0,1.0,0.3475766181945801
27,0.0,0.0,0.0,467.0,1.0,1.0,0.34362584352493286
27,0.0,0.0,0.0,4768.0,0.0,0.0,0.23561936616897583
27,0.0,0.0,0.0,949.0,1.0,1.0,0.39706259965896606
27,0.0,0.0,0.0,4475.0,1.0,1.0,0.25594213604927063
27,0.0,0.0,0.0,4909.0,0.0,0.0,0.18606732785701752
27,0.0,0.0,0.0,9818.0,0.0,0.0,0.13279414176940918
27,0.0,0.0,0.0,9466.0,0.0,0.0,0.08103015273809433
27,0.0,0.0,0.0,2781.0,1.0,1.0,0.13614004850387573
28,0.0,0.0,0.0,1786.0,1.0,1.0,0.21348197758197784
28,0.0,0.0,0.0,9565.0,0.0,0.0,0.10142575204372406
28,0.0,0.0,0.0,2429.0,1.0,1.0,0.1124250739812851
28,0.0,0.0,0.0,5611.0,0.0,0.0,0.201948344707489
28,0.0,0.0,0.0,5196.0,0.0,0.0,0.2399260252714157
28,0.0,0.0,0.0,2421.0,1.0,1.0,0.24258482456207275
28,0.0,0.0,0.0,3535.0,1.0,1.0,0.19757728278636932
28,0.0,0.0,0.0,1625.0,1.0,1.0,0.30259814858436584
28,0.0,0.0,0.0,4682.0,0.0,0.0,0.19893458485603333
28,0.0,0.0,0.0,2035.0,1.0,1.0,0.2308671623468399
28,0.0,0.0,0.0,7391.0,0.0,0.0,0.25389227271080017
28,0.0,0.0,0.0,10884.0,0.0,0.0,0.13206948339939117
28,0.0,0.0,0.0,9764.0,0.0,0.0,0.08029899001121521
28,0.0,0.0,0.0,12435.0,0.0,0.0,0.06218317151069641
28,0.0,0.0,0.0,12635.0,0.0,0.0,0.06222507730126381
28,0.0,0.0,0.0,12783.0,0.0,0.0,0.09080985933542252
28,0.0,0.0,0.0,1727.0,1.0,1.0,0.21616825461387634
28,0.0,0.0,0.0,1966.0,1.0,1.0,0.2443787306547165
28,0.0,0.0,0.0,3539.0,1.0,1.0,0.24163274466991425
28,0.0,0.0,0.0,5137.0,1.0,1.0,0.11094792932271957
28,0.0,0.0,0.0,9937.0,0.0,0.0,0.08829464763402939
28,0.0,0.0,0.0,6743.0,1.0,1.0,0.11301761120557785
28,0.0,0.0,0.0,4914.0,0.0,0.0,0.16373759508132935
28,0.0,0.0,0.0,5115.0,0.0,0.0,0.2177392691373825
28,0.0,0.0,0.0,579.0,1.0,1.0,0.3865504264831543
28,0.0,0.0,0.0,10371.0,0.0,0.0,0.1224726215004921
28,0.0,0.0,0.0,9749.0,0.0,0.0,0.10017943382263184
28,0.0,0.0,0.0,12720.0,0.0,0.0,0.08551718294620514
28,0.0,0.0,0.0,14755.0,0.0,0.0,0.05515875667333603
28,0.0,0.0,0.0,12217.0,0.0,0.0,0.06611903756856918
28,1.0,0.09234385493619879,275.0,2978.0,1.0,1.0,0.1201489046216011
28,1.0,0.19250114311842706,421.0,2187.0,1.0,1.0,0.2135033756494522
28,0.0,0.0,0.0,4979.0,0.0,0.0,0.1822984367609024
28,0.0,0.0,0.0,1992.0,1.0,1.0,0.23495450615882874
28,0.0,0.0,0.0,2873.0,1.0,1.0,0.22133217751979828
28,0.0,0.0,0.0,606.0,1.0,1.0,0.455156534910202
28,0.0,0.0,0.0,6535.0,0.0,0.0,0.21373571455478668
28,0.0,0.0,0.0,2585.0,1.0,1.0,0.23360510170459747
28,0.0,0.0,0.0,6478.0,0.0,0.0,0.1471908837556839
28,0.0,0.0,0.0,9378.0,0.0,0.0,0.08173653483390808
28,0.0,0.0,0.0,10808.0,0.0,0.0,0.0994177982211113
28,0.0,0.0,0.0,12757.0,0.0,0.0,0.06200329214334488
28,0.0,0.0,0.0,4081.0,1.0,1.0,0.07952514290809631
28,0.0,0.0,0.0,12840.0,0.0,0.0,0.07368198782205582
28,0.0,0.0,0.0,12337.0,0.0,0.0,0.06832621246576309
28,0.0,0.0,0.0,9849.0,1.0,1.0,0.06310170143842697
28,0.0,0.0,0.0,4244.0,1.0,1.0,0.09850860387086868
28,1.0,0.21441550575408844,354.0,1651.0,1.0,1.0,0.17921149730682373
28,0.0,0.0,0.0,2419.0,1.0,1.0,0.11153686791658401
28,0.0,0.0,0.0,9714.0,0.0,0.0,0.0913509801030159
28,0.0,0.0,0.0,4807.0,0.0,0.0,0.16135196387767792
28,0.0,0.0,0.0,5165.0,0.0,0.0,0.199112206697464
28,0.0,0.0,0.0,5546.0,0.0,0.0,0.23410317301750183
28,0.0,0.0,0.0,1686.0,1.0,1.0,0.206387460231781
28,0.0,0.0,0.0,1279.0,1.0,1.0,0.23575721681118011
28,0.0,0.0,0.0,3309.0,1.0,1.0,0.23886613547801971
28,0.0,0.0,0.0,6910.0,0.0,0.0,0.18449071049690247
28,0.0,0.0,0.0,11035.0,0.0,0.0,0.1035521999001503
28,0.0,0.0,0.0,10228.0,0.0,0.0,0.09700081497430801
28,0.0,0.0,0.0,12574.0,0.0,0.0,0.06524375826120377
28,0.0,0.0,0.0,3230.0,1.0,1.0,0.0909443274140358
28,0.0,0.0,0.0,14774.0,0.0,0.0,0.10890062153339386
28,0.0,0.0,0.0,9641.0,1.0,1.0,0.0678085908293724
28,1.0,0.21315529179030662,431.0,2022.0,1.0,1.0,0.2099953442811966
29,0.0,0.0,0.0,4592.0,0.0,0.0,0.1831805408000946
29,0.0,0.0,0.0,2169.0,1.0,1.0,0.16500703990459442
29,0.0,0.0,0.0,8700.0,0.0,0.0,0.10926543176174164
29,0.0,0.0,0.0,6985.0,0.0,0.0,0.18524156510829926
29,0.0,0.0,0.0,4127.0,1.0,1.0,0.16184239089488983
29,0.0,0.0,0.0,6125.0,1.0,1.0,0.1706613302230835
29,0.0,0.0,0.0,5074.0,0.0,0.0,0.1814461350440979
29,0.0,0.0,0.0,4289.0,1.0,1.0,0.19470325112342834
29,0.0,0.0,0.0,5008.0,0.0,0.0,0.18362835049629211
29,0.0,0.0,0.0,1614.0,1.0,1.0,0.3806264400482178
29,0.0,0.0,0.0,662.0,1.0,1.0,0.4401114284992218
29,0.0,0.0,0.0,705.0,1.0,1.0,0.4998973608016968
29,0.0,0.0,0.0,7687.0,0.0,0.0,0.11581838876008987
29,0.0,0.0,0.0,1784.0,1.0,1.0,0.19899135828018188
29,0.0,0.0,0.0,8957.0,0.0,0.0,0.13026833534240723
29,0.0,0.0,0.0,9288.0,1.0,1.0,0.11254081130027771
29,0.0,0.0,0.0,2393.0,1.0,1.0,0.21442149579524994
29,0.0,0.0,0.0,4903.0,0.0,0.0,0.22894778847694397
29,0.0,0.0,0.0,1733.0,1.0,1.0,0.26123201847076416
29,0.0,0.0,0.0,6816.0,0.0,0.0,0.13961711525917053
29,0.0,0.0,0.0,8456.0,1.0,1.0,0.11745136231184006
29,0.0,0.0,0.0,10204.0,0.0,0.0,0.11934822797775269
29,0.0,0.0,0.0,8130.0,0.0,0.0,0.10189168155193329
29,0.0,0.0,0.0,6883.0,0.0,0.0,0.1366889476776123
29,0.0,0.0,0.0,4414.0,1.0,1.0,0.16097533702850342
29,0.0,0.0,0.0,670.0,1.0,1.0,0.4795818328857422
29,0.0,0.0,0.0,680.0,1.0,1.0,0.5006245374679565
29,0.0,0.0,0.0,2485.0,1.0,1.0,0.19550356268882751
29,0.0,0.0,0.0,1743.0,1.0,1.0,0.21001850068569183
29,0.0,0.0,0.0,4304.0,1.0,1.0,0.1446450650691986
29,0.0,0.0,0.0,8840.0,0.0,0.0,0.11214156448841095
29,1.0,0.14359075646849695,727.0,5063.0,1.0,1.0,0.12136299908161163
29,0.0,0.0,0.0,7136.0,0.0,0.0,0.16680908203125
29,0.0,0.0,0.0,4217.0,1.0,1.0,0.14333350956439972
29,0.0,0.0,0.0,8382.0,0.0,0.0,0.12637749314308167
29,0.0,0.0,0.0,8145.0,0.0,0.0,0.07942565530538559
29,0.0,0.0,0.0,4049.0,1.0,1.0,0.1388208121061325
29,0.0,0.0,0.0,5235.0,0.0,0.0,0.23867453634738922
29,0.0,0.0,0.0,5246.0,0.0,0.0,0.22175703942775726
29,0.0,0.0,0.0,4958.0,0.0,0.0,0.1572071611881256
29,0.0,0.0,0.0,4761.0,0.0,0.0,0.17165575921535492
29,0.0,0.0,0.0,638.0,1.0,1.0,0.3891475200653076
29,0.0,0.0,0.0,1086.0,1.0,1.0,0.3031972646713257
29,0.0,0.0,0.0,2032.0,1.0,1.0,0.19432207942008972
29,0.0,0.0,0.0,8792.0,0.0,0.0,0.08531856536865234
29,0.0,0.0,0.0,9315.0,0.0,0.0,0.07190828770399094
29,1.0,0.1644649933949802,249.0,1514.0,1.0,1.0,0.2190878689289093
29,1.0,0.09656146961846444,205.0,2123.0,1.0,1.0,0.1799716055393219
29,0.0,0.0,0.0,1299.0,1.0,1.0,0.3123122453689575
29,0.0,0.0,0.0,4694.0,0.0,0.0,0.23927362263202667
29,0.0,0.0,0.0,4872.0,0.0,0.0,0.23470628261566162
29,0.0,0.0,0.0,4472.0,0.0,0.0,0.17943891882896423
29,0.0,0.0,0.0,3928.0,1.0,1.0,0.14668233692646027
29,0.0,0.0,0.0,8377.0,0.0,0.0,0.09868848323822021
29,0.0,0.0,0.0,2239.0,1.0,1.0,0.20141535997390747
29,0.0,0.0,0.0,7037.0,0.0,0.0,0.15715932846069336
29,0.0,0.0,0.0,5014.0,0.0,0.0,0.16552229225635529
29,0.0,0.0,0.0,628.0,1.0,1.0,0.3783362805843353
29,0.0,0.0,0.0,1970.0,1.0,1.0,0.21380290389060974
29,0.0,0.0,0.0,7290.0,0.0,0.0,0.12012122571468353
29,0.0,0.0,0.0,6647.0,0.0,0.0,0.11993616074323654
29,0.0,0.0,0.0,8803.0,0.0,0.0,0.1096295639872551
29,0.0,0.0,0.0,8974.0,0.0,0.0,0.14844688773155212
29,1.0,0.14993726474278546,239.0,1594.0,1.0,1.0,0.20448894798755646
30,0.0,0.0,0.0,8724.0,0.0,0.0,0.09388381987810135
30,0.0,0.0,0.0,9828.0,0.0,0.0,0.10754688829183578
30,0.0,0.0,0.0,8047.0,0.0,0.0,0.10988570749759674
30,0.0,0.0,0.0,4221.0,1.0,1.0,0.13873715698719025
30,0.0,0.0,0.0,8712.0,0.0,0.0,0.11727383732795715
30,0.0,0.0,0.0,1607.0,1.0,1.0,0.35228192806243896
30,0.0,0.0,0.0,2009.0,1.0,1.0,0.22960978746414185
30,0.0,0.0,0.0,2537.0,1.0,1.0,0.21355558931827545
30,0.0,0.0,0.0,1355.0,1.0,1.0,0.24942897260189056
30,0.0,0.0,0.0,6529.0,1.0,1.0,0.10871715843677521
30,0.0,0.0,0.0,2595.0,1.0,1.0,0.23484909534454346
30,0.0,0.0,0.0,1604.0,1.0,1.0,0.25044938921928406
30,0.0,0.0,0.0,1001.0,1.0,1.0,0.27133995294570923
30,0.0,0.0,0.0,3274.0,1.0,1.0,0.1931292563676834
30,0.0,0.0,0.0,7236.0,0.0,0.0,0.11174538731575012
30,0.0,0.0,0.0,7828.0,0.0,0.0,0.12340155243873596
30,0.0,0.0,0.0,9803.0,0.0,0.0,0.11729280650615692
30,0.0,0.0,0.0,6847.0,1.0,1.0,0.10606449097394943
30,0.0,0.0,0.0,8402.0,0.0,0.0,0.10873908549547195
30,0.0,0.0,0.0,8356.0,0.0,0.0,0.10945223271846771
30,0.0,0.0,0.0,1368.0,1.0,1.0,0.317780464887619
30,0.0,0.0,0.0,1324.0,1.0,1.0,0.2719438374042511
30,0.0,0.0,0.0,1715.0,1.0,1.0,0.2493019998073578
30,0.0,0.0,0.0,3144.0,1.0,1.0,0.20037662982940674
30,0.0,0.0,0.0,3047.0,1.0,1.0,0.16057626903057098
30,0.0,0.0,0.0,5093.0,1.0,1.0,0.1310177743434906
30,0.0,0.0,0.0,9614.0,0.0,0.0,0.11405371874570847
30,0.0,0.0,0.0,7725.0,1.0,1.0,0.11514338850975037
30,0.0,0.0,0.0,4963.0,0.0,0.0,0.24348415434360504
30,1.0,0.09656146961846444,205.0,2123.0,1.0,1.0,0.18047554790973663
30,1.0,0.23137771918259722,351.0,1517.0,1.0,1.0,0.2939125895500183
30,1.0,0.17629629629629628,357.0,2025.0,1.0,1.0,0.19372139871120453
30,0.0,0.0,0.0,9564.0,0.0,0.0,0.10117913037538528
30,0.0,0.0,0.0,8693.0,0.0,0.0,0.07690852135419846
30,0.0,0.0,0.0,1650.0,1.0,1.0,0.17290562391281128
30,0.0,0.0,0.0,1705.0,1.0,1.0,0.25043973326683044
30,0.0,0.0,0.0,1380.0,1.0,1.0,0.32205572724342346
30,0.0,0.0,0.0,644.0,1.0,1.0,0.433403879404068
30,0.0,0.0,0.0,5286.0,0.0,0.0,0.22981853783130646
30,0.0,0.0,0.0,3345.0,1.0,1.0,0.23305749893188477
30,0.0,0.0,0.0,1506.0,1.0,1.0,0.238694429397583
30,0.0,0.0,0.0,2478.0,1.0,1.0,0.20368409156799316
30,0.0,0.0,0.0,4859.0,1.0,1.0,0.08596369624137878
30,0.0,0.0,0.0,9946.0,0.0,0.0,0.09537042677402496
30,0.0,0.0,0.0,7958.0,0.0,0.0,0.14839783310890198
30,0.0,0.0,0.0,7493.0,0.0,0.0,0.11446457356214523
30,0.0,0.0,0.0,7763.0,0.0,0.0,0.10521185398101807
30,1.0,0.11922398589065256,338.0,2835.0,1.0,1.0,0.14156875014305115
30,0.0,0.0,0.0,9375.0,0.0,0.0,0.10547491163015366
30,0.0,0.0,0.0,8375.0,0.0,0.0,0.02247338928282261
30,0.0,0.0,0.0,3608.0,0.0,0.0,0.29586324095726013
30,0.0,0.0,0.0,3790.0,0.0,0.0,0.29531052708625793
30,0.0,0.0,0.0,1663.0,1.0,1.0,0.29552987217903137
30,0.0,0.0,0.0,1602.0,1.0,1.0,0.23241989314556122
30,0.0,0.0,0.0,2449.0,1.0,1.0,0.19464637339115143
30,0.0,0.0,0.0,2920.0,1.0,1.0,0.22174060344696045
30,0.0,0.0,0.0,9958.0,0.0,0.0,0.09808669239282608
30,0.0,0.0,0.0,6645.0,1.0,1.0,0.12583714723587036
30,0.0,0.0,0.0,1369.0,1.0,1.0,0.3098805844783783
30,0.0,0.0,0.0,1018.0,1.0,1.0,0.27867886424064636
30,0.0,0.0,0.0,1748.0,1.0,1.0,0.21882112324237823
30,0.0,0.0,0.0,7929.0,0.0,0.0,0.14198438823223114
30,0.0,0.0,0.0,7127.0,0.0,0.0,0.14611434936523438
30,0.0,0.0,0.0,7671.0,0.0,0.0,0.1586114913225174
31,0.0,0.0,0.0,1308.0,1.0,1.0,0.2668572664260864
31,0.0,0.0,0.0,8367.0,0.0,0.0,0.08924031257629395
31,0.0,0.0,0.0,4067.0,1.0,1.0,0.22111785411834717
31,0.0,0.0,0.0,2992.0,1.0,1.0,0.29367220401763916
31,0.0,0.0,0.0,1884.0,1.0,1.0,0.22488953173160553
31,0.0,0.0,0.0,8621.0,0.0,0.0,0.13900554180145264
31,0.0,0.0,0.0,15980.0,0.0,0.0,0.13464128971099854
31,0.0,0.0,0.0,9613.0,0.0,0.0,0.12773410975933075
31,0.0,0.0,0.0,7579.0,0.0,0.0,0.10466116666793823
31,0.0,0.0,0.0,7682.0,0.0,0.0,0.1314552277326584
31,0.0,0.0,0.0,4980.0,0.0,0.0,0.15933752059936523
31,0.0,0.0,0.0,5231.0,0.0,0.0,0.1509837806224823
31,0.0,0.0,0.0,5664.0,0.0,0.0,0.1763327717781067
31,0.0,0.0,0.0,5964.0,0.0,0.0,0.1741272211074829
31,1.0,0.11351122405760271,268.0,2361.0,1.0,1.0,0.1504470854997635
31,1.0,0.09941912421805184,445.0,4476.0,1.0,1.0,0.10960248857736588
31,0.0,0.0,0.0,5059.0,0.0,0.0,0.20202335715293884
31,0.0,0.0,0.0,3443.0,1.0,1.0,0.12458683550357819
31,0.0,0.0,0.0,2016.0,1.0,1.0,0.16792486608028412
31,0.0,0.0,0.0,4414.0,0.0,0.0,0.1941097378730774
31,0.0,0.0,0.0,8427.0,0.0,0.0,0.08597342669963837
31,0.0,0.0,0.0,8278.0,0.0,0.0,0.09286662191152573
31,0.0,0.0,0.0,8891.0,1.0,1.0,0.10455518960952759
31,0.0,0.0,0.0,9711.0,0.0,0.0,0.09011165052652359
31,0.0,0.0,0.0,10050.0,0.0,0.0,0.1545592099428177
31,0.0,0.0,0.0,7657.0,0.0,0.0,0.10528352856636047
31,0.0,0.0,0.0,5367.0,0.0,0.0,0.19585737586021423
31,0.0,0.0,0.0,4935.0,1.0,1.0,0.17808569967746735
31,0.0,0.0,0.0,5876.0,0.0,0.0,0.15996670722961426
31,0.0,0.0,0.0,6462.0,0.0,0.0,0.1615329086780548
31,1.0,0.17991913746630728,534.0,2968.0,1.0,1.0,0.16434526443481445
31,1.0,0.1958762886597938,266.0,1358.0,1.0,1.0,0.21902427077293396
31,0.0,0.0,0.0,2229.0,1.0,1.0,0.23018331825733185
31,0.0,0.0,0.0,5733.0,0.0,0.0,0.24619050323963165
31,0.0,0.0,0.0,8628.0,0.0,0.0,0.14539436995983124
31,0.0,0.0,0.0,4838.0,0.0,0.0,0.18132677674293518
31,0.0,0.0,0.0,4006.0,0.0,0.0,0.2159854918718338
31,0.0,0.0,0.0,3918.0,1.0,1.0,0.13631708920001984
31,0.0,0.0,0.0,8969.0,0.0,0.0,0.10257382690906525
31,0.0,0.0,0.0,9897.0,0.0,0.0,0.1017412468791008
31,0.0,0.0,0.0,9763.0,0.0,0.0,0.0810261219739914
31,0.0,0.0,0.0,1426.0,1.0,1.0,0.1671445369720459
31,0.0,0.0,0.0,7941.0,0.0,0.0,0.13711626827716827
31,0.0,0.0,0.0,7679.0,0.0,0.0,0.10155706107616425
31,0.0,0.0,0.0,5604.0,0.0,0.0,0.2126958668231964
31,0.0,0.0,0.0,5088.0,0.0,0.0,0.1751650869846344
31,0.0,0.0,0.0,2803.0,1.0,1.0,0.32462266087532043
31,0.0,0.0,0.0,6278.0,0.0,0.0,0.16410815715789795
31,0.0,0.0,0.0,4089.0,1.0,1.0,0.19571316242218018
31,0.0,0.0,0.0,3262.0,1.0,1.0,0.19892938435077667
31,0.0,0.0,0.0,8658.0,0.0,0.0,0.11473336070775986
31,0.0,0.0,0.0,2017.0,1.0,1.0,0.16285644471645355
31,0.0,0.0,0.0,1742.0,1.0,1.0,0.2086191028356552
31,0.0,0.0,0.0,2534.0,1.0,1.0,0.15336260199546814
31,0.0,0.0,0.0,4552.0,0.0,0.0,0.2518640458583832
31,0.0,0.0,0.0,9837.0,0.0,0.0,0.09717275947332382
31,0.0,0.0,0.0,9693.0,0.0,0.0,0.10615658015012741
31,0.0,0.0,0.0,9569.0,0.0,0.0,0.09379856288433075
31,0.0,0.0,0.0,8283.0,0.0,0.0,0.20266664028167725
31,0.0,0.0,0.0,7641.0,0.0,0.0,0.12303134799003601
31,0.0,0.0,0.0,5612.0,0.0,0.0,0.15251000225543976
31,0.0,0.0,0.0,5056.0,0.0,0.0,0.13404157757759094
31,0.0,0.0,0.0,6268.0,0.0,0.0,0.14893312752246857
31,0.0,0.0,0.0,5912.0,0.0,0.0,0.16085952520370483
32,0.0,0.0,0.0,5168.0,0.0,0.0,0.24605369567871094
32,0.0,0.0,0.0,4827.0,0.0,0.0,0.21027307212352753
32,0.0,0.0,0.0,4539.0,0.0,0.0,0.1994239240884781
32,0.0,0.0,0.0,4186.0,0.0,0.0,0.24107788503170013
32,0.0,0.0,0.0,7143.0,0.0,0.0,0.08835580199956894
32,0.0,0.0,0.0,666.0,1.0,1.0,0.4030931293964386
32,0.0,0.0,0.0,3138.0,1.0,1.0,0.3057183623313904
32,0.0,0.0,0.0,9785.0,0.0,0.0,0.1360556185245514
32,0.0,0.0,0.0,7771.0,0.0,0.0,0.1220376268029213
32,0.0,0.0,0.0,1749.0,1.0,1.0,0.1836419254541397
32,0.0,0.0,0.0,8011.0,0.0,0.0,0.14680276811122894
32,0.0,0.0,0.0,10562.0,1.0,1.0,0.06490930914878845
32,0.0,0.0,0.0,12742.0,0.0,0.0,0.07966034859418869
32,0.0,0.0,0.0,4974.0,0.0,0.0,0.19675742089748383
32,0.0,0.0,0.0,2607.0,1.0,1.0,0.20733502507209778
32,0.0,0.0,0.0,1486.0,1.0,1.0,0.2568618953227997
32,0.0,0.0,0.0,5900.0,0.0,0.0,0.2900271415710449
32,0.0,0.0,0.0,5200.0,0.0,0.0,0.2050730586051941
32,0.0,0.0,0.0,3962.0,0.0,0.0,0.19785891473293304
32,0.0,0.0,0.0,4391.0,0.0,0.0,0.29437699913978577
32,0.0,0.0,0.0,2496.0,1.0,1.0,0.17329995334148407
32,0.0,0.0,0.0,4725.0,0.0,0.0,0.2599063813686371
32,0.0,0.0,0.0,900.0,1.0,1.0,0.3993711471557617
32,0.0,0.0,0.0,1829.0,1.0,1.0,0.24912519752979279
32,0.0,0.0,0.0,9776.0,0.0,0.0,0.1232718825340271
32,0.0,0.0,0.0,8004.0,0.0,0.0,0.12740448117256165
32,0.0,0.0,0.0,12892.0,0.0,0.0,0.06909538805484772
32,0.0,0.0,0.0,2243.0,1.0,1.0,0.09197719395160675
32,0.0,0.0,0.0,12555.0,0.0,0.0,0.07437742501497269
32,0.0,0.0,0.0,1473.0,1.0,1.0,0.15162307024002075
32,0.0,0.0,0.0,5102.0,0.0,0.0,0.1985735446214676
32,1.0,0.12398958761474174,905.0,7299.0,1.0,1.0,0.08110983669757843
32,0.0,0.0,0.0,3378.0,1.0,1.0,0.16585147380828857
32,0.0,0.0,0.0,4861.0,0.0,0.0,0.27025526762008667
32,0.0,0.0,0.0,5147.0,1.0,1.0,0.13128407299518585
32,0.0,0.0,0.0,951.0,1.0,1.0,0.20007029175758362
32,0.0,0.0,0.0,4807.0,1.0,1.0,0.12337123602628708
32,0.0,0.0,0.0,10151.0,0.0,0.0,0.12408274412155151
32,0.0,0.0,0.0,10622.0,0.0,0.0,0.09745901823043823
32,0.0,0.0,0.0,9191.0,0.0,0.0,0.027113618329167366
32,0.0,0.0,0.0,7863.0,0.0,0.0,0.1404293030500412
32,0.0,0.0,0.0,6892.0,1.0,1.0,0.10762619972229004
32,0.0,0.0,0.0,1995.0,1.0,1.0,0.18018916249275208
32,0.0,0.0,0.0,12784.0,0.0,0.0,0.0750107541680336
32,0.0,0.0,0.0,2935.0,1.0,1.0,0.18417124450206757
32,0.0,0.0,0.0,2242.0,1.0,1.0,0.19979237020015717
32,1.0,0.24108352144469525,1068.0,4430.0,1.0,1.0,0.20692916214466095
32,1.0,0.18549346016646848,156.0,841.0,1.0,1.0,0.2947777509689331
32,0.0,0.0,0.0,2551.0,1.0,1.0,0.2333439290523529
32,0.0,0.0,0.0,5304.0,0.0,0.0,0.28568360209465027
32,0.0,0.0,0.0,4346.0,0.0,0.0,0.19165413081645966
32,0.0,0.0,0.0,4082.0,0.0,0.0,0.2137717604637146
32,0.0,0.0,0.0,2089.0,1.0,1.0,0.18293513357639313
32,0.0,0.0,0.0,7303.0,0.0,0.0,0.10717345774173737
32,0.0,0.0,0.0,657.0,1.0,1.0,0.40479961037635803
32,0.0,0.0,0.0,1634.0,1.0,1.0,0.277206689119339
32,0.0,0.0,0.0,10002.0,0.0,0.0,0.09035272896289825
32,0.0,0.0,0.0,10212.0,0.0,0.0,0.10386636853218079
32,0.0,0.0,0.0,9700.0,0.0,0.0,0.08673261851072311
32,0.0,0.0,0.0,6197.0,1.0,1.0,0.1498335301876068
32,0.0,0.0,0.0,12755.0,0.0,0.0,0.095183826982975
32,0.0,0.0,0.0,4645.0,0.0,0.0,0.13119922578334808
32,0.0,0.0,0.0,5136.0,0.0,0.0,0.20710992813110352
32,1.0,0.17931521355453583,508.0,2833.0,1.0,1.0,0.17349106073379517
33,0.0,0.0,0.0,4347.0,0.0,0.0,0.22765253484249115
33,0.0,0.0,0.0,542.0,1.0,1.0,0.3095043897628784
33,0.0,0.0,0.0,868.0,1.0,1.0,0.296356201171875
33,0.0,0.0,0.0,1037.0,1.0,1.0,0.2650738060474396
33,0.0,0.0,0.0,1807.0,1.0,1.0,0.32904428243637085
33,0.0,0.0,0.0,3944.0,0.0,0.0,0.25697803497314453
33,0.0,0.0,0.0,2563.0,1.0,1.0,0.24372445046901703
33,0.0,0.0,0.0,4847.0,1.0,1.0,0.21178415417671204
33,0.0,0.0,0.0,5095.0,0.0,0.0,0.20034481585025787
33,0.0,0.0,0.0,8868.0,0.0,0.0,0.1087847575545311
33,0.0,0.0,0.0,8625.0,0.0,0.0,0.09558767080307007
33,0.0,0.0,0.0,4430.0,1.0,1.0,0.1329149603843689
33,0.0,0.0,0.0,1266.0,1.0,1.0,0.20493975281715393
33,0.0,0.0,0.0,5166.0,0.0,0.0,0.2353881448507309
33,0.0,0.0,0.0,2248.0,1.0,1.0,0.28620442748069763
33,0.0,0.0,0.0,711.0,1.0,1.0,0.3244900703430176
33,0.0,0.0,0.0,4553.0,0.0,0.0,0.24057133495807648
33,0.0,0.0,0.0,4668.0,0.0,0.0,0.2848277986049652
33,0.0,0.0,0.0,1632.0,1.0,1.0,0.2643466293811798
33,0.0,0.0,0.0,4181.0,1.0,1.0,0.2518649995326996
33,0.0,0.0,0.0,899.0,1.0,1.0,0.2979225814342499
33,0.0,0.0,0.0,454.0,1.0,1.0,0.3620118200778961
33,0.0,0.0,0.0,674.0,1.0,1.0,0.4023039937019348
33,0.0,0.0,0.0,4938.0,0.0,0.0,0.25244253873825073
33,0.0,0.0,0.0,8878.0,0.0,0.0,0.11735817790031433
33,0.0,0.0,0.0,8337.0,0.0,0.0,0.10801141709089279
33,0.0,0.0,0.0,7412.0,0.0,0.0,0.17140862345695496
33,0.0,0.0,0.0,910.0,1.0,1.0,0.29639720916748047
33,0.0,0.0,0.0,2534.0,1.0,1.0,0.22302940487861633
33,0.0,0.0,0.0,2069.0,1.0,1.0,0.20883873105049133
33,0.0,0.0,0.0,3219.0,1.0,1.0,0.18259672820568085
33,0.0,0.0,0.0,1048.0,1.0,1.0,0.24910509586334229
33,0.0,0.0,0.0,4557.0,0.0,0.0,0.27358606457710266
33,0.0,0.0,0.0,939.0,1.0,1.0,0.3679959177970886
33,0.0,0.0,0.0,453.0,1.0,1.0,0.37313857674598694
33,0.0,0.0,0.0,4933.0,0.0,0.0,0.21615052223205566
33,0.0,0.0,0.0,8598.0,0.0,0.0,0.13757038116455078
33,0.0,0.0,0.0,8976.0,0.0,0.0,0.1070655807852745
33,0.0,0.0,0.0,826.0,1.0,1.0,0.24791789054870605
33,0.0,0.0,0.0,2010.0,1.0,1.0,0.19717371463775635
33,0.0,0.0,0.0,1987.0,1.0,1.0,0.2004697024822235
33,0.0,0.0,0.0,5053.0,0.0,0.0,0.21631519496440887
33,0.0,0.0,0.0,5225.0,0.0,0.0,0.2024804651737213
33,0.0,0.0,0.0,3104.0,1.0,1.0,0.22276552021503448
33,0.0,0.0,0.0,1097.0,1.0,1.0,0.28068023920059204
33,1.0,0.24108352144469525,1068.0,4430.0,1.0,1.0,0.2074454128742218
33,1.0,0.2277526395173454,151.0,663.0,1.0,1.0,0.2929461896419525
33,1.0,0.2336231884057971,806.0,3450.0,1.0,1.0,0.212857186794281
33,0.0,0.0,0.0,4497.0,1.0,1.0,0.25666436553001404
33,0.0,0.0,0.0,1744.0,1.0,1.0,0.22666014730930328
33,0.0,0.0,0.0,5205.0,0.0,0.0,0.2159515768289566
33,0.0,0.0,0.0,4432.0,0.0,0.0,0.23733510076999664
33,0.0,0.0,0.0,574.0,1.0,1.0,0.5322237014770508
33,0.0,0.0,0.0,5122.0,0.0,0.0,0.2237851917743683
33,0.0,0.0,0.0,4691.0,0.0,0.0,0.16709911823272705
33,0.0,0.0,0.0,9034.0,0.0,0.0,0.12467136979103088
33,0.0,0.0,0.0,8705.0,1.0,1.0,0.11172135174274445
33,0.0,0.0,0.0,2454.0,1.0,1.0,0.16045841574668884
33,0.0,0.0,0.0,2511.0,1.0,1.0,0.17023539543151855
33,0.0,0.0,0.0,562.0,1.0,1.0,0.3581571578979492
33,0.0,0.0,0.0,3645.0,1.0,1.0,0.20512042939662933
33,0.0,0.0,0.0,792.0,1.0,1.0,0.37736961245536804
33,0.0,0.0,0.0,1026.0,1.0,1.0,0.40358901023864746
33,1.0,0.16679076693968728,224.0,1343.0,1.0,1.0,0.23450374603271484
34,0.0,0.0,0.0,10375.0,0.0,0.0,0.09745284169912338
34,0.0,0.0,0.0,7803.0,1.0,1.0,0.1004072055220604
34,0.0,0.0,0.0,5042.0,0.0,0.0,0.18216288089752197
34,0.0,0.0,0.0,5441.0,0.0,0.0,0.19008156657218933
34,0.0,0.0,0.0,4573.0,0.0,0.0,0.15957021713256836
34,0.0,0.0,0.0,974.0,1.0,1.0,0.4268406629562378
34,0.0,0.0,0.0,3626.0,1.0,1.0,0.23879845440387726
34,0.0,0.0,0.0,1681.0,1.0,1.0,0.22001031041145325
34,0.0,0.0,0.0,2192.0,1.0,1.0,0.13697144389152527
34,0.0,0.0,0.0,2165.0,1.0,1.0,0.16578970849514008
34,0.0,0.0,0.0,6563.0,0.0,0.0,0.13579118251800537
34,0.0,0.0,0.0,10096.0,0.0,0.0,0.09630740433931351
34,0.0,0.0,0.0,9592.0,0.0,0.0,0.0752030462026596
34,0.0,0.0,0.0,9411.0,0.0,0.0,0.10934823751449585
34,0.0,0.0,0.0,9293.0,0.0,0.0,0.12978492677211761
34,1.0,0.09234385493619879,275.0,2978.0,1.0,1.0,0.12139773368835449
34,0.0,0.0,0.0,3834.0,1.0,1.0,0.1446448266506195
34,0.0,0.0,0.0,9953.0,0.0,0.0,0.09050876647233963
34,0.0,0.0,0.0,5112.0,0.0,0.0,0.19035598635673523
34,0.0,0.0,0.0,2799.0,1.0,1.0,0.32414501905441284
34,0.0,0.0,0.0,1398.0,1.0,1.0,0.2744233310222626
34,0.0,0.0,0.0,4750.0,0.0,0.0,0.20336700975894928
34,0.0,0.0,0.0,4884.0,0.0,0.0,0.24998849630355835
34,0.0,0.0,0.0,2646.0,1.0,1.0,0.21041512489318848
34,0.0,0.0,0.0,7845.0,1.0,1.0,0.17041045427322388
34,0.0,0.0,0.0,6484.0,0.0,0.0,0.12416452169418335
34,0.0,0.0,0.0,2119.0,1.0,1.0,0.15251317620277405
34,0.0,0.0,0.0,10114.0,0.0,0.0,0.0941259041428566
34,0.0,0.0,0.0,9575.0,0.0,0.0,0.10103730112314224
34,0.0,0.0,0.0,9445.0,0.0,0.0,0.10657358169555664
34,0.0,0.0,0.0,9323.0,0.0,0.0,0.10050365328788757
34,1.0,0.2641638225255973,387.0,1465.0,1.0,1.0,0.30973049998283386
34,0.0,0.0,0.0,9908.0,0.0,0.0,0.1055992990732193
34,0.0,0.0,0.0,4804.0,0.0,0.0,0.1796409785747528
34,0.0,0.0,0.0,4914.0,0.0,0.0,0.21431010961532593
34,0.0,0.0,0.0,897.0,1.0,1.0,0.5850037932395935
34,0.0,0.0,0.0,1993.0,1.0,1.0,0.24666890501976013
34,0.0,0.0,0.0,4495.0,1.0,1.0,0.1919717937707901
34,0.0,0.0,0.0,2166.0,1.0,1.0,0.1303647756576538
34,0.0,0.0,0.0,8724.0,0.0,0.0,0.11534032970666885
34,0.0,0.0,0.0,6310.0,0.0,0.0,0.1396457999944687
34,0.0,0.0,0.0,7050.0,0.0,0.0,0.1559709757566452
34,0.0,0.0,0.0,2472.0,1.0,1.0,0.14558982849121094
34,0.0,0.0,0.0,10570.0,0.0,0.0,0.1154911071062088
34,0.0,0.0,0.0,5497.0,1.0,1.0,0.12665031850337982
34,0.0,0.0,0.0,9718.0,0.0,0.0,0.11604645103216171
34,0.0,0.0,0.0,9387.0,0.0,0.0,0.11110566556453705
34,1.0,0.21681260945709283,619.0,2855.0,1.0,1.0,0.21831580996513367
34,0.0,0.0,0.0,4506.0,1.0,1.0,0.11202315241098404
34,0.0,0.0,0.0,9768.0,0.0,0.0,0.041047193109989166
34,0.0,0.0,0.0,6385.0,0.0,0.0,0.3072890639305115
34,0.0,0.0,0.0,540.0,1.0,1.0,0.41906285285949707
34,0.0,0.0,0.0,2662.0,1.0,1.0,0.28095316886901855
34,0.0,0.0,0.0,2004.0,1.0,1.0,0.2922114133834839
34,0.0,0.0,0.0,2512.0,1.0,1.0,0.1520281434059143
34,0.0,0.0,0.0,8562.0,0.0,0.0,0.08015341311693192
34,0.0,0.0,0.0,8514.0,0.0,0.0,0.13624946773052216
34,0.0,0.0,0.0,3023.0,1.0,1.0,0.13009966909885406
34,0.0,0.0,0.0,6217.0,0.0,0.0,0.15382428467273712
34,0.0,0.0,0.0,9868.0,0.0,0.0,0.08157248049974442
34,0.0,0.0,0.0,4725.0,1.0,1.0,0.10340124368667603
34,0.0,0.0,0.0,10168.0,0.0,0.0,0.09594657272100449
34,0.0,0.0,0.0,9585.0,0.0,0.0,0.12363411486148834
34,1.0,0.19250114311842706,421.0,2187.0,1.0,1.0,0.2152136266231537
