dr3_step/dual_lambda_last,dr3/ess_window_len,dr3/step_buf_pushed_off_sum,dr3/sync_bs_sum,dr3/w_mean,diag/group_gap_count,dr3_diag/adv/off/mean,critic/rewards_onpolicy/count,critic/rewards_sum/max,grad_dir/proj/abs_mean_on,dr3/step_dual_lambda_last,diag/teacher_adv_pos_ratio,dr3/alpha_mode,dr3/buf_size,diag/reward_onpolicy_mean,dr3/buf_pushed_on,val-aux/alfworld/reward/best@4/std,dr3/apply_ready,val-aux/alfworld/reward/worst@94/mean,dr3/disc_age_weight_max,val-aux/alfworld/reward/best@16/mean,dr3/bcast_rank,critic/rewards/mean,actor/self_off_pg_loss,exp_mask_ratio,val-aux/alfworld/reward/worst@64/mean,grad_dir/flat/norm_teacher,diag/entropy_onpolicy_token_std,diag/group_teacher_minus_on_reward_std,timing_s/update_actor,dr3_diag/ratio/off/min,dr3/disc_age_weight_decay,dr3/w_clipfrac_off,val-aux/alfworld/reward/mean@2,grad_dir/proj/abs_mean_teacher,dr3/teacher_samples_micro,critic/returns/max,dr3/disc_acc,dr3/gap_gate_min,dr3_step/disc_trained_steps_sum,dr3/w_clip_upper,actor/self_off_pg_cliphit_rate,grad_dir/flat/dot,dr3/sync_has_both_classes,diag/teacher_gap_used_p90,global_seqlen/balanced_max,dr3_diag/adv/off/std,val-aux/alfworld/reward/worst@32/std,response_length/min,exp_replay_diag/adv/on/std,prompt_length/clip_ratio,critic/rewards_teacher/max,critic/rewards_last/min,teacher_diag/adv/teacher/p99,val-aux/alfworld/reward/best@3/mean,val-aux/alfworld/reward/worst@3/std,val-aux/alfworld/reward/best@32/mean,training/global_step,exp_replay_diag/adv/on/max,dr3/sync_world_size,timing_per_token_ms/ref,teacher_diag/teacher_ratio/max,actor/on_pg_cliphit_rate,timing_per_token_ms/adv,dr3/step_buf_size_last,dr3/buf_pushed_off,timing_s/gen,global_seqlen/max,dr3/buf_pushed,prompt_length/min,dr3/gap_gate_max,teacher_diag/adv/self_off/count,teacher_diag/teacher_ratio/std,global_seqlen/mean,val-core/alfworld/reward/best@94/mean,val-aux/alfworld/reward/worst@16/std,dr3/dual_lambda,dr3/bcast_enabled,dr3/w_off_max,dr3/bcast_happened,dr3_step/buf_pushed_sum,grad_dir/flat/vec_dim,critic/score/max,diag/group_all_reward_mean,grad_dir/proj/norm_teacher,prompt_length/mean,actor/on_pg_clipfrac,dr3/ratio_shaping_beta,critic/score/mean,dr3_diag/ratio/on/count,actor/off_pg_cliphit_rate,dr3_diag/ratio/off/mean,diag/adv_teacher_token_mean,grad_dir/flat/valid,dr3_diag/ratio/off/std,teacher_diag/adv/onpolicy/count,dr3_step/buf_pushed_off_sum,critic/rewards_last/max,val-aux/alfworld/reward/worst@2/mean,perf/cpu_memory_used_gb,dr3/w_std,grad_dir/proj/dot,dr3/sync_bs_max,timing_s/adv,dr3/step_buf_pushed_on_sum,val-aux/alfworld/reward/std@2,grad_dir/ln/norm_teacher,val-aux/alfworld/reward/worst@16/mean,timing_per_token_ms/update_actor,timing_per_token_ms/gen,grad_dir/ln/cos,teacher_diag/adv/teacher/mean,teacher_diag/teacher_ratio/count,diag/entropy_teacher_token_mean,dr3/ratio_shaping_enabled,actor/entropy_loss,exp_replay_diag/adv/on/mean,response_length/clip_ratio,exp_replay_diag/adv/on/count,actor/kl_coef,training/epoch,_step,dr3/ratio_shaping_auto_acc_min,diag/llm_token_ratio_in_response,dr3_diag/ratio/off/count,critic/rewards_onpolicy/min,val-aux/alfworld/reward/best@4/mean,timing_s/reward,grad_dir/flat/layer_min,perf/max_memory_allocated_gb,dr3/teacher_ratio_micro,critic/rewards_teacher/mean,dr3/gap_gate_enabled,dr3/sync_batch,val-aux/alfworld/reward/std@94,diag/teacher_gate_level,critic/score/min,grad_dir/flat/abs_mean_teacher,global_seqlen/balanced_min,diag/exp_token_ratio,grad_dir/ln/param_count,critic/rewards_teacher/min,actor/off_pg_loss,actor/grad_norm,dr3/sync_on_count,val-aux/alfworld/reward/worst@64/std,actor/kl_loss,dr3/ratio_shaping_auto_buf_min,diag/onpolicy_adv_pos_ratio,grad_dir/proj/param_count,response_length/max,dr3/disc_age_mean,diag/teacher_gap_used_max,teacher_diag/teacher_ratio/p90,teacher_diag/adv/teacher/p90,diag/offpolicy_sample_ratio,exp_replay_diag/importance_ratio/off/count,diag/entropy_onpolicy_token_mean,timing_s/dump_rollout_generations,diag/teacher_token_ratio,exp_replay_diag/adv/off/count,grad_dir/proj/norm_on,val-aux/alfworld/reward/mean@1,val-aux/alfworld/reward/worst@8/std,exp_replay/entropy_llm_offpolicy_mean,luffy/tasks_without_teacher,dr3/bcast_world_size,teacher_diag/self_off_ratio/count,diag/entropy_offpolicy_token_mean,grad_dir/ln/abs_mean_teacher,perf/time_per_step,dr3/alpha,teacher_diag/adv/teacher/std,dr3/disc_loss,dr3/step_calls,dr3/on_samples_micro,diag/teacher_loss_scale_max,grad_dir/missing_reason,grad_dir/ln/abs_mean_on,actor/ppo_kl,actor/teacher_off_pg_loss,dr3/apply_warmup_steps,diag/teacher_llm_token_ratio,val-aux/alfworld/reward/worst@3/mean,perf/throughput,luffy/onpolicy_replaced_by_teacher,dr3/apply_min_buf_size,dr3_step/buf_size_last,critic/rewards_last/mean,actor/teacher_off_pg_cliphit_rate,_runtime,diag/teacher_loss_scale_min,dr3_step/buf_size_max,diag/adv_onpolicy_sample_mean,grad_dir/proj/valid,dr3_diag/adv/off/count,diag/teacher_sample_ratio,val-aux/alfworld/reward/best@16/std,timing_s/ref,val-aux/alfworld/reward/worst@2/std,val-aux/alfworld/reward/worst@8/mean,critic/advantages/max,dr3/ratio_shaping_mode,actor/pg_loss,timing_s/old_log_prob,dr3/sync_shape_ok,dr3/sync_enabled,teacher_diag/teacher_ratio/mean,dr3_step/calls,dr3/disc_age_weight_min,grad_dir/flat/norm_on,perf/total_num_tokens,dr3_step/buf_pushed_on_sum,diag/teacher_gap_used,dr3/step_ess_off_window_last,grad_dir/flat/layer_count,grad_dir/flat/param_count,critic/rewards_sum/min,grad_dir/recorded,perf/max_memory_reserved_gb,dr3/disc_train_ready,dr3/step_buf_pushed_sum,dr3/sync_skipped_shape_mismatch,dr3_step/teacher_micro,dr3/sync_off_count,dr3_step/on_micro,dr3/w_off_std,exp_replay/entropy_llm_mean,teacher_diag/teacher_ratio/p50,dr3/gap_gate_mean,val-aux/alfworld/reward/best@8/std,critic/returns/min,grad_dir/proj/cos,diag/group_teacher_minus_on_reward_mean,val-core/alfworld/reward/best@94/std,critic/advantages/mean,dr3/alpha_raw,teacher_diag/adv/teacher/min,val-aux/alfworld/reward/worst@4/std,teacher_diag/teacher_ratio/p99,grad_dir/ln/dot,dr3/ratio_shaping_steps,dr3_diag/adv/off/max,response_length/mean,grad_dir/ln/vec_dim,exp_replay_diag/adv/on/min,teacher_diag/teacher_ratio/min,exp_replay_diag/adv/on/p90,dr3/global_step,critic/returns/mean,val-core/alfworld/reward/mean@94,critic/rewards/min,dr3/sync_rank,global_seqlen/min,critic/rewards/max,grad_dir/flat/cos,val-aux/alfworld/reward/best@64/std,grad_dir/teacher_samples_global,luffy/total_teacher_rollouts,val-aux/alfworld/reward/best@32/std,timing_s/step,dr3_diag/adv/off/min,dr3_diag/adv/on/count,dr3/w_off_mean,val-aux/alfworld/reward/best@3/std,val-aux/alfworld/reward/worst@4/mean,val-aux/alfworld/reward/best@2/std,exp_replay/entropy_llm_onpolicy_mean,luffy/total_onpolicy_kept,grad_dir/ln/norm_on,global_seqlen/minmax_diff,luffy/tasks_with_partial_teacher,val-aux/alfworld/reward/best@8/mean,teacher_diag/adv/teacher/count,critic/advantages/min,actor/on_pg_loss,critic/rewards_onpolicy/mean,dr3/ratio_shaping_auto_ess_min,critic/rewards_sum/mean,perf/mfu/actor,training/num_not_none_traj,dr3/disc_trained_steps,grad_dir/flat/abs_mean_on,critic/rewards_teacher/count,diag/reward_teacher_mean,dr3/ess_off_window,val-aux/alfworld/reward/worst@32/mean,grad_dir/ln/valid,diag/adv_teacher_sample_mean,val-aux/alfworld/reward/best@2/mean,critic/rewards_onpolicy/max,luffy/tasks_with_full_teacher,dr3_step/ess_off_window_last,actor/on_pg_clipfrac_lower,diag/group_non_teacher_reward_mean,val-aux/alfworld/reward/mean@3,dr3/w_max,dr3/step_disc_trained_steps_sum,dr3/disc_temperature,val-aux/alfworld/reward/worst@94/std,diag/teacher_loss_scale,grad_dir/on_samples_global,dr3/alpha_ema,exp_replay_diag/adv/on/p99,training/num_term_traj,teacher_diag/adv/teacher/max,val-aux/alfworld/reward/best@64/mean,val-aux/alfworld/reward/std@3,actor/lr,_timestamp,diag/adv_onpolicy_token_mean,grad_dir/flat/layer_max,teacher_diag/adv/teacher/p50,timing_s/testing,grad_dir/proj/vec_dim,dr3_diag/ratio/off/max,prompt_length/max
0,0.4375,8,4,0.9815331399440765,8,,56,1,0,0,1.0,1,34,0.3571428656578064,3.5,,0.0,,0.0,,0,0.4375,0.0,0.0030271855648607016,,0,0.4176396131515503,0.2575393768188564,15.492522217333317,,0.02,0,,0,1,1.4638471603393555,0.0,,0,1.2196845772622513,0.0,0,0.5,1.0,85384,,,842,0,0.109375,1,0,1.0779327154159546,,,,1,1.4638471603393555,4,0.01764471948947175,1.0,0,0.0003280970470341781,64,0.5,230.5558592788875,140345,4,275,,0.0,0.3178374618291855,85383.0,,,0,1,1.0029311180114746,1,64,0,1,0.4375,0,351.453125,0,,0.4375,,0,,0.9011526703834534,0,,0.0,8,1,,203.80010986328125,0,0,1,0.11205564066767693,56,,0,,0.04536184667127331,0.7226572904218215,0,1.0779328048229218,217.5,0.27703943848609924,,0.12548226118087769,-0.03818011709621975,0.015625,785.8571428571429,0.001,0,1,,0.1457940936088562,,0,,0.0022430941462516785,0,55.3025279045105,1,1,,4,,1,0,0,85382,0.006751525681465864,0,1,-0.11376810818910599,3.8300278186798096,3.5,,0.01799057424068451,,0.3571428656578064,0,10560,0.0,1.0,1.0,1.0779327154159546,0.125,0,0.12445206195116043,0.18058360740542412,0.006751525681465864,0,0,,,0.27703943848609924,0,4,0.0,0.27703943848609924,0,263.0063289254904,0.17873721641263357,0.0,0.0,16,0,1.0,4,0,0.0,-0.9101448655128479,10.0,0.04630863666534424,,324.64237780448616,8,512.0,64,0.4375,0.0,425.027229257,0.5714285373687744,64,-0.009134352207183838,0,,0.125,,6.0262363366782665,,,1.4638471603393555,,-0.08036050200462341,10.599636431783438,1,1,0.8438622355461121,16,0.0,0,341532,56,0.6428571343421936,1.999956269551177,0,0,0,0,76.34765625,0.0,64,0,2,0.5,14,0.0,0.5995662808418274,0.9998751282691956,,,-1.4638471603393555,0,0.6428571428571428,,-0.02775401435792446,0.125,0.8749991655349731,,1.0,0,,,4984.984375,0,-1.4638471603393555,2.09853450172659e-08,-0.03818012135369437,8.5,-0.02775401435792446,,0,0,54118,1,0,,0,8,,263.0063289254904,,,0.998266339302063,,,,0.6152273416519165,56,0,86227,0,,217.5,-1.4638471603393555,0.033407606184482574,0.3571428656578064,,0.4375,0.20655751782556653,64,0.0,0,8,1,0.4374972641993918,,0,0.11539450287818909,,1,8,1.999956269551177,0,0.3571428571428571,,1.0128388404846191,0,1.2,,0.8928571343421936,0,0.17873721641263357,-0.03818012135369437,23,1.280866265296936,,,1e-06,1769617663.7758646,-0.03406818211078644,0,1.0779327154159546,,0,,558
0,3.0,8,4,0.9797538742423058,8,,56,1,0,0,1.0,1,98,0.1607142835855484,3.5,,0.0,,0.0,,0,0.265625,0.0,0.009005503728985786,,0,0.4668733477592468,0.20748125068968304,8.084178451448679,,0.02,0,,0,1,2.2677807807922363,0.0,,0,1.1555422826870076,0.0,0,0.375,0.9735714276134967,72421,,,625,0,0.875,1,0,1.2649066646893818,,,,2,2.2677807807922363,4,0.006583293931145764,1.0,0,0.0003166369687932257,128,0.5,143.093844961375,79730,4,275,,0.0,0.3076566855112712,72415.0,,,0,1,0.9938648343086243,1,64,0,1,0.265625,0,293.375,0,,0.265625,,0,,1.166955828666687,0,,0.0,8,1,,204.8802490234375,0,0,1,0.09171706438064575,56,,0,,0.027909198548120826,0.5282476815218876,0,1.264906684557597,359.3333333333333,0.320977121591568,,0.1635097712278366,0.025546777706879836,0.015625,950.7692307692307,0.001,0,2,,0.19081230461597443,,0,,0.0007761642336845398,0,55.3025279045105,1,1,,4,,1,0,0,72411,0.01290220208466053,0,1,-0.1981239877641201,3.435922145843506,3.5,,0.0067570870742201805,,0.1607142835855484,0,5768,0.0,0.9785714283585548,1.0,1.2649066646893818,0.125,0,0.1614515483379364,0.12085220217704773,0.01290220208466053,0,0,,,0.3209771513938904,0,4,0.0,0.320977121591568,0,156.27299324423075,0.1343415629073308,0.0,0.0,16,0,1.0,4,0,0.0,-1.0566612680753071,10.0,0.06761724501848221,,463.38780934992684,8,512.0,128,0.265625,0.0,672.646912844,0.6285713955760003,128,0.0033129211515188217,0,,0.125,,1.9069169200956821,,,2.2677807807922363,,-0.21888074651360512,2.94629555568099,1,1,0.829187273979187,16,0.0,0,289660,56,0.6526785630732774,4.999883300582939,0,0,0,0,76.34765625,0.0,64,0,3,0.5,13,0.0,0.6099634170532227,0.9967530369758606,,,-1.0690430402755737,0,0.8392857142857143,,-0.004699856508523226,0.125,0.8749991655349731,,1.0,0,,,4232.5625,0,-0.8017822504043579,2.8438590149448828e-08,0.0255467754143935,24.5,-0.004699856508523226,,0,0,63886,1,0,,0,8,,156.27299324423075,,,0.991678794225057,,,,0.630920946598053,56,0,15844,0,,359.3333333333333,-1.0690430402755737,-0.020756758749485016,0.1607142835855484,,0.265625,0.23562795951331297,64,0.0,0,8,1,2.9999418498187955,,0,0.19827993214130402,,1,8,4.999883300582939,0,0.1607142857142857,,0.9938648343086243,0,1.2,,0.9089285632595421,0,0.1343415629073308,0.0255467754143935,10,1.9843082427978516,,,1e-06,1769617820.0582638,-0.020014388486742973,0,1.2649066646893818,,0,,296
0,5.0625,8,4,0.9802267029881477,8,,56,1,0,0,0.875,1,162,0.2857142984867096,3.5,,0.0,,0.0,,0,0.375,0.0,0.0067240996286273,,0,0.4553612172603607,0.31134992453861954,10.67195376753807,,0.02,0,,0,1,2.2677807807922363,0.0,,0,1.1453213423950535,0.0,0,0.4375,0.974892856232822,87209,,,574,0,0.109375,1,0,1.9843082427978516,,,,3,1.0690429210662842,4,0.007450185509471674,1.0,0,0.00028366692729388455,192,0.5,231.21461280435324,96664,4,275,,0.0,0.3178445100784302,87202.0,,,0,1,0.9922775626182556,1,64,0,1,0.375,0,346.859375,0,,0.375,,0,,1.2862861156463623,0,,0.0,8,1,,205.43679809570312,0,0,1,0.09894529357552528,56,,0,,0.030595495996473907,0.7079248055147079,0,1.9843082427978516,399.0,0.3666391968727112,,0.14938244223594666,-0.16900279919306438,0.015625,820.8666666666667,0.001,0,3,,0.15977820754051208,,0,,0.0012898445129394531,0,60.46472692489624,1,1,,4,,1,0,0,87198,0.013392159715294838,0,1,-0.10100041329860687,2.11480975151062,3.5,,0.013452990911900997,,0.1607142835855484,0,9660,0.0,0.979642856940627,1.0,1.9843082427978516,0.125,0,0.14643341302871704,0.150995921343565,0.013392159715294838,0,0,,,0.3666391968727112,0,4,0.0,0.3666391968727112,0,247.6053735204041,0.12675108712513228,0.0,0.0,16,0,1.0,4,0,0.0,-1.61600661277771,10.0,0.08381719142198563,,352.1813713498187,8,512.0,192,0.375,0.0,960.399684928,0.6828571108728648,192,-0.002232349244877696,0,,0.125,,2.5986843071877956,,,2.2677807807922363,,0.05743969790637493,2.834449339658022,1,1,0.8143929243087769,16,0.0,0,348808,56,0.6557589204609395,5.999879754335476,0,0,0,0,79.568359375,0.0,64,0,1,0.5,15,0.0,0.6776090860366821,0.9992983341217041,,,-0.8017822504043579,0,0.7142857142857143,,-0.0010436185402795672,0.125,1.9843082427978516,,1.0,0,,,5103.265625,0,-0.8017822504043579,2.5100796108290524e-08,-0.1690027872721354,40.5,-0.0010436185402795672,,0,0,75962,1,0,,0,8,,247.6053735204041,,,0.9922775626182556,,,,0.7060582637786865,56,0,20702,0,,399.0,-0.8017822504043579,0.1584401112049818,0.2857142984867096,,0.375,0.21952989958198046,64,0.0,0,8,1,5.062383078942473,,0,0.17941886186599731,,1,8,5.999879754335476,0,0.2857142857142857,,0.9925799369812012,0,1.2,,0.9224107063654811,0,0.12675108712513228,-0.1690027872721354,18,1.9843082427978516,,,1e-06,1769618067.6778908,-0.018517758697271347,0,1.9843082427978516,,0,,504
0,6.3125,8,4,0.981672864407301,8,,56,1,0,0,1.0,1,226,0.2142857164144516,3.5,,0.0,,1.670699954032898,,0,0.3125,0.0,0.004945952910929918,,0,0.4072818160057068,0.1237179148263484,11.37783870473504,,0.02,0,,0,0,2.2677807807922363,0.0263671875,,2,1.141260182878425,0.0,0,0.5,0.9665839275483041,99835,,,1262,0,0.21875,1,0,1.280866265296936,,,,4,1.4638471603393555,4,0.0065348257867033945,1.0,0,0.0002603727566906181,256,0.5,270.50445675477386,138289,4,275,,0.0,0.34215685725212097,99824.0,,,0,1,0.9761847257614136,1,64,0,1,0.3125,0,359.875,0,,0.3125,,0,,1.423891544342041,0,,0.0,8,1,,205.86186599731445,0,0,1,0.10396580025553703,56,,0,,0.028494747517468347,0.7189219716868313,0,1.280866265296936,679.0,0.2804228961467743,,0.12052895873785019,-0.06607749859491983,0.015625,831.1333333333333,0.001,0,4,,0.1346740573644638,,0,,0.002033572643995285,0,60.46472692489624,0,1,,4,,1,0,0,99815,0.008366466499865055,0,1,-0.06127939373254776,2.9275686740875244,3.5,,0.002724731806665659,,0.2142857164144516,0,9478,1.81396484375,0.9670714270994067,1.0,1.280866265296936,0.125,0,0.11917990446090698,0.16564293578267097,0.008366466499865055,0,0,,,0.2804228961467743,0,4,0.0,0.2804228961467743,0,287.7337580919266,0.12368316539460839,0.0,0.044226087629795074,16,1,1.0,4,0,0.0,-0.9804702997207642,10.0,0.06212381273508072,,346.93183261488474,8,512.0,256,0.3125,0.0,1152.192973974,0.7330356831997634,256,-0.0008817416382953525,0,,0.125,,2.6093297973275185,,,2.2677807807922363,,0.0006682667881250381,2.9357827343046665,1,1,0.7654744386672974,16,0.0,0,399296,56,0.6622566883377732,6.999603394775796,0,0,0,0,94.716796875,0.0625,64,0,1,0.5,15,0.0,0.6338695883750916,0.9849734902381897,,,-0.8017822504043579,0,0.7857142857142857,,-0.010003704577684402,0.125,1.280866265296936,,1.0,0,,,5879.125,0,-0.5855388641357422,3.04469054412948e-08,-0.06607750654220582,56.5,-0.010003704577684402,,0,0,77132,1,0,,0,8,,287.7337580919266,,,0.9761847257614136,,,,0.6572815179824829,56,0,61157,0,,679.0,-0.8017822504043579,0.0619476605206728,0.2142857164144516,,0.3125,0.245675393336141,64,0.125,0,8,1,6.312293391973076,,0,0.1665066033601761,,1,8,6.999603394775796,0,0.21428571428571427,,0.999565839767456,2,1.2,,0.9334330279505811,0,0.12368316539460839,-0.06607750654220582,16,1.280866265296936,,,1e-06,1769618355.4306169,-0.02210155315697193,0,1.280866265296936,,0,,467
0,7.3125,8,4,0.9996102377772331,8,,56,1,0,0,1.0,1,290,0.2678571343421936,3.5,,0.0,,2.0792832374572754,,0,0.359375,0.0,0.0067300451919436455,,0,0.48413875699043274,0.16656034023372884,9.36298268288374,,0.02,0,,0,0,2.2677807807922363,0.51708984375,,32,1.1472225671458847,0.0,0,0.375,0.958254730723854,80440,,,654,0,0.109375,1,0,1.9843082427978516,,,,5,1.4638471603393555,4,0.0066703761462827025,0.7834213972091675,0,0.0002986547710911477,320,0.5,177.60870064795017,89477,4,275,,0.0,0.2451077550649643,80437.25,,,0,1,1.0076355934143066,1,64,0,1,0.359375,0,297.421875,0,,0.359375,,0,,1.5150184631347656,0,,0.0,8,1,,206.12274551391602,0,0,1,0.0960918739438057,56,,0,,0.02910026972231068,0.5867211316554576,0,1.984308123588562,722.0,0.33138033747673035,,0.16748352348804474,-0.1267664353052775,0.015625,811.2666666666667,0.001,0,5,,0.17522810399532318,,0,,0.0014434345066547394,0,60.46472692489624,0,1,,4,,1,0,0,80433,0.010392648167908192,0,1,-0.07712186872959137,4.433166027069092,3.5,,0.025618182495236397,,0.2678571343421936,0,6983,36.42138671875,0.9687178557444364,0.7834213972091675,1.9843082427978516,0.125,0,0.1657623052597046,0.13989493623375893,0.010392648167908192,0,0,,,0.3313803970813751,0,4,0.0,0.33138033747673035,0,191.78220720216632,0.12808458299444087,0.0,0.695839736610651,16,1,1.0,4,0,0.0,-1.233949899673462,10.0,0.059309251606464386,,419.41977398981254,8,512.0,320,0.359375,0.0,1455.656998785,0.7392410393424333,320,-0.0050286524929106236,0,,0.125,,2.1461868546903133,,,2.2677807807922363,,0.0417216531932354,2.393408752977848,1,1,0.6218538880348206,16,0.4071660041809082,0,321749,56,0.6657509962724522,7.999371942409997,0,0,0,0,94.716796875,1.0,64,0,1,0.5,15,0.0,0.7075818181037903,0.7818666696548462,,,-1.0690430402755737,0,0.7321428571428572,,-0.016394788399338722,0.125,1.9843082427978516,,0.7834213972091675,0,,,4729.90625,0,-1.0690430402755737,2.6302119593424322e-08,-0.12676641941070557,72.5,-0.016394788399338722,,0,0,66872,1,0,,0,8,,191.78220720216632,,,1.0076355934143066,,,,0.7313008308410645,56,0,22605,0,,722.0,-1.0690430402755737,0.11884352192282677,0.2678571343421936,,0.359375,0.22864556525140517,64,2.0,0,8,1,7.3120310659114836,,0,0.1867012083530426,,1,8,7.999371942409997,0,0.26785714285714285,,1.0076355934143066,32,1.2,,0.9403328047253424,0,0.12808458299444087,-0.12676641941070557,17,1.9843082427978516,,,1e-06,1769618547.2239907,-0.03247736766934395,0,1.9843082427978516,,0,,321
0,8.3125,7,4,0.999326266348362,7,,57,1,0,0,0.7142857313156128,1,354,0.4035087823867798,3.5625,,0.0,,2.381692409515381,,0,0.46875,0.0,0.0018222506623715162,,0,0.38896533846855164,0.44337879555919246,12.603031560778618,,0.02,0,,0,0,1.0690429210662842,0.67578125,,32,1.1288652678241844,0.0,0,0.375,0.9103419941876614,100962,,,558,0,0.125,1,0,0.8749991655349731,,,,6,1.0690429210662842,4,0.007357900976438522,1.0,0,0.0002837193556939792,384,0.4375,284.35126845538616,120022,4,275,,0.0,0.307372123003006,100770.5,,,0,1,0.9736356735229492,1,64,0,1,0.5357142857142857,0,401.296875,0,,0.46875,,0,,0.6132230162620544,0,,0.0,7,1,,206.62642288208008,0,0,1,0.11436216533184052,57,,0,,0.03126666921564004,0.7534499785515758,0,0.8749992251396179,167.0,0.24103912711143494,,0.10686960816383362,0.1929341991742452,0.015625,728.2666666666667,0.001,0,6,,0.11814817041158676,,0,,0.003006827086210251,0,64.5712308883667,0,1,,4,,1,0,0,100584,0.004228945821523666,0,1,-0.046556051820516586,1.248314619064331,3.5625,,0.014761604368686676,,0.15789473056793213,0,12978,44.5302734375,0.9202819629572145,1.0,0.8749991655349731,0.109375,0,0.10629980266094208,0.17859181761741638,0.004228945821523666,0,0,,,0.24103911221027374,1,4,0.0,0.24103912711143494,0,303.44925490021706,0.11400716550147846,0.0,0.6678548343479633,16,1,1.0,4,0,0.0,-0.7448968291282654,10.0,0.03579358011484146,,332.0835308464879,7,512.0,384,0.46875,0.0,1823.115905089,0.7585360419715104,384,1.3290266906551551e-05,0,,0.109375,,2.9658374413847923,,,1.0690429210662842,,-0.22743185050785542,3.1993524841964245,1,1,0.851311445236206,16,0.3314647376537323,0,403082,57,0.6589940586239,8.99901358388243,0,0,0,0,94.716796875,1.0,64,0,1,0.4375,15,0.0,0.6437732577323914,0.9998779296875,,,-2.2677807807922363,0,0.5306122448979591,,-0.0021174720022827387,0.109375,0.8749991655349731,,1.0,0,,,5896.859375,0,0.0,3.635353706954447e-08,0.19293418327967327,88.5,-0.0021174720022827387,,0,0,54381,1,0,,0,7,,303.44925490021706,,,0.9736356735229492,,,,0.6587237119674683,57,0,65641,0,,167.0,-2.2677807807922363,-0.18087579868733883,0.4035087823867798,,0.46875,0.2375632487051075,64,2.0,0,7,1,8.311759955370132,,0,0.057609397917985916,,1,7,8.99901358388243,0,0.46938775510204084,,1.014918565750122,32,1.2,,0.9397447357579914,0,0.11400716550147846,0.19293418327967327,26,0.8749991655349731,,,1e-06,1769618850.6880002,-0.004730765242129564,0,0.8749991655349731,,0,,707
0,10.1875,8,4,1.015468955039978,8,,56,1,0,0,1.0,1,418,0.25,3.5,,0.0,,2.6370177268981934,,0,0.34375,0.0,0.0029502457473427057,,0,0.3694421648979187,0.2230356427999428,13.614074882119894,,0.02,0,,0,0,2.2677807807922363,0.82275390625,,32,1.1394947368343664,0.0,0,0.5,0.8898248938822317,114908,,,782,0,0.109375,1,0,0.6936728358268738,,,,7,2.2677807807922363,4,0.006993010559481166,1.0,0,0.00023758778561116476,448,0.5,346.818100836128,151460,4,275,,0.0,0.2712554484605789,114904.0,,,0,1,0.965599775314331,1,64,0,1,0.34375,0,411.71875,0,,0.34375,,0,,1.255130410194397,0,,0.0,8,1,,206.72626113891602,0,0,1,0.1091991476714611,56,,0,,0.029620541674179955,0.8004738447884856,0,0.6936728060245514,192.0,0.24456635117530823,,0.09884342551231384,-0.12448477957929883,0.015625,813.4285714285714,0.001,0,7,,0.11311526596546173,,0,,0.001926325261592865,0,64.5712308883667,0,1,,4,,1,0,0,114900,0.00469919154420495,0,1,-0.0753265917301178,4.036183834075928,3.5,,0.00792696326971054,,0.25,0,10237,51.865234375,0.9242678648093539,1.0,0.6936728358268738,0.125,0,0.09815539419651031,0.18428626656532288,0.00469919154420495,0,0,,,0.24456636607646942,0,4,0.0,0.24456635117530823,0,367.44438841566443,0.12223790723274924,0.0,0.6005913577973843,16,1,1.0,4,0,0.0,-0.6026127338409424,10.0,0.0415433906018734,,312.71126631009275,8,512.0,448,0.34375,0.0,2153.8740921,0.8063235249485994,448,0.0025766012258827686,0,,0.125,,3.2140995413064957,,,2.2677807807922363,,0.03359757922589779,3.468154300004244,1,1,0.8737945556640625,16,0.2553485631942749,0,459616,56,0.6635443553201759,10.996860992926292,0,0,0,0,94.716796875,1.0,64,0,2,0.5,14,0.0,0.5875164270401001,0.9998908042907715,,,-1.4638471603393555,0,0.75,,-0.009349999949336052,0.125,0.5123465061187744,,1.0,0,,,6769.78125,0,-0.8017822504043579,2.246350483403603e-08,-0.12448476467813764,104.5,-0.009349999949336052,,0,0,81871,1,0,,0,8,,367.44438841566443,,,0.9569401443004608,,,,0.6023812890052795,56,0,69589,0,,192.0,-1.4638471603393555,0.10892417095601559,0.25,,0.34375,0.24347341489835606,64,2.0,0,8,1,10.185264494077414,,0,0.10985850542783737,,1,8,10.996860992926292,0,0.24999999999999997,,1.0472476482391357,32,1.2,,0.951686070239008,0,0.12223790723274924,-0.12448476467813764,15,0.8749991655349731,,,1e-06,1769619218.1465883,-0.015320089645683765,0,0.6936728358268738,,0,,546
0,12.625,8,4,1.029948491603136,8,,56,1,0,0,1.0,1,482,0.125,3.5,,0.0,,3.081146240234375,,0,0.234375,0.0,0.004065805114805698,,0,0.4147282838821411,0.11151782139997138,14.23975782096386,,0.02,0,,0,0,2.2677807807922363,0.8125,,32,1.1331339644017797,0.0,0,0.4375,0.8953336491881202,114266,,,1394,0,0.109375,1,0,1.2447688579559326,,,,8,2.2677807807922363,4,0.00735935499636307,1.0,0,0.0002460550785756495,512,0.5,309.07139345258474,129623,4,275,,0.0,0.2814563165108363,114247.0,,,0,1,1.036397933959961,1,64,0,1,0.234375,0,380.21875,0,,0.234375,,0,,1.3381117582321167,0,,0.0,8,1,,207.2646713256836,0,0,1,0.11244421824812889,56,,0,,0.031160025692061628,0.7143615763464217,0,1.2447689175605774,381.0,0.2327652871608734,,0.11775992810726166,-0.031934687724480264,0.015625,933.6153846153846,0.001,0,8,,0.12569628655910492,,0,,0.0016139708459377289,0,64.5712308883667,0,1,,4,,1,0,0,114221,0.006596494931727648,0,1,-0.19725636765360832,1.8623462915420532,3.5,,0.006048574112355709,,0.125,0,10420,60.46435546875,0.9280544715688862,1.0,1.2447688579559326,0.125,0,0.11699625104665756,0.17905918136239052,0.006596494931727648,0,0,,,0.2327652871608734,0,4,0.0,0.2327652871608734,0,330.7430252172053,0.11720864792530786,0.0,0.5294614899903536,16,1,1.0,4,0,0.0,-1.0520339608192444,10.0,0.052479635924100876,,345.42527366970717,8,512.0,512,0.234375,0.0,2415.590895948,0.8374359188524985,512,-0.0029018467757850885,0,,0.125,,3.3631369210779667,,,2.2677807807922363,,-0.17130943946540356,3.741554867476225,1,1,0.8638617396354675,16,0.22581225633621216,0,456988,56,0.6741171372747704,13.987522065592637,0,0,0,0,94.716796875,1.0,64,0,3,0.5,13,0.0,0.6520918011665344,0.9997718334197998,,,-0.5855388641357422,0,0.875,,-0.008259660564363003,0.125,0.8749991655349731,,1.0,0,,,6760.21875,0,-0.5855388641357422,4.944393783290479e-09,-0.031934683139507584,120.5,-0.008259660564363003,,0,0,93671,1,0,,0,8,,330.7430252172053,,,0.9641279776891073,,,,0.6753166913986206,56,0,35952,0,,381.0,-0.5855388641357422,0.025946928188204765,0.125,,0.234375,0.23004636117437327,64,2.0,0,8,1,12.617238215272337,,0,0.15803922712802887,,1,8,13.987522065592637,0,0.12499999999999999,,1.0769832134246826,32,1.2,,0.9612446236304317,0,0.11720864792530786,-0.031934683139507584,10,1.9843082427978516,,,1e-06,1769619548.905106,-0.017199967056512833,0,1.2447688579559326,,0,,548
0,15.1875,8,4,1.0017280466854572,8,,56,1,0,0,0.875,1,546,0.3392857015132904,3.5,,0.0,,3.169771909713745,,0,0.421875,0.0,0.004494783468544483,,0,0.4373606741428375,0.3566961492042532,11.0611626021564,,0.02,0,,0,0,2.2677807807922363,0.79638671875,,32,1.1481314395685405,0.0,0,0.4375,0.8962812522514135,84481,,,478,0,0.109375,1,0,0.6028586030006409,,,,9,2.2677807807922363,4,0.007727929251761995,0.8955641388893127,0,0.00030405502635122883,576,0.5,244.90858213230968,124250,4,275,,0.0,0.2512219697237015,84476.75,,,0,1,0.9445310831069946,1,64,0,1,0.421875,0,340.625,0,,0.421875,,0,,1.3031530380249023,0,,0.0,8,1,,207.53387451171875,0,0,1,0.10274232178926468,56,,0,,0.032734339928312824,0.7747648173950898,0,0.6028585880994797,326.0,0.270445317029953,,0.13370579481124878,-0.03308266614164625,0.015625,672.7142857142857,0.001,0,9,,0.137848898768425,,0,,0.002016492187976837,0,64.5712308883667,0,1,,4,,1,0,0,84473,0.009790988638997078,0,1,-0.057776693254709244,4.846020221710205,3.5,,0.01089487038552761,,0.2142857164144516,0,10290,67.0966796875,0.9173660330661064,0.859872430562973,0.6028586030006409,0.125,0,0.1323537528514862,0.15181873366236687,0.009790988638997078,0,0,,,0.2704452872276306,0,4,0.0,0.270445317029953,0,261.6981889568269,0.1288437364609006,0.0,0.511410266160965,16,1,1.0,4,0,0.0,-0.46221354603767395,10.0,0.07102696597576141,,322.80219567715983,8,512.0,576,0.421875,0.0,2692.133303122,0.8241807301156276,576,-0.0028470808174461126,0,,0.125,,2.6113213896751404,,,2.2677807807922363,,-0.02882937528192997,2.8233556039631367,1,1,0.7335603833198547,16,0.17223665118217468,0,337907,56,0.6734469944040448,15.973633446215947,0,0,0,0,94.716796875,1.0,64,0,2,0.5,14,0.0,0.6658235788345337,0.8594832718372345,,,-2.2677807807922363,0,0.6607142857142858,,-0.012140512466430664,0.125,0.3307180404663086,,0.859872430562973,0,,,4939.171875,0,-2.2677807807922363,2.2261938126266756e-10,-0.03308268104280744,136.5,-0.012140512466430664,,0,0,21015,1,0,,0,8,,261.6981889568269,,,0.9054969549179077,,,,0.6960532069206238,56,0,103235,0,,326.0,-2.2677807807922363,0.028947317972779274,0.3392857015132904,,0.421875,0.2112024298416437,64,2.0,0,8,1,15.162616070633419,,0,0.13527581095695496,,1,8,15.973633446215947,0,0.3392857142857143,,1.0896615982055664,32,1.2,,0.9649681066281877,0,0.1288437364609006,-0.03308268104280744,22,0.8749991655349731,,,1e-06,1769619810.6216974,-0.025145869702100754,0,0.6028586030006409,,0,,469
0,17.1875,8,4,0.9872023798525333,8,0.2860947847366333,56,1,0,0,0.875,1,610,0.4821428656578064,3.5,,1.0,,3.777803421020508,,0,0.546875,,0.002297034254297614,,0,0.4443497657775879,0.3707239195004767,12.151289116591215,0.7939870953559875,0.02,0,,0,0,1.4638471603393555,0.80224609375,0.8650716543197632,32,1.1421751154862991,0.0,0,0.4375,0.8664671896388428,83627,0.0,,604,0,0.109375,1,0,,,,,10,0.8017821907997131,4,0.008490130441906553,,0,0.00035661125555757034,640,0.5,258.02534210309386,150305,4,275,0.8650716543197632,,,83604.5,,,0,1,0.9046645164489746,1,64,0,1,0.546875,0,375.515625,0,0.1,0.546875,0.0,0,0.7939872741699219,0.8963431715965271,0,3.341801502187991e-08,,8,1,,207.84356307983398,0,0,1,0.11925722286105156,56,,0,,0.036335631205829874,0.8313073830987124,0,,,0.32150572538375854,0.0,0.13354694843292236,-0.08463628377233233,0.015625,734.7857142857143,0.001,0,10,0.8,0.13862460851669312,173.0,0,,0.0019245557487010956,0,64.65383625030518,0,1,1.0,4,,1,0,0,83583,0.006875332444906235,0,1,-0.07607472501695156,1.8293476104736328,3.5,,0.08201498538255692,512.0,0.3571428656578064,0,13819,75.1982421875,0.9214977314128011,,,0.125,0,0.1322457194328308,0.17132417857646942,0.006875332444906235,0,0,,,0.32150569558143616,0,4,,0.32150572538375854,0,276.5296823307872,0.12432897937718324,,0.4683246724307537,16,1,1.0,4,0,0.020679937209933996,,10.0,0.04959676414728165,,302.3346329237509,8,512.0,640,0.546875,0.0,2929.846886085,0.8544002637611753,640,-0.0019050022820010781,0,173.0,0.125,,2.8392524421215057,,,1.4638471603393555,2.0,-0.002017982304096222,3.186436504125595,1,1,,16,0.13557301461696625,0,334418,56,0.6656675014009522,17.937602767439962,0,0,0,0,94.716796875,1.0,64,0,2,0.5,14,0.0,0.7010775208473206,,0.8650716543197632,,-2.2677807807922363,0,0.5178571428571429,,-0.01709645800292492,0.125,,,,0,0.0,0.2860948145389557,4849.765625,0,-2.2677807807922363,,-0.08463628164359502,152.5,-0.01709645800292492,,0,0,39970,1,0,,0,8,,276.5296823307872,0.2860948145389557,0.0,0.8493258655071259,,,,0.7208855152130127,56,0,110335,0,,,-2.2677807807922363,0.07405674271285534,0.4821428656578064,16.0,0.546875,0.19406238615557048,64,2.0,0,8,1,17.148930499263656,,0,0.09353567659854889,,1,8,17.937602767439962,0,0.4821428571428571,,1.085837483406067,32,1.2,,0.9649339867449718,0,0.12432897937718324,-0.08463628164359502,30,,,,1e-06,1769620087.1643133,-0.02342013642191887,0,,,0,0.7939872741699219,697
0,18.75,8,4,1.037082426249981,8,0.8749991655349731,56,1,0,0,1.0,1,674,0.2678571343421936,3.5,,1.0,,4.045969486236572,,0,0.359375,,0.0053505371324718,,0,0.4359028935432434,0.24156695104408363,10.871118120849133,0.8158011436462402,0.02,0,,0,1,2.2677807807922363,0.7978515625,1.0,32,1.1459854135799366,0.0,0,0.4375,0.8610009724712157,86049,0.0,,864,0,0.109375,1,0,,,,,11,0.8017821907997131,4,0.007567342715028133,,0,0.000353407071598285,704,0.5,221.10914857685566,101222,4,275,1.0,,,86039.5,,,0,1,0.8756006956100464,1,64,0,1,0.359375,0,332.3125,0,0.1,0.359375,0.0,0,0.8158013224601746,1.2513487339019775,0,5.6543917992257775e-08,,8,1,,208.0776138305664,0,0,1,0.12162787094712257,56,,0,,0.03158757931197047,0.6847816549811256,0,,,0.35952937602996826,0.0,0.13750825822353363,-0.118921873824937,0.015625,879.9285714285714,0.001,0,11,0.8,0.15019355714321136,307.0,0,,0.0021968819200992584,0,64.65383625030518,1,1,1.0,4,,1,0,0,86029,0.011109046638011932,0,1,-0.09369602426886559,2.1369094848632812,3.5,,0.15057037770748138,512.0,0.2678571343421936,0,10005,83.9658203125,0.9182799873799934,,,0.125,0,0.1350141167640686,0.15212445333600044,0.011109046638011932,0,0,,,0.35952940583229065,0,4,,0.35952937602996826,0,237.7005573362112,0.12729055671897893,,0.4873794484883547,16,0,1.0,4,0,0.021026847884058952,,10.0,0.07396486401557922,,361.9659161265785,8,512.0,704,0.359375,0.0,3236.212435942,0.8402516774415552,704,-0.0025341680739074945,0,307.0,0.125,,2.6043615341186523,,,2.2677807807922363,2.0,0.010360606014728546,2.80150343850255,1,1,,16,0.10174446552991867,0,344158,56,0.6689912686824724,19.909140191885484,0,0,0,0,94.716796875,1.0,64,0,2,0.5,14,0.0,0.6500274538993835,,1.0,,-1.4638471603393555,0,0.7321428571428572,,-0.009146292693912983,0.125,,,,0,0.0,0.8749991655349731,5045.15625,0,-0.5855388641357422,,-0.1189218716961997,168.5,-0.009146292693912983,,0,0,64328,1,0,,0,8,,237.7005573362112,0.8749991655349731,0.0,0.8457010090351105,,,,0.6732302308082581,56,0,36894,0,,,-1.4638471603393555,0.10405663028359413,0.2678571343421936,16.0,0.359375,0.21476063161080114,64,2.0,0,8,1,18.68111296774363,,0,0.17602184414863586,,1,8,19.909140191885484,0,0.26785714285714285,,1.1209710836410522,32,1.2,,0.9666872870351941,0,0.12729055671897893,-0.1189218716961997,16,,,,1e-06,1769620324.877885,-0.02330649644136429,0,,,0,0.8158013224601746,470
0,20.4375,8,4,1.0480743497610092,8,0.0,56,1,0,0,0.875,1,738,0.375,3.5,,1.0,,4.653445243835449,,0,0.453125,,0.0053993696346879005,,0,0.42422834038734436,0.3637776569189886,12.143172726035118,0.8485384583473206,0.02,0,,0,0,1.4638471603393555,0.79345703125,1.0,32,1.1395277131066885,0.0,0,0.5,0.8265223523552212,92453,0.0,,746,0,0.21875,1,0,,,,,12,1.0690429210662842,4,0.007687628617922389,,0,0.0002852815376722146,768,0.5,288.014313519001,96255,4,275,1.0,,,92446.75,,,0,1,0.8485386371612549,1,64,0,1,0.453125,0,368.1875,0,0.1,0.453125,0.0,0,0.8485386371612549,0.8302687406539917,0,2.795393783117106e-08,,8,1,,207.77997970581055,0,0,1,0.10549340397119522,56,,0,,0.032838289950796316,0.8318751599951505,0,,,0.3106512129306793,1.0,0.12547464668750763,0.09306591947873434,0.015625,701.3333333333334,0.001,0,12,0.8,0.13409565389156342,359.0,0,,0.001365654170513153,0,64.65383625030518,0,1,1.0,4,,1,0,0,92443,0.009496769867837429,0,1,0.0,1.2909563779830933,3.5,,0.03158964589238167,512.0,0.25,0,9045,92.71875,0.9009374163695485,,,0.125,0,0.12369921058416367,0.1507897824048996,0.009496769867837429,0,0,,,0.3106512129306793,0,4,,0.3106512129306793,0,306.3494423851371,0.12229634353848644,,0.4689821880310774,16,1,1.0,4,0,0.010264978744089603,,10.0,0.07082086056470871,,301.76895143088785,8,512.0,768,0.453125,0.0,3508.87815501,0.8125248070036967,768,-0.0010106457630172372,0,359.0,0.125,,2.8427851237356663,,,1.4638471603393555,2.0,-0.08724930696189404,3.0550999753177166,1,1,,16,0.07331006228923798,0,369787,56,0.6667917050620842,20.898026232754102,0,0,0,0,94.716796875,1.0,64,0,1,0.5,15,0.0,0.6558419466018677,,1.0,,-2.2677807807922363,0,0.625,,-0.006980175618082285,0.125,,,,0,0.0,0.0,5409.734375,0,-0.8017822504043579,,0.09306592345237732,184.5,-0.006980175618082285,,0,0,89352,1,0,,0,8,,306.3494423851371,0.0,0.0,0.8485386371612549,,,,0.6821519136428833,56,0,6903,0,,,-2.2677807807922363,-0.08724930696189404,0.375,16.0,0.453125,0.20804496848187667,64,2.0,0,8,1,20.341777834765505,,0,0.08814435452222824,,1,8,20.898026232754102,0,0.375,,1.1266402006149292,32,1.2,,0.9701386368627118,0,0.12229634353848644,0.09306592345237732,24,,,,1e-06,1769620631.2433975,-0.015007568523287773,0,,,0,0.8485386371612549,470
0,21.0625,8,4,0.9729176238179207,8,0.0,56,1,0,0,0.875,1,802,0.5535714030265808,3.5,,1.0,,4.354706764221191,,0,0.609375,,0.0027891395147889853,,0,0.4060320556163788,0.29827309086589404,14.5899069160223,0.7627151608467102,0.02,0,,0,1,1.4638471603393555,0.7880859375,0.9999999403953552,32,1.140278079245491,0.0,0,0.5,0.8023390908585233,85253,0.0,,759,0,0.109375,1,0,,,,,13,1.4638471603393555,4,0.010098114122942512,,0,0.00034838428532445523,832,0.5,250.20070569962263,151721,4,275,0.9999999403953552,,,85239.0,,,0,1,0.762715220451355,1,64,0,1,0.609375,0,386.125,0,0.1,0.609375,0.0,0,0.762715220451355,0.7414582371711731,0,3.4895357714503916e-08,,8,1,,208.8290786743164,0,0,1,0.11878371238708496,56,,0,,0.04279117222170104,0.7911634867368951,0,,,0.29117316007614136,0.0,0.11650427430868149,-0.007036070028940837,0.015625,711.8666666666667,0.001,0,13,0.8,0.12845461070537567,132.0,0,,0.0019667595624923706,0,66.73162603378296,1,1,1.0,4,,1,0,0,85224,0.008487117476761341,0,1,0.0,1.4381095170974731,3.5,,0.1958831399679184,512.0,0.4285714328289032,0,14328,99.12255859375,0.8630334022681807,,,0.125,0,0.11500916630029678,0.18438858911395073,0.008487117476761341,0,0,,,0.29117316007614136,0,4,,0.29117316007614136,0,272.6514311283827,0.12280169718982971,,0.46530147083103657,16,0,1.0,4,0,0.01692941039800644,,10.0,0.06607094407081604,,312.6299379659729,8,512.0,832,0.609375,0.0,3798.800713002,0.8290414233706215,832,-0.00505004171282053,0,132.0,0.125,,3.443012598901987,,,1.4638471603393555,2.0,0.0065963249653577805,4.078676346689463,1,1,,16,0.06034676358103752,0,340956,56,0.6557735477950057,21.861506204884982,0,0,0,0,96.35546875,1.0,64,0,1,0.5,15,0.0,0.625533938407898,,0.9999999403953552,,-2.2677807807922363,0,0.44642857142857145,,-0.027511805295944214,0.125,,,,0,0.0,0.0,4941.3125,0,-1.4638471603393555,,-0.007036072015762329,200.5,-0.027511805295944214,,0,0,39635,1,0,,0,8,,272.6514311283827,0.0,0.0,0.762715220451355,,,,0.6491882801055908,56,0,112086,0,,,-2.2677807807922363,0.0065963249653577805,0.5535714030265808,16.0,0.609375,0.1671742254393111,64,2.0,0,8,1,20.95824373101228,,0,0.08058056980371475,,1,8,21.861506204884982,0,0.5535714285714285,,1.1158581972122192,32,1.2,,0.9698459904677699,0,0.12280169718982971,-0.007036072015762329,37,,,,1e-06,1769620903.9091573,-0.034094005823135376,0,,,0,0.7627154588699341,708
0,23.875,8,4,1.0147407166659832,8,0.9354126453399658,56,1,0,0,0.75,1,866,0.4107142984867096,3.5,,1.0,,5.018052101135254,,0,0.484375,,0.0026868926361203194,,0,0.4247362017631531,0.36726721073577023,12.85453786328435,0.8241802453994751,0.02,0,,0,1,1.4638471603393555,0.78515625,1.0,32,1.142448491516773,0.0,0,0.4375,0.7872221358685624,89916,0.0,,602,0,0.109375,1,0,,,,,14,1.4638471603393555,4,0.008315703578177737,,0,0.0003290947817439169,896,0.5,270.5062278583646,140280,4,275,1.0,,,89904.75,,,0,1,1.107837200164795,1,64,0,1,0.484375,0,375.953125,0,0.1,0.484375,0.0,0,0.8241806626319885,0.9252535104751587,0,8.544476060023953e-08,,8,1,,209.30132293701172,0,0,1,0.11834873631596565,56,,0,,0.03574487961782984,0.8061385151251486,0,,,0.27190956473350525,0.0,0.12349256128072739,-0.09121263523896535,0.015625,778.5833333333334,0.001,0,14,0.8,0.12602292001247406,421.0,0,,0.002258051186800003,0,66.73162603378296,1,1,1.0,4,,1,0,0,89893,0.007065842393785715,0,1,-0.1963791362941265,1.3798538446426392,3.5,,0.1189199686050415,512.0,0.1607142835855484,0,13051,107.60546875,0.8198817321547717,,,0.125,0,0.12243640422821045,0.1790124550461769,0.007065842393785715,0,0,,,0.27190959453582764,0,4,,0.27190956473350525,0,289.9049532599747,0.12445049983381072,,0.48948865197598934,16,0,1.0,4,0,0.022583005018532276,,10.0,0.05606791377067566,,310.11801967859844,8,512.0,896,0.484375,0.0,4076.8400765,0.8590179223534194,896,0.000839939049910754,0,421.0,0.125,,2.9904850050807,,,1.4638471603393555,2.0,-0.1279696486890316,3.2155661210417747,1,1,,16,0.048731423914432526,0,359619,56,0.6524491558534491,25.803537316868834,0,0,0,0,96.35546875,1.0,64,0,4,0.5,12,0.0,0.6713185906410217,,1.0,,-0.8017822504043579,0,0.5892857142857143,,-0.010929273441433907,0.125,,,,0,0.0,0.935412585735321,5243.09375,0,-0.8017822504043579,,-0.09121264020601909,216.5,-0.010929273441433907,,0,0,24775,1,0,,0,8,,289.9049532599747,0.935412585735321,0.0,0.9199135154485703,,,,0.6950427889823914,56,0,115505,0,,,-0.8017822504043579,0.06840948760509491,0.4107142984867096,16.0,0.484375,0.19996515477616383,64,2.0,0,8,1,23.702622158295963,,0,0.08002359420061111,,1,8,25.803537316868834,0,0.4107142857142857,,1.1415562629699707,32,1.2,,0.9767108334822137,0,0.12445049983381072,-0.09121264020601909,27,,,,1e-06,1769621193.831696,-0.017591265961527824,0,,,0,0.8241810202598572,737
0,26.0,8,4,1.0233978405594826,8,,56,1,0,0,0.875,1,930,0.375,3.5,,,,5.443974018096924,,0,0.453125,,0.003217210527509451,,0,0.43007948994636536,0.3637776569189886,11.370236650109291,,0.02,0,,0,0,2.2677807807922363,0.77880859375,,32,1.1450851979887897,,0,0.5,0.7750038856432323,90907,,,576,0,0.109375,1,0,,,,,15,2.2677807807922363,4,0.007292373772432195,,0,0.0003055336666839575,960,0.5,260.67869925126433,143906,4,275,,,,90888.5,,,0,1,,1,64,0,1,0.453125,0,352.875,0,,0.453125,,0,,1.0482243299484253,0,,,8,1,,209.65634536743164,0,0,1,0.11107798665761948,56,,0,,0.03127523462844389,0.7645209233987281,0,,,0.25430309772491455,,0.12727966904640198,0.10905860178172588,0.015625,697.8125,0.001,0,15,,0.12751561403274536,,0,,0.0015830807387828827,0,66.73162603378296,0,1,,4,,1,0,0,90869,0.007428806275129318,0,1,0.0,1.2945425510406494,3.5,,0.034200288355350494,,0.25,0,11752,115.8759765625,0.7860305022641427,,,0.125,0,0.1263289898633957,0.1759825088083744,0.007428806275129318,0,0,,,0.25430309772491455,0,4,,0.25430309772491455,0,278.02631383761764,0.1265081218501516,,0.46182145923376083,16,1,1.0,4,0,0.0,,,0.05825800821185112,,326.906107358902,8,,960,0.453125,,4371.696499937,0.9160670262357485,960,-0.00019365122716408223,0,,0.125,,2.6511716544628143,,,2.2677807807922363,,-0.10905859060585499,3.002550680190325,1,1,,16,0.034699004143476486,0,363554,56,0.6510766976882476,25.803537316868834,0,0,0,0,96.35546875,1.0,64,0,0,0.5,16,,0.6587633490562439,,,,-2.2677807807922363,0,0.625,,-0.009039560332894325,0.125,,,,0,,,5327.65625,0,-1.0690430402755737,,0.10905860923230648,232.5,-0.009039560332894325,,0,0,59118,1,0,,0,8,,278.02631383761764,,,,,,,0.683784008026123,56,0,84788,0,,,-2.2677807807922363,-0.10905859060585499,0.375,,0.453125,0.2216261824045366,64,2.0,0,8,1,25.803537316868834,,0,0.09023961424827576,,1,8,25.803537316868834,0,0.375,,1.1484432220458984,32,1.2,,0.988589577442561,0,0.1265081218501516,0.10905860923230648,24,,,,1e-06,1769621471.8711383,-0.016952551901340485,0,,,0,,550
0,26.0625,8,4,1.023006610572338,8,0.8749992251396179,56,1,0,0,0.75,1,994,0.4464285671710968,3.5,,1.0,,6.4894633293151855,,0,0.515625,,0.0024352879263460636,,0,0.45142513513565063,0.40049395521438935,12.58269152417779,0.8078615665435791,0.02,0,,0,1,2.2677807807922363,0.7880859375,1.0,32,1.143862690743312,0.0,0,0.4375,0.7550967117166288,83685,0.0,,519,0,0.109375,1,0,,,,,16,2.2677807807922363,4,0.008816190785276066,,0,0.00033053130768229925,1024,0.5,275.8124245740473,127376,4,275,1.0,,,83670.5,,,0,1,0.8078616261482239,1,64,0,1,0.515625,0,377.59375,0,0.1,0.515625,0.0,0,0.8078616261482239,1.1123840808868408,0,4.388994767623444e-08,,8,1,,209.59810638427734,0,0,1,0.11062287911772728,56,,0,,0.03759596131306073,0.8882390104666018,0,,,0.2884736657142639,1.0,0.1327001303434372,0.2006584902604421,0.015625,604.9333333333333,0.001,0,16,0.8,0.12979362905025482,208.0,0,,0.0018488094210624695,0,66.73162603378296,1,1,1.0,4,,1,0,0,83662,0.00684988871216774,0,1,-0.048663683235645294,1.2279301881790161,3.5,,0.19872401654720306,512.0,0.1964285671710968,0,12938,123.4248046875,0.7746214257032465,,,0.125,0,0.13162574172019958,0.1624019257724285,0.00684988871216774,0,0,,,0.2884736657142639,0,4,,0.2884736657142639,0,294.8428663164377,0.12558543479629172,,0.4761394988745451,16,0,1.0,4,0,0.013335281051695347,,10.0,0.05277522653341293,,283.7799708208009,8,512.0,1024,0.515625,0.0,4605.574268419,0.8988351017923998,1024,0.0024751140736043453,0,208.0,0.125,,2.950620364397764,,,2.2677807807922363,2.0,-0.2367810197174549,3.1846699118614197,1,1,,16,0.029130149632692337,0,334682,56,0.6462014338864868,26.78467207398351,0,0,0,0,96.35546875,1.0,64,0,1,0.5,15,0.0,0.7301215529441833,,1.0,,-1.4638471603393555,0,0.5535714285714286,,-0.016166547313332558,0.125,,,,0,0.0,0.8749991655349731,4851.8125,0,-1.0690430402755737,,0.20065849622090656,248.5,-0.016166547313332558,,0,0,22427,1,0,,0,8,,294.8428663164377,0.8749991655349731,0.0,0.8078616261482239,,,,0.7547283172607422,56,0,104949,0,,,-1.4638471603393555,-0.18811733648180962,0.4464285671710968,16.0,0.515625,0.18697420848631188,64,2.0,0,8,1,25.8648582391885,,0,0.08879445493221283,,1,8,26.78467207398351,0,0.4464285714285714,,1.1417028903961182,32,1.2,,0.98735438772405,0,0.12558543479629172,0.20065849622090656,30,,,,1e-06,1769621766.727513,-0.02395031228661537,0,,,0,0.8078616261482239,709
0,27.625,8,4,1.0214120000600815,8,0.935412585735321,56,1,0,0,0.875,1,1024,0.5357142686843872,3.5,,1.0,,6.705574035644531,,0,0.59375,,0.0049553532153368,,0,0.47571370005607605,0.3174355149041282,10.084469847381115,0.8880098462104797,0.02,0,,0,0,2.2677807807922363,0.7763671875,1.0,32,1.1363360422566071,0.0,0,0.4375,0.7407981493420253,72061,0.0,,960,0,0.109375,1,0,,,,,17,1.4638471603393555,4,0.008077618454795965,,0,0.0003748275260363656,1024,0.5,218.55570033565164,79448,4,275,1.0,,,72047.25,,,0,1,0.8880101442337036,1,64,0,1,0.59375,0,357.796875,0,0.1,0.59375,0.0,0,0.8880102038383484,1.1693087816238403,0,7.183455608128497e-08,,8,1,,210.20780563354492,0,0,1,0.10802116990089417,56,,0,,0.03499255643824405,0.8238369344327025,0,,,0.362002432346344,1.0,0.15786100924015045,0.03447902003924052,0.015625,726.3333333333334,0.001,0,17,0.8,0.15821176767349243,339.0,0,,0.0023890621960163116,0,66.73162603378296,0,1,1.0,4,,1,0,0,72030,0.013019714504480362,0,1,-0.05254600942134857,1.4661204814910889,3.5,,0.05145202949643135,512.0,0.4107142984867096,0,10346,128.1025390625,0.7522496708312211,,,0.125,0,0.1551680862903595,0.1457170955836773,0.013019714504480362,0,0,,,0.3620024025440216,0,4,,0.362002432346344,0,233.86233048513532,0.11977597880700566,,0.48588783480226994,16,1,1.0,4,0,0.007423257455229759,,10.0,0.08229295909404755,,308.0754812052959,8,512.0,1024,0.59375,0.0,4950.35727781,0.8967504870054378,1024,-0.0031456288415938616,0,339.0,0.125,,2.327880784869194,,,2.2677807807922363,2.0,-0.08487006276845932,2.602376516908407,1,1,,16,0.025901824235916138,0,288189,56,0.6371056474540915,27.78229171332141,0,0,0,0,96.35546875,1.0,64,0,1,0.5,15,0.0,0.7035403847694397,,1.0,,-2.2677807807922363,0,0.4642857142857143,,-0.018581541255116463,0.125,,,,0,0.0,0.935412585735321,4145.15625,0,-1.0690430402755737,,0.03447901805241903,264.5,-0.018581541255116463,,0,0,68256,1,0,,0,8,,233.86233048513532,0.935412585735321,0.0,0.8880101442337036,,,,0.7341669201850891,56,0,11192,0,,,-2.2677807807922363,-0.03232405334711075,0.5357142686843872,16.0,0.59375,0.18820895458161302,64,2.0,0,8,1,27.408184348569698,,0,0.14068584144115448,,1,8,27.78229171332141,0,0.5357142857142857,,1.1527395248413086,32,1.2,,0.9870938108756797,0,0.11977597880700566,0.03447901805241903,34,,,,1e-06,1769622000.6053233,-0.03425155207514763,0,,,0,0.8880102634429932,545
0,28.6875,7,4,1.0194945223629475,7,0.7015593647956848,57,1,0,0,1.0,1,1024,0.5438596606254578,3.5625,,1.0,,5.503994941711426,,0,0.59375,,0.0024928138591349125,,0,0.4028075635433197,0.23447194475665425,13.972074136137962,0.9693016409873962,0.02,0,,0,0,2.2677807807922363,0.7783203125,1.0,32,1.1397393046353184,0.0,0,0.4375,0.7151868126222994,99786,0.0,,879,0,0.109375,1,0,,,,,18,1.0690429210662842,4,0.008238111646212201,,0,0.00028968212771786513,1024,0.4375,323.74183974415064,112469,4,275,1.0,,,99774.75,,,0,1,0.9693019390106201,1,64,0,1,0.6428571428571429,0,426.171875,0,0.1,0.59375,0.0,0,0.9693018794059753,0.7088301777839661,0,2.7859179851930094e-08,,7,1,,209.84418106079102,0,0,1,0.11561184749007225,57,,0,,0.035009043210175825,0.870685700073558,0,,,0.3267017900943756,0.0,0.11103600263595581,0.12180156367165702,0.015625,696.0,0.001,0,18,0.8,0.11274420469999313,404.0,0,,0.001892589032649994,0,66.73162603378296,0,1,1.0,4,,1,0,0,99759,0.005709690507501364,0,1,-0.06092955358326435,1.5170204639434814,3.5625,,0.06668617576360703,512.0,0.5438596606254578,0,12609,126.0888671875,0.736065757440989,,,0.109375,0,0.10979755222797394,0.17668969184160233,0.005709690507501364,0,0,,,0.3267017602920532,1,4,,0.3267017900943756,0,344.76397171616554,0.12239745794599582,,0.49958311393857,16,1,1.0,4,0,0.014196532196365297,,10.0,0.05064287409186363,,289.40016412776953,7,512.0,1024,0.59375,0.0,5144.614148831,0.8804843895236046,1024,0.002490535844117403,0,404.0,0.109375,,3.2878221198916435,,,2.2677807807922363,2.0,-0.16750591434538364,3.432462804019451,1,1,,16,0.021746715530753136,0,399099,57,0.6256585277479857,29.766795124649096,0,0,0,0,101.806640625,1.0,64,0,2,0.4375,14,0.0,0.6744517087936401,,1.0,,-2.2677807807922363,0,0.40816326530612246,,-0.025539327412843704,0.109375,,,,0,0.0,0.7015594244003296,5809.75,0,-1.0690430402755737,,0.12180155302797045,280.5,-0.025539327412843704,,0,0,89350,1,0,,0,7,,344.76397171616554,0.7015594244003296,0.0,0.8956713080406189,,,,0.6930022239685059,57,0,23119,0,,,-2.2677807807922363,-0.1065763607621193,0.5438596606254578,16.0,0.59375,0.2082321516069526,64,2.0,0,7,1,28.462599815375768,,0,0.08158867061138153,,1,7,29.766795124649096,0,0.5918367346938774,,1.1355311870574951,32,1.2,,0.9850605486904506,0,0.12239745794599582,0.12180155302797045,34,,,,1e-06,1769622345.3882446,-0.02975643053650856,0,,,0,0.9693021178245544,698
0,30.25,8,4,1.0354194790124893,8,0.935412585735321,56,1,0,0,0.875,1,1024,0.4821428656578064,3.5,,1.0,,5.549201011657715,,0,0.546875,,0.004232353530824184,,0,0.5097964406013489,0.28515570397627343,8.678367521613836,0.877536952495575,0.02,0,,0,0,2.2677807807922363,0.77978515625,1.0,32,1.1364467808247771,0.0,0,0.5,0.7014393198830728,67896,0.0,,560,0,0.109375,1,0,,,,,19,1.0690429210662842,4,0.0079742638122265,,0,0.0003662185897442588,1024,0.5,180.92004707083106,118839,4,275,1.0,,,67887.5,,,0,1,0.8775373697280884,1,64,0,1,0.546875,0,312.078125,0,0.1,0.546875,0.0,0,0.8775374293327332,1.3753098249435425,0,5.684417914153528e-08,,8,1,,210.19660568237305,0,0,1,0.09944665804505348,56,,0,,0.03195863568997914,0.7191438290099296,0,,,0.25720131397247314,1.0,0.17288553714752197,-0.07899388869603476,0.015625,735.3333333333334,0.001,0,19,0.8,0.17560826241970062,313.0,0,,0.0019963420927524567,0,66.73162603378296,0,1,1.0,4,,1,0,0,67881,0.010227484628558159,0,1,-0.052482616156339645,1.6247999668121338,3.5,,0.03316130116581917,512.0,0.3571428656578064,0,9032,129.68115234375,0.7059686297052727,,,0.125,0,0.1720142662525177,0.13362862542271614,0.010227484628558159,0,0,,,0.25720131397247314,0,4,,0.25720131397247314,0,194.24592097848654,0.11987635623183301,,0.5078056026250124,16,1,1.0,4,0,0.008164733648300171,,10.0,0.058240339159965515,,349.4925384174157,8,512.0,1024,0.546875,0.0,5397.283478916,0.8936030267645341,1024,-0.014441756531596184,0,313.0,0.125,,2.165411338210106,,,2.2677807807922363,2.0,0.02157413773238659,2.212193913757801,1,1,,16,0.027301892638206482,0,271550,56,0.620268458077696,30.76361383817582,0,0,0,0,101.806640625,1.0,64,0,1,0.5,15,0.0,0.6895393133163452,,1.0,,-1.4638471603393555,0,0.5178571428571428,,-0.033681824803352356,0.125,,,,0,0.0,0.935412585735321,3930.890625,0,-1.4638471603393555,,-0.07899388074874877,296.5,-0.033681824803352356,,0,0,38710,1,0,,0,8,,194.24592097848654,0.935412585735321,0.0,0.8775373697280884,,,,0.7162759900093079,56,0,80129,0,,,-1.4638471603393555,0.07405675388872623,0.4821428656578064,16.0,0.546875,0.2085466052664845,64,2.0,0,8,1,30.01599980303078,,0,0.13059872388839722,,1,8,30.76361383817582,0,0.48214285714285715,,1.1374144554138184,32,1.2,,0.9867003783455668,0,0.11987635623183301,-0.07899388074874877,31,,,,1e-06,1769622539.6451778,-0.04824117198586464,0,,,0,0.8775374293327332,467
0,31.375,8,4,1.0151674412190914,8,0.5123465657234192,56,1,0,0,0.875,1,1024,0.5,3.5,,1.0,,5.63491153717041,,0,0.5625,,0.002738651819527149,,0,0.4659770429134369,0.30304576336566325,11.899768654257059,0.8210116624832153,0.02,0,,0,0,2.2677807807922363,0.78857421875,1.0,32,1.1393226282248987,0.0,0,0.5,0.6849387818004391,79612,0.0,,541,0,0.109375,1,0,,,,,20,2.2677807807922363,4,0.00868711768225705,,0,0.00033742108810449816,1024,0.5,234.60873638093472,97790,4,275,1.0,,,79611.5,,,0,1,0.8210116624832153,1,64,0,1,0.5625,0,364.6875,0,0.1,0.5625,0.0,0,0.8210117220878601,1.1340667009353638,0,0.0,,8,1,,210.47036743164062,0,0,1,0.10745039582252502,56,,0,,0.03736824659206603,0.794998191771549,0,,,0.27144554257392883,1.0,0.14483943581581116,-0.032434348265329996,0.015625,736.6,0.001,0,20,0.8,0.13745230436325073,117.0,0,,0.0031848549842834473,0,66.73162603378296,0,1,1.0,4,,1,0,0,79611,0.0065095252357423306,0,1,-0.02854486182332039,1.370807409286499,3.5,,0.05993643030524254,512.0,0.375,0,10414,126.67236328125,0.6992416265785639,,,0.125,0,0.14400988817214966,0.14813877642154694,0.0065095252357423306,0,0,,,0.27144554257392883,0,4,,0.27144554257392883,0,252.652320984751,0.12218654351961031,,0.5046252701431513,16,1,1.0,4,0,0.01232612319290638,,10.0,0.0473584309220314,,315.1029829835009,8,512.0,1024,0.5625,0.0,5723.554594732,0.9203514455776364,1024,-0.0027518426068127155,0,117.0,0.125,,2.766377877444029,,,2.2677807807922363,2.0,0.0018623452633619308,3.0837963931262493,1,1,,16,0.02653568983078003,0,318446,56,0.6142550348012823,31.75040333445182,0,0,0,0,101.806640625,1.0,64,0,1,0.5,15,0.0,0.7168795466423035,,1.0,,-2.2677807807922363,0,0.5,,-0.03310510516166687,0.125,,,,0,0.0,0.5123465061187744,4611.03125,0,-1.4638471603393555,,-0.032434336344401044,312.5,-0.03310510516166687,,0,0,57914,1,0,,0,8,,252.652320984751,0.5123465061187744,0.0,0.8210116624832153,,,,0.7390232682228088,56,0,39876,0,,,-2.2677807807922363,0.03040720708668232,0.5,16.0,0.5625,0.18291969521477244,64,2.0,0,8,1,31.133659899279323,,0,0.10000789165496826,,1,8,31.75040333445182,0,0.5,,1.1448668241500854,32,1.2,,0.9900439306972045,0,0.12218654351961031,-0.032434336344401044,31,,,,1e-06,1769622792.3144867,-0.04075261950492859,0,,,0,0.8210116624832153,546
0,32.0,8,4,1.031472347676754,8,0.5123465061187744,56,1,0,0,1.0,1,1024,0.4464285671710968,3.5,,1.0,,6.178152561187744,,0,0.515625,,0.0026644538156688213,,0,0.46094632148742676,0.21943224513293766,12.424549169838428,0.8213304877281189,0.02,0,,0,1,2.2677807807922363,0.79736328125,1.0,32,1.1369288455874664,0.0,0,0.375,0.6774714995469496,92545,0.0,,1156,0,0.109375,1,0,,,,,21,1.0690429210662842,4,0.00765308284916294,,0,0.0003093127472190864,1024,0.5,307.5321871563792,109790,4,275,1.0,,,92540.25,,,0,1,0.9409369826316833,1,64,0,1,0.515625,0,402.09375,0,0.1,0.515625,0.0,0,0.821330726146698,1.18441903591156,0,2.521246500464258e-08,,8,1,,211.24725723266602,0,0,1,0.11449551582336426,56,,0,,0.03356525719845804,0.8928806021490162,0,,,0.3610674738883972,0.0,0.14084474742412567,-0.11759193126971905,0.015625,850.4615384615385,0.001,0,21,0.8,0.130884051322937,156.0,0,,0.0017513856291770935,0,66.73162603378296,1,1,1.0,4,,1,0,0,92533,0.006544202566146851,0,1,-0.12731129303574562,1.3696247339248657,3.5,,0.3275957703590393,512.0,0.4464285671710968,0,12508,126.22314453125,0.6857081154009648,,,0.125,0,0.13939407467842102,0.17011945322155952,0.006544202566146851,0,0,,,0.36106744408607483,0,4,,0.3610674738883972,0,326.2580933868885,0.11999854260580115,,0.4678234439343214,16,0,1.0,4,0,0.026338658295571804,,10.0,0.05000000074505806,,283.6412394841726,8,512.0,1024,0.515625,0.0,5993.051602087,0.9314767300158643,1024,-0.0016223458806052804,0,156.0,0.125,,2.832872800529003,,,2.2677807807922363,2.0,-0.03176785074174404,3.1446829475462437,1,1,,16,0.026295099407434464,0,370161,56,0.6112208537713408,31.753283098660535,0,0,0,0,101.806640625,1.0,64,0,3,0.5,13,0.0,0.7384932041168213,,1.0,,-1.4638471603393555,0,0.5535714285714286,,-0.018902961164712906,0.125,,,,0,0.0,0.5123465061187744,5381.671875,0,-1.4638471603393555,,-0.1175919220997737,328.5,-0.018902961164712906,,0,0,81879,1,0,,0,8,,326.2580933868885,0.5123465061187744,0.0,0.8704186280568441,,,,0.7583576440811157,56,0,27911,0,,,-1.4638471603393555,0.09554344229400158,0.4464285671710968,16.0,0.515625,0.20644790378790476,64,2.0,0,8,1,31.750889379473783,,0,0.1472960114479065,,1,8,31.753283098660535,0,0.4464285714285714,,1.1462996006011963,32,1.2,,0.9914345912519831,0,0.11999854260580115,-0.1175919220997737,29,,,,1e-06,1769623118.5856137,-0.026829618960618973,0,,,0,0.8213307857513428,710
0,32.0,7,4,1.0361413322389126,7,0.7015594244003296,57,1,0,0,1.0,1,1024,0.45614033937454224,3.5625,,1.0,,6.6225385665893555,,0,0.515625,,0.0035130700562149286,,0,0.46367818117141724,0.3121848681791501,11.052869498729706,0.7926827669143677,0.02,0,,0,1,2.2677807807922363,0.78564453125,1.0,32,1.1396082635866174,0.0,0,0.4375,0.6759263721862047,82425,0.0,,507,0,0.109375,1,0,,,,,22,1.20761239528656,4,0.007993910122066693,,0,0.00030752697111226463,1024,0.4375,252.66491181403399,141725,4,275,1.0,,,82423.75,,,0,1,0.9995531439781189,1,64,0,1,0.5357142857142857,0,372.546875,0,0.1,0.515625,0.0,0,0.7926828861236572,1.0541986227035522,0,5.162208438491689e-08,,7,1,,211.37990188598633,0,0,1,0.10139010474085808,57,,0,,0.03352452872724702,0.8261018787323083,0,,,0.3558714687824249,1.0,0.14481714367866516,-0.30512568125358,0.015625,828.9230769230769,0.001,0,22,0.8,0.14111727476119995,155.0,0,,0.001877177506685257,0,66.73162603378296,1,1,1.0,4,,1,0,0,82421,0.008092149160802364,0,1,-0.16910076700150967,1.1227699518203735,3.5625,,0.26694023609161377,512.0,0.45614033937454224,0,10463,127.75341796875,0.6831015877954426,,,0.109375,0,0.14309531450271606,0.1491125226020813,0.008092149160802364,0,0,,,0.3558714687824249,1,4,,0.3558714687824249,0,269.4856675378978,0.1222355734954732,,0.5019813235849142,16,0,1.0,4,0,0.025221937912647263,,10.0,0.057343434542417526,,305.8557835488922,7,512.0,1024,0.515625,0.0,6313.468820473,0.9563314636664001,1024,-0.005790162365883589,0,155.0,0.109375,,2.6355521976947784,,,2.2677807807922363,2.0,0.07881384901702404,2.846469558775425,1,1,,16,0.02757490798830986,0,329695,57,0.6071904227821827,31.74632507619981,0,0,0,0,101.806640625,1.0,64,0,3,0.4375,13,0.0,0.7195525765419006,,1.0,,-2.2677807807922363,0,0.5306122448979592,,-0.02808128111064434,0.109375,,,,0,0.0,0.7015594244003296,4778.9375,0,-2.2677807807922363,,-0.3051256858385526,344.5,-0.02808128111064434,,0,0,50206,1,0,,0,7,,269.4856675378978,0.7015594244003296,0.0,0.8784165978431702,,,,0.7416760325431824,57,0,91519,0,,,-2.2677807807922363,0.2479146160185337,0.45614033937454224,16.0,0.515625,0.2041717927499311,64,2.0,0,7,1,31.75311114218283,,0,0.12762267887592316,,1,7,31.74632507619981,0,0.4693877551020408,,1.171360969543457,32,1.2,,0.9945414329583,0,0.1222355734954732,-0.3051256858385526,28,,,,1e-06,1769623388.0826168,-0.03691070154309273,0,,,0,0.7926828265190125,545
0,32.0,8,4,1.0151711478829384,8,1.2808661460876465,56,1,0,0,0.875,1,1024,0.4821428656578064,3.5,,1.0,,5.593639850616455,,0,0.546875,,0.002867956180125475,,0,0.43863821029663086,0.3345534641999142,12.671042006462812,1.0374183654785156,0.02,0,,0,0,2.2677807807922363,0.7919921875,1.0,32,1.138077917917415,0.0,0,0.5,0.6799871958912093,92344,0.0,,536,0,0.109375,1,0,,,,,23,2.2677807807922363,4,0.008185709212356193,,0,0.00029065889067363023,1024,0.5,301.18769405037165,125407,4,275,1.0,,,92336.0,,,0,1,1.0374184846878052,1,64,0,1,0.546875,0,400.234375,0,0.1,0.546875,0.0,0,1.0374184846878052,0.9223669767379761,0,1.3438699397738674e-07,,8,1,,211.62687301635742,0,0,1,0.10735311731696129,56,,0,,0.03430688465620888,0.8762359127404776,0,,,0.26813456416130066,1.0,0.12535548210144043,0.03490470775536129,0.015625,637.5714285714286,0.001,0,23,0.8,0.11456117779016495,519.0,0,,0.0015719756484031677,0,66.73162603378296,0,1,1.0,4,,1,0,0,92323,0.00622583506628871,0,1,-0.07301590591669083,1.320522665977478,3.5,,0.110793836414814,512.0,0.3571428656578064,0,11100,126.01904296875,0.6918036509435028,,,0.125,0,0.12446101009845734,0.18846143782138824,0.00622583506628871,0,0,,,0.26813456416130066,0,4,,0.26813456416130066,0,320.4061351045966,0.12119530037875709,,0.49613041058182716,16,1,1.0,4,0,0.002985761035233736,,10.0,0.05434506759047508,,288.1842445677793,8,512.0,1024,0.546875,0.0,6523.894489625,0.9370863173515188,1024,-0.002377826254814863,0,519.0,0.125,,3.0233425833284855,,,2.2677807807922363,2.0,-0.10355751402676105,3.1904382295906544,1,1,,16,0.026880284771323204,0,369344,56,0.602723758267051,31.74383127744195,0,0,0,0,101.806640625,1.0,64,0,2,0.5,14,0.0,0.7321887016296387,,1.0,,-2.2677807807922363,0,0.5178571428571428,,-0.02121470309793949,0.125,,,,0,0.0,1.280866265296936,5370.765625,0,-2.2677807807922363,,0.0349047098840986,360.5,-0.02121470309793949,,0,0,51039,1,0,,0,8,,320.4061351045966,1.280866265296936,0.0,0.9781915843486786,,,,0.758857011795044,56,0,74368,0,,,-2.2677807807922363,-0.03054160811007023,0.4821428656578064,16.0,0.546875,0.20455650486671242,64,2.0,0,8,1,31.749249836162225,,0,0.07528302818536758,,1,8,31.74383127744195,0,0.48214285714285715,,1.1185702085494995,32,1.2,,0.9921357896689398,0,0.12119530037875709,0.0349047098840986,30,,,,1e-06,1769623708.4997911,-0.027126088738441467,0,,,0,1.0374186038970947,559
0,32.0,8,4,1.0147403180599213,8,1.984308123588562,56,1,0,0,0.75,1,1024,0.4285714328289032,3.5,,1.0,,6.187991142272949,,0,0.5,,0.004804557655006647,,0,0.5130067467689514,0.34255939452233714,9.11456710100174,0.8479074835777283,0.02,0,,0,0,2.2677807807922363,0.73974609375,0.9999999403953552,32,1.1404406122567954,0.0,0,0.5,0.6758205774479232,75748,0.0,,619,0,0.109375,1,0,,,,,24,2.2677807807922363,4,0.007174850391340423,,0,0.0003112076572380076,1024,0.5,196.52285311371088,92664,4,275,0.9999999403953552,,,75744.75,,,0,1,0.8479077816009521,1,64,0,1,0.5,0,308.140625,0,0.1,0.5,0.0,0,0.8479077219963074,1.1883137226104736,0,3.0503649384172604e-08,,8,1,,211.9421272277832,0,0,1,0.0942893847823143,56,,0,,0.0300831645130578,0.6937945375371953,0,,,0.35202261805534363,1.0,0.17238585650920868,0.22620020906130472,0.015625,678.6,0.001,0,24,0.8,0.15393739938735962,162.0,0,,0.0011778287589550018,0,66.73162603378296,0,1,1.0,4,,1,0,0,75738,0.009157729335129261,0,1,-0.11093577742576599,1.0058342218399048,3.5,,0.16858702898025513,512.0,0.1785714328289032,0,8088,127.259765625,0.6840339933631902,,,0.125,0,0.17072558403015137,0.1317981295287609,0.009157729335129261,0,0,,,0.35202261805534363,0,4,,0.35202261805534363,0,210.41541562601924,0.12303663399046716,,0.5407196171581745,16,1,1.0,4,0,0.010311461985111237,,10.0,0.05948995426297188,,359.9771897636271,8,512.0,1024,0.5,0.0,6823.611794601,0.9473748582010526,1024,-0.0006092930561862886,0,162.0,0.125,,2.17382899671793,,,2.2677807807922363,2.0,-0.3229984771460295,2.34440241381526,1,1,,16,0.0265632513910532,0,302979,56,0.601158998619121,31.746907988480775,0,0,0,0,101.806640625,1.0,64,0,1,0.5,15,0.0,0.759871780872345,,0.9999999403953552,,-0.8017822504043579,0,0.5714285714285714,,-0.008405026979744434,0.125,,,,0,0.0,1.984308123588562,4425.90625,0,-0.8017822504043579,,0.22620020707448324,376.5,-0.008405026979744434,,0,0,57299,1,0,,0,8,,210.41541562601924,1.984308123588562,0.0,0.8479077816009521,,,,0.7856694459915161,56,0,35365,0,,,-0.8017822504043579,-0.21206269972026348,0.4285714328289032,16.0,0.5,0.2195159637934815,64,2.0,0,8,1,31.746523399600925,,0,0.14377205073833466,,1,8,31.746907988480775,0,0.42857142857142855,,1.1120498180389404,32,1.2,,0.9934218572751315,0,0.12303663399046716,0.22620020707448324,26,,,,1e-06,1769623918.9255114,-0.01946554332971573,0,,,0,0.8479079008102417,348
0,32.0,7,4,0.9912276230752468,7,0.9354126453399658,57,1,0,0,1.0,1,1024,0.4385964870452881,3.5625,,1.0,,6.372853755950928,,0,0.5,,0.00356186437420547,,0,0.4596025347709656,0.18480377832933503,10.868594471365213,0.8369460701942444,0.02,0,,0,1,2.2677807807922363,0.76220703125,1.0,32,1.1333653962044472,0.0,0,0.375,0.6677438342259506,86817,0.0,,1282,0,0.109375,1,0,,,,,25,1.0690429210662842,4,0.007218144224542081,,0,0.00028561405154131604,1024,0.4375,283.36647997796535,100920,4,275,1.0,,,86800.25,,,0,1,1.043174386024475,1,64,0,1,0.5714285714285714,0,359.65625,0,0.1,0.5,0.0,0,0.8369463682174683,0.8051844835281372,0,5.462177199433427e-08,,7,1,,211.70220184326172,0,0,1,0.09916548430919647,57,,0,,0.03130346534533372,0.8740941998129617,0,,,0.29094043374061584,1.0,0.13920103013515472,-0.12426972602094923,0.015625,749.6428571428571,0.001,0,25,0.8,0.13244062662124634,201.0,0,,0.0017988122999668121,0,66.73162603378296,1,1,1.0,4,,1,0,0,86772,0.007122520357370377,0,1,-0.09223539382219315,1.4179577827453613,3.5625,,0.22540059685707092,512.0,0.4385964870452881,0,9660,129.12158203125,0.6784037220535855,,,0.109375,0,0.13811250030994415,0.14869316667318344,0.007122520357370377,0,0,,,0.29094040393829346,1,4,,0.29094043374061584,0,299.7044055610895,0.11750598812803881,,0.5371968150138855,16,0,1.0,4,0,0.008482928853482008,,10.0,0.05377896875143051,,289.6195330779256,7,512.0,1024,0.5,0.0,7079.273710908,0.9857204003666645,1024,-0.0074103763327002525,0,201.0,0.109375,,2.5061468929052353,,,2.2677807807922363,2.0,0.016500627622008324,2.6776593923568726,1,1,,16,0.026171257719397545,0,347201,57,0.5955908439812159,31.72493662945592,0,0,0,0,101.806640625,1.0,64,0,2,0.4375,14,0.0,0.7198407649993896,,1.0,,-1.4638471603393555,0,0.48979591836734687,,-0.030811836943030357,0.109375,,,,0,0.0,0.935412585735321,5065.359375,0,-1.4638471603393555,,-0.1242697366646358,392.5,-0.030811836943030357,,0,0,66962,1,0,,0,7,,299.7044055610895,0.935412585735321,0.0,0.9400604069232941,,,,0.744217574596405,57,0,33958,0,,,-1.4638471603393555,0.10873602144420147,0.4385964870452881,16.0,0.5,0.21488527750839978,64,2.0,0,7,1,31.734333294096157,,0,0.07240661233663559,,1,7,31.72493662945592,0,0.5102040816326531,,1.1057064533233643,32,1.2,,0.9982150500458331,0,0.11750598812803881,-0.1242697366646358,30,,,,1e-06,1769624218.6428392,-0.036808956414461136,0,,,0,0.8369464874267578,469
0,32.0,7,4,1.0261218175292015,7,0.8749990463256836,57,1,0,0,0.8571428656578064,1,1024,0.4035087823867798,3.5625,,1.0,,6.129915237426758,,0,0.46875,,0.0030730976723134518,,0,0.4700261354446411,0.35347975664670966,11.537603102624416,1.0891718864440918,0.02,0,,0,0,2.4748666286468506,0.75341796875,0.9999999403953552,32,1.1233629449225777,0.0,0,0.4375,0.670396811840923,86945,0.0,,566,0,0.109375,1,0,,,,,26,2.2677807807922363,4,0.007809409199962404,,0,0.00032242433601139907,1024,0.4375,237.9986807219684,120792,4,275,0.9999999403953552,,,86930.0,,,0,1,1.0891718864440918,1,64,0,1,0.5178571428571429,0,352.984375,0,0.1,0.46875,0.0,0,1.0891717672348022,1.240221381187439,0,0.0,,7,1,,215.8365707397461,0,0,1,0.11211339011788368,57,,0,,0.03318072904240313,0.7320130801065682,0,,,0.2918618321418762,0.0,0.14496256411075592,0.1417496225663594,0.015625,725.0,0.001,0,26,0.8,0.14159610867500305,601.0,0,,0.0018445290625095367,0,66.73162603378296,0,1,1.0,4,,1,0,0,86918,0.007830738089978695,0,1,-0.11181141063570976,0.9153942465782166,3.5625,,0.11193691194057465,512.0,0.28070175647735596,0,12248,131.82666015625,0.6873406784887385,,,0.109375,0,0.14380314946174622,0.16428111121058464,0.007830738089978695,0,0,,,0.2918618321418762,1,4,,0.2918618321418762,0,255.64822367206216,0.10966801493646003,,0.5682359281927347,16,1,1.0,4,0,0.0016235089860856533,,10.0,0.05530334264039993,,340.03756705742336,7,512.0,1024,0.46875,0.0,7338.695820033,0.993577237065441,1024,-0.006351005751639605,0,601.0,0.109375,,2.715487767010927,,,2.4748666286468506,2.0,-0.23584232293069363,3.078012350946665,1,1,,16,0.029167085886001587,0,347720,57,0.5933623218710077,31.705106606154832,0,0,0,0,101.806640625,1.0,64,0,2,0.4375,14,0.0,0.7262074947357178,,0.9999999403953552,,-2.2677807807922363,0,0.5510204081632654,,-0.007496905047446489,0.109375,,,,0,0.0,0.8749991059303284,5080.140625,0,-1.0690430402755737,,0.14174961192267282,408.5,-0.007496905047446489,,0,0,62740,1,0,,0,7,,255.64822367206216,0.8749991059303284,0.0,0.9918791353702545,,,,0.7516344785690308,57,0,58052,0,,,-2.2677807807922363,-0.12403091229498386,0.4035087823867798,16.0,0.46875,0.21012068633167766,64,2.0,0,7,1,31.72384468682731,,0,0.11104130744934082,,1,7,31.705106606154832,0,0.4489795918367347,,1.1213830709457397,32,1.2,,0.9991971546331802,0,0.10966801493646003,0.14174961192267282,27,,,,1e-06,1769624474.3046465,-0.01734457165002823,0,,,0,1.0891718864440918,697
0,32.0,8,4,0.9993928819894791,8,0.9354125261306763,56,1,0,0,1.0,1,1024,0.5892857313156128,3.5,,1.0,,6.088172435760498,,0,0.640625,,0.0035218752454966307,,0,0.45784083008766174,0.20748125068968304,10.709915582090616,0.9538131356239319,0.02,0,,0,1,1.4638471603393555,0.74853515625,0.9999999403953552,32,1.136599168865035,0.0,0,0.4375,0.6617459529421861,75770,0.0,,419,0,0.109375,1,0,,,,,27,1.0690429210662842,4,0.008345635704485429,,0,0.00035311687750045397,1024,0.5,243.00413643568754,99451,4,275,0.9999999403953552,,,75761.0,,,0,1,0.9538131952285767,1,64,0,1,0.640625,0,370.046875,0,0.1,0.640625,0.0,0,0.9538131952285767,0.8327979445457458,0,5.109855294449517e-08,,8,1,,211.24824142456055,0,0,1,0.10700995102524757,56,,0,,0.03534112400209414,0.8698570539040437,0,,,0.3773331046104431,1.0,0.13737034797668457,-0.45574165667806354,0.015625,697.0714285714286,0.001,0,27,0.8,0.1270792931318283,228.0,0,,0.0022639892995357513,0,66.73162603378296,1,1,1.0,4,,1,0,0,75750,0.010438106954097748,0,1,-0.07155025191605091,1.5132111310958862,3.5,,0.23141361773014069,512.0,0.5892857313156128,0,12362,128.77001953125,0.6815450729228564,,,0.125,0,0.13483916223049164,0.16162889450788498,0.010438106954097748,0,0,,,0.3773331046104431,0,4,,0.3773331046104431,0,259.4079298861325,0.11993475248365845,,0.6264012977480888,16,0,1.0,4,0,0.008462616708129644,,10.0,0.0821385309100151,,292.0535237039801,8,512.0,1024,0.640625,0.0,7764.555641593,1.0,1024,-0.007820895873010159,0,228.0,0.125,,2.5290948264300823,,,1.4638471603393555,2.0,0.32722368463873863,2.857712771743536,1,1,,16,0.026469027623534203,0,303044,56,0.5842299195842056,31.703295442828544,0,0,0,0,101.806640625,1.0,64,0,2,0.5,14,0.0,0.7008320689201355,,0.9999999403953552,,-2.2677807807922363,0,0.4107142857142857,,-0.03530188277363777,0.125,,,,0,0.0,0.9354125261306763,4365.015625,0,-2.2677807807922363,,-0.4557416502918516,424.5,-0.03530188277363777,,0,0,47900,1,0,,0,8,,259.4079298861325,0.9354125261306763,0.0,0.9347346425056458,,,,0.7297816276550293,56,0,51551,0,,,-2.2677807807922363,0.39877393655478954,0.5892857313156128,16.0,0.640625,0.19377538976419983,64,2.0,0,8,1,31.705151526539773,,0,0.093863345682621,,1,8,31.703295442828544,0,0.5892857142857143,,1.1074509620666504,32,1.2,,1.0,0,0.11993475248365845,-0.4557416502918516,37,,,,1e-06,1769624733.7268665,-0.0444587878882885,0,,,0,0.9538132548332214,575
0,32.0,8,4,0.9770549573004246,8,1.9843083620071411,56,1,0,0,1.0,1,1024,0.4642857015132904,3.5,,1.0,,6.663663864135742,,0,0.53125,,0.002346599707379937,,0,0.3865983784198761,0.15567496226930977,16.247697547078133,0.9288896918296814,0.02,0,,0,0,2.2677807807922363,0.75048828125,1.0,32,1.1410788509688208,0.0,0,0.4375,0.6591045500242584,117770,0.0,,1013,0,0.109375,1,0,,,,,28,1.0690429210662842,4,0.007985012663133827,,0,0.0002590304649593106,1024,0.5,401.3691580221057,172098,4,275,1.0,,,117764.25,,,0,1,0.9642320871353149,1,64,0,1,0.53125,0,488.28125,0,0.1,0.53125,0.0,0,0.9288897514343262,0.9976924657821655,0,1.565294738270495e-08,,8,1,,211.96123504638672,0,0,1,0.12201811373233795,56,,0,,0.034491998945091855,0.9126029327002656,0,,,0.2971416115760803,1.0,0.09714385122060776,0.06783370460782732,0.015625,592.0714285714286,0.001,0,28,0.8,0.08717914670705795,262.0,0,,0.002949025481939316,0,66.73162603378296,0,1,1.0,4,,1,0,0,117757,0.004868044517934322,0,1,-0.1649353764951229,1.5717686414718628,3.5,,0.29415416717529297,512.0,0.4642857015132904,0,13523,130.0673828125,0.6688963894280425,,,0.125,0,0.0961654931306839,0.1898941919207573,0.004868044517934322,0,0,,,0.2971416115760803,0,4,,0.2971416115760803,0,425.842281781137,0.12351071167332094,,0.5989112127572298,16,1,1.0,4,0,0.006886780261993408,,10.0,0.055839549750089645,,276.5442865547234,8,512.0,1024,0.53125,0.0,7971.83970861,0.9795605972012534,1024,-0.0038533189799636602,0,262.0,0.125,,3.761396110057831,,,2.2677807807922363,2.0,-0.22428987361490726,4.108636021614075,1,1,,16,0.026961522176861763,0,471057,56,0.5818041373186115,31.69996146350604,0,0,0,0,101.806640625,1.0,64,0,2,0.5,14,0.0,0.7042938470840454,,1.0,,-1.4638471603393555,0,0.5357142857142857,,-0.026772212237119675,0.125,,,,0,0.0,1.9843082427978516,6871.984375,0,-0.8017822504043579,,0.0678337003503527,440.5,-0.026772212237119675,,0,0,88945,1,0,,0,8,,425.842281781137,1.9843082427978516,0.0,0.9465609192848206,,,,0.7283737063407898,56,0,83153,0,,,-1.4638471603393555,-0.059354497119784355,0.4642857015132904,16.0,0.53125,0.21396662004835262,64,2.0,0,8,1,31.701155836052045,,0,0.061996836215257645,,1,8,31.69996146350604,0,0.4642857142857143,,1.1005213260650635,32,1.2,,0.9974450746501566,0,0.12351071167332094,0.0678337003503527,30,,,,1e-06,1769625159.5867152,-0.03178374469280243,0,,,0,0.9288897514343262,733
0,32.0,8,4,0.995674092322588,8,0.9354125261306763,56,1,0,0,0.625,1,1024,0.7321428656578064,3.5,,1.0,,5.725358009338379,,0,0.765625,,0.003170042298734188,,0,0.4755253493785858,0.2618371124752711,9.587976574897766,1.066244125366211,0.02,0,,0,0,1.4638471603393555,0.7490234375,1.0,32,1.1442274685393814,0.0,0,0.4375,0.6500363203966196,56057,0.0,,483,0,0.109375,1,0,,,,,29,1.0690429210662842,4,0.010334729000027115,,0,0.00041970119040059197,1024,0.5,192.71413739398122,88509,4,275,1.0,,,56047.0,,,0,1,1.0662442445755005,1,64,0,1,0.765625,0,340.296875,0,0.1,0.765625,0.0,0,1.0662442445755005,0.5883694887161255,0,9.537063760944875e-08,,8,1,,212.19801712036133,0,0,1,0.09409197047352791,56,,0,,0.04276757263947119,0.9521026110201681,0,,,0.26310405135154724,1.0,0.14828816056251526,-0.04903869032859802,0.015625,365.3333333333333,0.001,0,29,0.8,0.12987564504146576,427.0,0,,0.002921856939792633,0,66.73162603378296,0,1,1.0,4,,1,0,0,56043,0.010083544068038464,0,1,-0.0534503310918808,1.2069401741027832,3.5,,0.15855760872364044,512.0,0.3571428656578064,0,9567,125.5048828125,0.6507340734100596,,,0.125,0,0.14711861312389374,0.12457208335399628,0.010083544068038464,0,0,,,0.26310405135154724,0,4,,0.26310405135154724,0,207.27223201841116,0.12578679197402048,,0.6236402243375778,16,1,1.0,4,0,-0.004008901305496693,,10.0,0.07763998955488205,,270.4028390789055,8,512.0,1024,0.765625,0.0,8280.971872886,1.0,1024,-0.005708826240152121,0,427.0,0.125,,2.3169222250580788,,,1.4638471603393555,2.0,-0.0074765440076589584,2.3956964313983917,1,1,,16,0.02777622826397419,0,224188,56,0.5661067871697906,31.685322002998973,0,0,0,0,101.806640625,1.0,64,0,1,0.5,15,0.0,0.6805862784385681,,1.0,,-2.2677807807922363,0,0.26785714285714285,,-0.03691856190562248,0.125,,,,0,0.0,0.935412585735321,3162.640625,0,-2.2677807807922363,,-0.04903870423634847,456.5,-0.03691856190562248,,0,0,34425,1,0,,0,8,,207.27223201841116,0.935412585735321,0.0,1.0662442445755005,,,,0.7157280445098877,56,0,54084,0,,,-2.2677807807922363,0.04597378708422184,0.7321428656578064,16.0,0.765625,0.15447031181540727,64,2.0,0,8,1,31.690811800689126,,0,0.04698926955461502,,1,8,31.685322002998973,0,0.7321428571428571,,1.097168207168579,32,1.2,,1.0,0,0.12578679197402048,-0.04903870423634847,44,,,,1e-06,1769625366.8707595,-0.043287910521030426,0,,,0,1.06624436378479,493
0,32.0,8,4,0.9798122681677341,8,1.280866265296936,56,1,0,0,0.875,1,1024,0.5178571343421936,3.5,,1.0,,5.7719011306762695,,0,0.578125,,0.0024300571531057358,,0,0.40836405754089355,0.26666400934050144,14.85236744210124,1.0254660844802856,0.02,0,,0,0,2.2677807807922363,0.74560546875,1.0,32,1.1420387980935265,0.0,0,0.375,0.628248789899488,86578,0.0,,595,0,0.109375,1,0,,,,,30,1.4638471603393555,4,0.00948397831472367,,0,0.0003747475611140225,1024,0.5,287.08345559611917,106781,4,275,1.0,,,86568.75,,,0,1,1.0254662036895752,1,64,0,1,0.578125,0,398.046875,0,0.1,0.578125,0.0,0,1.0254660844802856,0.9843435287475586,0,3.1252664456360435e-08,,8,1,,212.46688842773438,0,0,1,0.12976571172475815,56,,0,,0.04289182713768317,0.8948985523569799,0,,,0.31266555190086365,1.0,0.10819625854492188,0.0011226812998453776,0.015625,465.1333333333333,0.001,0,30,0.8,0.09596633166074753,460.0,0,,0.0032478496432304382,0,66.73162603378296,0,1,1.0,4,,1,0,0,86561,0.007091646082699299,0,1,-0.07294116169214249,1.3354076147079468,3.5,,0.8928398489952087,512.0,0.3928571343421936,0,13896,129.0751953125,0.6539116548152212,,,0.125,0,0.10673588514328003,0.16723895072937012,0.007091646082699299,0,0,,,0.31266558170318604,0,4,,0.31266555190086365,0,309.1188038960099,0.12415337558197649,,0.6201825775206089,16,1,1.0,4,0,-0.001571709057316184,,10.0,0.07389722764492035,,280.0500937145268,8,512.0,1024,0.578125,0.0,8607.972768472,0.9804820074863325,1024,0.0007896675961092114,0,460.0,0.125,,3.2840645909309387,,,2.2677807807922363,2.0,-0.07399367541074753,3.5640527307987213,1,1,,16,0.028255056589841843,0,346275,56,0.5619085900697365,31.672605334123553,0,0,0,0,101.806640625,1.0,64,0,1,0.5,15,0.0,0.6828491687774658,,1.0,,-1.4638471603393555,0,0.48214285714285715,,-0.01975587010383606,0.125,,,,0,0.0,1.280866265296936,5012.5,0,-1.4638471603393555,,0.0011226932207743328,472.5,-0.01975587010383606,,0,0,73053,1,0,,0,8,,309.1188038960099,1.280866265296936,0.0,1.0254662036895752,,,,0.7123875021934509,56,0,33728,0,,,-1.4638471603393555,-0.0010525137186050415,0.5178571343421936,16.0,0.578125,0.17015441958805727,64,2.0,0,8,1,31.67657929314712,,0,0.08010467886924744,,1,8,31.672605334123553,0,0.5178571428571428,,1.0952757596969604,32,1.2,,0.9975602509357916,0,0.12415337558197649,0.0011226932207743328,35,,,,1e-06,1769625676.0028892,-0.02692744880914688,0,,,0,1.0254663228988647,732
0,32.0,7,4,1.013249397277832,7,1.984308123588562,57,1,0,0,0.8571428656578064,1,1024,0.31578946113586426,3.5625,,1.0,,5.902554988861084,,0,0.390625,,0.0026966077275574207,,0,0.42347365617752075,0.30407478419900696,14.468015898019075,1.0550740957260132,0.02,0,,0,0,2.4748666286468506,0.7060546875,0.9999999403953552,32,1.1226954162875962,0.0,0,0.375,0.6332649212263949,101957,0.0,,599,0,0.109375,1,0,,,,,31,2.2677807807922363,4,0.008282116074805198,,0,0.00027720321698788215,1024,0.4375,305.097761310637,132927,4,275,0.9999999403953552,,,101942.75,,,0,1,1.0550742149353027,1,64,0,1,0.42857142857142855,0,396.0,0,0.1,0.390625,0.0,0,1.0550742149353027,1.5320676565170288,0,3.1464232108646684e-08,,7,1,,212.9922218322754,0,0,1,0.11303543299436569,57,,0,,0.03548073771312593,0.7977934646628951,0,,,0.3507879078388214,1.0,0.1123228371143341,-0.031871951543367825,0.015625,591.9230769230769,0.001,0,31,0.8,0.0983586385846138,379.0,0,,0.002493239939212799,0,66.73162603378296,0,1,1.0,4,,1,0,0,101937,0.0061658825725317,0,1,-0.15322095528244972,1.4865682125091553,3.5625,,0.1527252346277237,512.0,0.19298245012760162,0,12968,127.0224609375,0.6426446422257891,,,0.109375,0,0.11084336042404175,0.18899868056178093,0.0061658825725317,0,0,,,0.350787878036499,1,4,,0.3507879078388214,0,326.98243925347924,0.10910813679300507,,0.6488970816135406,16,1,1.0,4,0,-0.0025684275897219777,,10.0,0.06268775463104248,,311.7682718152739,7,512.0,1024,0.390625,0.0,8975.8364169,0.9967640295609954,1024,-0.0009143096394836903,0,379.0,0.109375,,3.37720675393939,,,2.4748666286468506,2.0,-0.12732499465346336,3.6980963982641697,1,1,,16,0.023781966418027878,0,407771,57,0.5664662213916012,31.69417373242104,0,0,0,0,101.806640625,1.0,64,0,3,0.4375,13,0.0,0.7250795960426331,,0.9999999403953552,,-1.0690430402755737,0,0.6530612244897959,,-0.006348245311528444,0.109375,,,,0,0.0,1.984308123588562,5975.421875,0,-0.5855388641357422,,-0.0318719561283405,488.5,-0.006348245311528444,,0,0,76041,1,0,,0,7,,326.98243925347924,1.984308123588562,0.0,1.0144545634587605,,,,0.7501123547554016,57,0,56886,0,,,-1.0690430402755737,0.02589596062898636,0.31578946113586426,16.0,0.390625,0.20188632142633592,64,2.0,0,7,1,31.67796245913003,,0,0.15871191024780273,,1,7,31.69417373242104,0,0.3469387755102041,,1.0859533548355103,32,1.2,,0.9995955036951244,0,0.10910813679300507,-0.0318719561283405,20,,,,1e-06,1769626003.003716,-0.015892788767814636,0,,,0,1.0550744533538818,695
0,32.0,8,4,1.0130174718797207,8,0.935412585735321,56,1,0,0,1.0,1,1024,0.3392857015132904,3.5,,1.0,,6.598069190979004,,0,0.421875,,0.003255769144743681,,0,0.3919530510902405,0.25691954589175287,14.872275799512863,1.007607102394104,0.02,0,,0,0,2.2677807807922363,0.7080078125,0.9999999403953552,32,1.1383909034914383,0.0,0,0.4375,0.6308376551194811,111334,0.0,,773,0,0.109375,1,0,,,,,32,1.0690429210662842,4,0.007891890492447215,,0,0.0002626551434759162,1024,0.5,345.3891093581915,129699,4,275,0.9999999403953552,,,111326.5,,,0,1,1.0482709407806396,1,64,0,1,0.421875,0,422.328125,0,0.1,0.421875,0.0,0,1.007607102394104,1.0527273416519165,0,1.1626202223169457e-07,,8,1,,213.3933334350586,0,0,1,0.11696191132068634,56,,0,,0.03339787876092589,0.8257425327192064,0,,,0.35804781317710876,1.0,0.09947973489761353,0.106632941535541,0.015625,518.5,0.001,0,32,0.8,0.08993322402238846,339.0,0,,0.0018878690898418427,0,66.73162603378296,0,1,1.0,4,,1,0,0,111319,0.006940376944839954,0,1,-0.12626736238598824,1.326081395149231,3.5,,0.8265243768692017,512.0,0.3392857015132904,0,13195,128.53662109375,0.6449298954512593,,,0.125,0,0.09767263382673264,0.18679369986057281,0.006940376944839954,0,0,,,0.35804781317710876,0,4,,0.35804781317710876,0,367.84900803864,0.12141353675120094,,0.6346600539982319,16,1,1.0,4,0,-0.0034200251393485814,,10.0,0.07717255502939224,,302.64183827377866,8,512.0,1024,0.421875,0.0,9229.850351424,1.0,1024,-0.003309843363240361,0,339.0,0.125,,3.5143061876296997,,,2.2677807807922363,2.0,-0.21957120299339294,3.727958809584379,1,1,,16,0.028601806610822678,0,445306,56,0.5711786240356374,31.715900023829562,0,0,0,0,101.806640625,1.0,64,0,2,0.5,14,0.0,0.6954758763313293,,0.9999999403953552,,-1.4638471603393555,0,0.6607142857142857,,-0.011617612093687057,0.125,,,,0,0.0,0.9354125261306763,6535.578125,0,-0.8017822504043579,,0.10663295643670219,504.5,-0.011617612093687057,,0,0,75347,1,0,,0,8,,367.84900803864,0.9354125261306763,0.0,1.0279390215873718,,,,0.7236936092376709,56,0,54352,0,,,-1.4638471603393555,-0.09330384060740471,0.3392857015132904,16.0,0.421875,0.21872670314715714,64,2.0,0,8,1,31.711484843469655,,0,0.0927218496799469,,1,8,31.715900023829562,0,0.3392857142857143,,1.087485671043396,32,1.2,,1.0,0,0.12141353675120094,0.10663295643670219,24,,,,1e-06,1769626370.8674045,-0.01905619353055954,0,,,0,1.0076072216033936,737
0,32.0,8,4,1.0134170204401016,8,0.7015594244003296,56,1,0,0,0.875,1,1024,0.6428571343421936,3.5,,1.0,,5.888186931610107,,0,0.6875,,0.004147889092564583,,0,0.4462718069553375,0.3030457633656632,11.079898595809937,0.9270926713943481,0.02,0,,0,0,1.0690429210662842,0.69091796875,1.0,32,1.1446893959693498,0.0,0,0.4375,0.6170091440297607,71158,0.0,,561,0,0.109375,1,0,,,,,33,1.0690429210662842,4,0.009649972011349733,,0,0.00034405395658202527,1024,0.5,236.99608728289604,105206,4,275,1.0,,,71148.25,,,0,1,1.069382667541504,1,64,0,1,0.6875,0,367.09375,0,0.1,0.6875,0.0,0,0.9270926713943481,0.6114280223846436,0,0.0,,8,1,,213.55162048339844,0,0,1,0.09791534766554832,56,,0,,0.038932435428172645,0.9076866908065372,0,,,0.3403264284133911,1.0,0.12743186950683594,0.14616964970316207,0.015625,477.2142857142857,0.001,0,33,0.8,0.10577979683876038,201.0,0,,0.0020952560007572174,0,66.73162603378296,0,1,1.0,4,,1,0,0,71132,0.010716241784393787,0,1,-0.05848067253828049,1.4194207191467285,3.5,,0.9225692749023438,512.0,0.5178571343421936,0,9991,127.921875,0.6341119708300254,,,0.125,0,0.1251257359981537,0.13727552071213722,0.010716241784393787,0,0,,,0.3403263986110687,0,4,,0.3403264284133911,0,253.99846178293228,0.12625826194051126,,0.6564510464668274,16,1,1.0,4,0,0.0005387631244957447,,10.0,0.10130707174539566,,280.1129168286203,8,512.0,1024,0.6875,0.0,9546.398618848,1.0,1024,-0.0004832023405469954,0,201.0,0.125,,2.7463144846260548,,,1.0690429210662842,2.0,-0.18637910299003124,2.903301488608122,1,1,,16,0.025407258421182632,0,284593,56,0.5604768351854232,31.716156236315072,0,0,0,0,101.806640625,1.0,64,0,2,0.5,14,0.0,0.6927788853645325,,1.0,,-2.2677807807922363,0,0.35714285714285715,,-0.016224345192313194,0.125,,,,0,0.0,0.7015594244003296,4079.671875,0,-1.0690430402755737,,0.1461696411882128,520.5,-0.016224345192313194,,0,0,34020,1,0,,0,8,,253.99846178293228,0.7015594244003296,0.0,0.998237669467926,,,,0.7325097918510437,56,0,71186,0,,,-2.2677807807922363,-0.12789843045175076,0.6428571343421936,16.0,0.6875,0.17502941379675066,64,2.0,0,8,1,31.71204164547965,,0,0.06153521314263344,,1,8,31.716156236315072,0,0.6428571428571428,,1.0730808973312378,32,1.2,,1.0,0,0.12625826194051126,0.1461696411882128,41,,,,1e-06,1769626624.8814132,-0.02302328124642372,0,,,0,0.9270926713943481,549
0,32.0,8,4,1.0099963247776031,8,0.5123465061187744,56,1,0,0,1.0,1,1024,0.6428571343421936,3.5,,1.0,,5.646673202514648,,0,0.6875,,0.0029064645059406757,,0,0.3937107026576996,0.21428571428571427,12.40175250545144,1.051246166229248,0.02,0,,0,0,2.2677807807922363,0.68603515625,1.0,32,1.1445995655512307,0.0,0,0.4375,0.6054443999644687,81582,0.0,,532,0,0.109375,1,0,,,,,34,0.8017821907997131,4,0.008881857589062125,,0,0.0003357492064190428,1024,0.5,297.8625394664705,100973,4,275,1.0,,,81572.5,,,0,1,1.0512464046478271,1,64,0,1,0.6875,0,400.34375,0,0.1,0.6875,0.0,0,1.0512464046478271,0.6890257596969604,0,2.265021414871171e-08,,8,1,,213.85307693481445,0,0,1,0.10955160856246948,56,,0,,0.03800837446888179,0.9906692413774345,0,,,0.31609684228897095,1.0,0.10014379024505615,0.138108600463186,0.015625,451.85714285714283,0.001,0,34,0.8,0.08413931727409363,493.0,0,,0.001439407467842102,0,66.73162603378296,0,1,1.0,4,,1,0,0,81564,0.0065820105373859406,0,1,-0.05825580842792988,2.0333571434020996,3.5,,0.14662042260169983,512.0,0.6428571343421936,0,10091,126.37255859375,0.6166920857227434,,,0.125,0,0.0987129658460617,0.1516028232872486,0.0065820105373859406,0,0,,,0.31609684228897095,0,4,,0.31609684228897095,0,316.53649904951453,0.12602328403333793,,0.6312263160943985,16,1,1.0,4,0,-0.0009129045065492392,,10.0,0.07822752743959427,,257.70329881370156,8,512.0,1024,0.6875,0.0,9767.432460299,0.9645177092486193,1024,0.00486217113211751,0,493.0,0.125,,2.8980613127350807,,,2.2677807807922363,2.0,-0.17910086363554,3.078372709453106,1,1,,16,0.026056034490466118,0,326290,56,0.550310135498323,31.732725416889846,0,0,0,0,101.806640625,1.0,64,0,2,0.5,14,0.0,0.6288626194000244,,1.0,,-2.2677807807922363,0,0.35714285714285715,,-0.016079699620604515,0.125,,,,0,0.0,0.5123465061187744,4697.9375,0,-2.2677807807922363,,0.13810862813677108,536.5,-0.016079699620604515,,0,0,59458,1,0,,0,8,,316.53649904951453,0.5123465061187744,0.0,1.008247286081314,,,,0.6554058790206909,56,0,41515,0,,,-2.2677807807922363,-0.12084505520761013,0.6428571343421936,16.0,0.6875,0.17946319499710772,64,2.0,0,8,1,31.72442671504008,,0,0.057971108704805374,,1,8,31.732725416889846,0,0.6428571428571428,,1.0867146253585815,32,1.2,,0.9955647136560775,0,0.12602328403333793,0.13810862813677108,38,,,,1e-06,1769626941.4296243,-0.020751461386680603,0,,,0,1.0512464046478271,548
0,32.0,8,4,1.0143641531467438,8,0.9354125261306763,56,1,0,0,0.875,1,1024,0.5535714030265808,3.5,,1.0,,6.17726469039917,,0,0.609375,,0.004468727391213179,,0,0.4383341073989868,0.338344559312436,10.887576963752508,0.9813094139099121,0.02,0,,0,1,2.2677807807922363,0.6943359375,1.0,32,1.147781907650568,0.0,0,0.4375,0.5948494947302805,67635,0.0,,481,0,0.109375,1,0,,,,,35,1.0690429210662842,4,0.009547919682522957,,0,0.0003703878352703608,1024,0.5,204.5767962373793,83898,4,275,1.0,,,67595.0,,,0,1,1.0247416496276855,1,64,0,1,0.609375,0,354.515625,0,0.1,0.609375,0.0,0,0.9813095927238464,0.9820412397384644,0,4.792183716517684e-08,,8,1,,214.04718780517578,0,0,1,0.10014546290040016,56,,0,,0.04026768608533363,0.8259355254626907,0,,,0.35013434290885925,1.0,0.12117347121238708,-0.10091643674033028,0.015625,398.57142857142856,0.001,0,35,0.8,0.10496950149536133,523.0,0,,0.0013987869024276733,0,66.73162603378296,1,1,1.0,4,,1,0,0,67575,0.012765905819833279,0,1,-0.10288180410861969,1.5218889713287354,3.5,,0.14198829233646393,512.0,0.4285714328289032,0,10480,129.81005859375,0.5991641934089312,,,0.125,0,0.11821278929710388,0.14482641965150833,0.012765905819833279,0,0,,,0.3501342833042145,0,4,,0.35013434290885925,0,221.02341836318374,0.1285590129045998,,0.576425351202488,16,0,1.0,4,0,-0.0003483286127448082,,10.0,0.12161538749933243,,305.8273213788074,8,512.0,1024,0.609375,0.0,9935.364145983,0.9769330299486195,1024,0.007839648053050041,0,523.0,0.125,,2.581566523760557,,,2.2677807807922363,2.0,-0.014579929411411285,2.6958906650543213,1,1,,16,0.025413943454623222,0,270380,56,0.5451160569888294,31.74853176008056,0,0,0,0,101.806640625,1.0,64,0,2,0.5,14,0.0,0.6245666742324829,,1.0,,-2.2677807807922363,0,0.4464285714285714,,-0.0028571244329214096,0.125,,,,0,0.0,0.935412585735321,3870.171875,0,-1.4638471603393555,,-0.10091642822538104,552.5,-0.0028571244329214096,,0,0,48694,1,0,,0,8,,221.02341836318374,0.935412585735321,0.0,1.003025621175766,,,,0.6625627875328064,56,0,35204,0,,,-2.2677807807922363,0.0883018746972084,0.5535714030265808,16.0,0.609375,0.1688528571263446,64,2.0,0,8,1,31.743789561588642,,0,0.11461867392063141,,1,8,31.74853176008056,0,0.5535714285714286,,1.0849417448043823,32,1.2,,0.9971166287435774,0,0.1285590129045998,-0.10091642822538104,35,,,,1e-06,1769627162.4634805,-0.015592827461659908,0,,,0,0.9813095927238464,576
0,32.0,7,4,1.0384058505296707,7,,57,1,0,0,0.5714285969734192,1,1024,0.6491228342056274,3.5625,,,,6.236055850982666,,0,0.6875,,0.0023601786233484745,,0,0.4756488800048828,0.279822636751063,8.089549373835325,,0.02,0,,0,0,2.4748666286468506,0.7314453125,,32,1.1401584945520775,,0,0.4375,0.593812245767117,52561,,,448,0,0.125,1,0,,,,,36,2.4748666286468506,4,0.009002890317350671,,0,0.00042815264271886923,1024,0.4375,155.70120614394546,103245,4,275,,,,52560.0,,,0,1,,1,64,0,1,0.7678571428571429,0,318.328125,0,,0.6875,,0,,0.4582112729549408,0,,,7,1,,214.40289306640625,0,0,1,0.09001481160521507,57,,0,,0.03847768918300668,0.820054070185685,0,,,0.3504461944103241,,0.13844163715839386,-0.04756372980773449,0.015625,318.4375,0.001,0,36,,0.10477861016988754,,0,,0.0019026584923267365,0,66.73162603378296,0,1,,4,,1,0,0,52559,0.007642191834747791,0,1,0.0,1.5454139709472656,3.5625,,0.19506989419460297,,0.28070175647735596,0,9113,126.36669921875,0.5982234034796919,,,0.109375,0,0.13680897653102875,0.11312155053019524,0.007642191834747791,0,0,,,0.3504461646080017,1,4,,0.3504461944103241,0,167.91717147827148,0.12278538625600038,,0.5248392205685377,16,1,1.0,4,0,0.0,,,0.07293656468391418,,313.0114659345681,7,,1024,0.6875,,10129.766734497,0.9280863784511885,1024,0.0017690119566395879,0,,0.109375,,1.8927676603198051,,,2.4748666286468506,,0.04756375215947628,1.9982019402086735,1,1,,16,0.026452817022800446,0,210240,57,0.5311255599425264,31.74853176008056,0,0,0,0,101.806640625,1.0,64,0,0,0.4375,16,,0.6504496335983276,,,,-2.2677807807922363,0,0.2653061224489796,,-0.01477430947124958,0.109375,,,,0,,,2966.671875,0,-2.2677807807922363,,-0.04756375774741173,568.5,-0.01477430947124958,,0,0,15253,1,0,,0,7,,167.91717147827148,,,,,,,0.6740524172782898,57,0,87992,0,,,-2.2677807807922363,0.04756375215947628,0.6491228342056274,,0.6875,0.17324143170603495,64,2.0,0,7,1,31.74853176008056,,0,0.07551827281713486,,1,7,31.74853176008056,0,0.7346938775510203,,1.1142888069152832,32,1.2,,0.9866954513810084,0,0.12278538625600038,-0.04756375774741173,43,,,,1e-06,1769627330.3952563,-0.018416794016957283,0,,,0,,493
0,32.0,8,4,1.0236771143972874,8,0.3307180106639862,56,1,0,0,0.75,1,1024,0.6964285969734192,3.5,,1.0,,5.774001598358154,,0,0.734375,,0.0033711325377225876,,0,0.448076993227005,0.24156695104408363,9.303064033389091,1.044429063796997,0.02,0,,0,0,1.4638471603393555,0.7763671875,1.0,32,1.122599858237292,0.0,0,0.4375,0.5892656483475969,58302,0.0,,631,0,0.109375,1,0,,,,,37,1.0690429210662842,4,0.009162939117297736,,0,0.0004334116308394564,1024,0.5,180.3818040303886,77694,4,275,1.0,,,58300.75,,,0,1,1.0444295406341553,1,64,0,1,0.734375,0,325.75,0,0.1,0.734375,0.0,0,1.0444295406341553,0.5988250374794006,0,5.739901709489459e-08,,8,1,,214.65267944335938,0,0,1,0.10107289254665375,56,,0,,0.03989255727151491,0.8494351629600838,0,,,0.3208344578742981,1.0,0.12189999967813492,0.3081080661370204,0.015625,328.53846153846155,0.001,0,37,0.8,0.1029643788933754,473.0,0,,0.0015204325318336487,0,66.73162603378296,0,1,1.0,4,,1,0,0,58298,0.011132301762700081,0,1,-0.08638934418559074,1.6831629276275635,3.5,,0.2252005785703659,512.0,0.4464285671710968,0,10407,128.17236328125,0.5897408034570364,,,0.125,0,0.11966047435998917,0.134820818901062,0.011132301762700081,0,0,,,0.3208344578742981,0,4,,0.3208344578742981,0,194.3915078639984,0.10892719066686136,,0.4485476315021515,16,1,1.0,4,0,0.005511192604899406,,10.0,0.10811799764633179,,299.91407876103716,8,512.0,1024,0.734375,0.0,10391.503461585,0.9388249162457387,1024,0.0004530907026492059,0,473.0,0.125,,2.1368248909711838,,,1.4638471603393555,2.0,-0.3367271441966295,2.296755500137806,1,1,,16,0.02696942910552025,0,233203,56,0.519747852841787,31.78688661711368,0,0,0,0,101.806640625,1.0,64,0,3,0.5,13,0.0,0.6002668738365173,,1.0,,-2.2677807807922363,0,0.30357142857142855,,-0.013335419818758965,0.125,,,,0,0.0,0.3307180404663086,3318.046875,0,-0.8017822504043579,,0.3081080661370204,584.5,-0.013335419818758965,,0,0,41058,1,0,,0,8,,194.3915078639984,0.3307180404663086,0.0,0.9724450906117758,,,,0.6341409683227539,56,0,36636,0,,,-2.2677807807922363,-0.2503378000110388,0.6964285969734192,16.0,0.734375,0.16307375410678332,64,2.0,0,8,1,31.76464259889356,,0,0.07315325736999512,,1,8,31.78688661711368,0,0.6964285714285714,,1.116494059562683,32,1.2,,0.9752819542498526,0,0.10892719066686136,0.3081080661370204,46,,,,1e-06,1769627524.7977672,-0.020226892083883286,0,,,0,1.0444296598434448,550
0,32.0,7,4,1.016640815883875,7,0.0,57,1,0,0,0.8571428656578064,1,1024,0.5789473652839661,3.5625,,1.0,,5.992980003356934,,0,0.625,,0.002212309278547764,,0,0.4056661128997803,0.29291224682463923,10.359706167131662,0.9572817087173462,0.02,0,,0,0,2.2677807807922363,0.8046875,1.0,32,1.132834370348828,0.0,0,0.375,0.5817747636077852,68364,0.0,,474,0,0.109375,1,0,,,,,38,1.20761239528656,4,0.008978535729308427,,0,0.0003795006355950161,1024,0.4375,245.96188919246197,128392,4,275,1.0,,,68361.5,,,0,1,0.9572818279266357,1,64,0,1,0.6607142857142857,0,379.984375,0,0.1,0.625,0.0,0,0.9572818875312805,0.8940935730934143,0,4.9063370255453265e-08,,7,1,,214.97125625610352,0,0,1,0.10377293080091476,57,,0,,0.03788574770569569,0.9872951915788412,0,,,0.3357542157173157,0.0,0.10080457478761673,-0.012000509670802526,0.015625,297.85714285714283,0.001,0,38,0.8,0.07924472540616989,182.0,0,,0.0063531845808029175,0,66.73162603378296,0,1,1.0,4,,1,0,0,68358,0.005884548649191856,0,1,-0.10575615614652634,1.9356815814971924,3.5625,,0.2667066156864166,512.0,0.45614033937454224,0,9808,127.33837890625,0.5834950918563108,,,0.109375,0,0.09941382706165314,0.14020970836281776,0.005884548649191856,0,0,,,0.3357542157173157,1,4,,0.3357542157173157,0,261.71962248161435,0.11707319705541216,,0.4029396567493677,16,1,1.0,4,0,0.012413759948685765,,10.0,0.07425792515277863,,261.2012784971916,7,512.0,1024,0.625,0.0,10681.957503908,0.9127717713779193,1024,0.003545823274180293,0,182.0,0.109375,,2.4551446810364723,,,2.2677807807922363,2.0,-0.09525570645928383,2.64228880032897,1,1,,16,0.02585986815392971,0,273446,57,0.5131482147562495,31.797793719443078,0,0,0,0,101.806640625,1.0,64,0,2,0.4375,14,0.0,0.612287700176239,,1.0,,-2.2677807807922363,0,0.38775510204081637,,-0.017840994521975517,0.109375,,,,0,0.0,0.0,3892.609375,0,-1.0690430402755737,,-0.012000516057014465,600.5,-0.017840994521975517,,0,0,41793,1,0,,0,7,,261.71962248161435,0.0,0.0,0.9068644642829895,,,,0.6344696283340454,57,0,86599,0,,,-2.2677807807922363,0.010500449687242508,0.5789473652839661,16.0,0.625,0.17911224092332415,64,2.0,0,7,1,31.792051274105738,,0,0.0874476209282875,,1,7,31.797793719443078,0,0.6122448979591837,,1.1144416332244873,32,1.2,,0.9700998457091996,0,0.11707319705541216,-0.012000516057014465,38,,,,1e-06,1769627786.5343375,-0.02323908545076847,0,,,0,0.9572819471359253,546
0,32.0,7,4,1.012805663049221,7,0.7015594244003296,57,1,0,0,1.0,1,1024,0.38596490025520325,3.5625,,1.0,,5.783904552459717,,0,0.453125,,0.004618933890014887,,0,0.38386112451553345,0.19360883633683956,11.88274933770299,0.5606365203857422,0.02,0,,0,1,2.2677807807922363,0.8291015625,1.0,32,1.1270624523198975,0.0,0,0.375,0.5805431672946759,90703,0.0,,730,0,0.109375,1,0,,,,,39,1.4638471603393555,4,0.007858164057366378,,0,0.0002753747933608595,1024,0.4375,272.32039691880345,110134,4,275,1.0,,,90696.75,,,0,1,0.8116171956062317,1,64,0,1,0.5178571428571429,0,373.4375,0,0.1,0.453125,0.0,0,0.5606365203857422,1.2113925218582153,0,0.0,,7,1,,215.24237060546875,0,0,1,0.09990239515900612,57,,0,,0.03275406598831543,0.803572863281281,0,,,0.3124701678752899,0.0,0.09461655467748642,0.2505764790943691,0.015625,440.7142857142857,0.001,0,39,0.8,0.07843027263879776,629.0,0,,0.0020915381610393524,0,66.73162603378296,1,1,1.0,4,,1,0,0,90688,0.008825951255857944,0,1,-0.05976930446922779,2.3069639205932617,3.5625,,0.1177358478307724,512.0,0.38596490025520325,0,9623,126.76171875,0.5971774798013275,,,0.109375,0,0.09267666190862656,0.15476566925644875,0.008825951255857944,0,0,,,0.3124701678752899,1,4,,0.3124701678752899,0,290.4378942027688,0.11256259476757181,,0.35848184302449226,16,0,1.0,4,0,0.049213056452572346,,10.0,0.11253245174884796,,312.2758834516277,7,512.0,1024,0.453125,0.0,10906.626177515,0.9083682897872588,1024,0.0062042055651545525,0,629.0,0.109375,,2.850839763879776,,,2.2677807807922363,2.0,-0.2790237460285425,3.0893568731844425,1,1,,16,0.02623571828007698,0,362787,57,0.5150418236416285,31.610739404715133,0,0,0,0,101.806640625,1.0,64,0,2,0.4375,14,0.0,0.6227799654006958,,1.0,,-1.4638471603393555,0,0.5510204081632653,,-0.006807323079556227,0.109375,,,,0,0.0,0.7015594244003296,5295.109375,0,-1.4638471603393555,,0.25057648760931833,616.5,-0.006807323079556227,,0,0,70535,1,0,,0,7,,290.4378942027688,0.7015594244003296,0.0,0.6861268877983093,,,,0.6621277332305908,57,0,39599,0,,,-1.4638471603393555,-0.21925444155931473,0.38596490025520325,16.0,0.453125,0.20855020733590265,64,2.0,0,7,1,31.780621085628212,,0,0.09470788389444351,,1,7,31.610739404715133,0,0.44897959183673464,,1.1093554496765137,32,1.2,,0.9704468932289159,0,0.11256259476757181,0.25057648760931833,26,,,,1e-06,1769628076.9885454,-0.01765483431518078,0,,,0,0.5606365203857422,495
0,32.0,8,4,1.0241275131702423,8,0.6945751309394836,56,1,0,0,0.75,1,1024,0.5714285969734192,3.5,,1.0,,5.871067523956299,,0,0.625,,0.002895807381719351,,0,0.4074034094810486,0.29450754468697576,9.469779931008816,0.4755605161190033,0.02,0,,0,0,2.2677807807922363,0.85107421875,0.9900445938110352,32,1.1323174555844358,0.0,0,0.4375,0.5808017225131731,61208,0.0,,473,0,0.109375,1,0,,,,,40,1.4638471603393555,4,0.009319970514310692,,0,0.00040029144745335073,1024,0.5,210.18985126912594,88758,4,275,0.9900445938110352,,,61201.25,,,0,1,0.8780621886253357,1,64,0,1,0.625,0,339.421875,0,0.1,0.625,0.0,0,0.4755605459213257,0.9108805656433105,0,0.0,,8,1,,215.50872421264648,0,0,1,0.09799334779381752,56,,0,,0.038682951455275894,0.9422089243826304,0,,,0.31182825565338135,0.0,0.10237196832895279,-0.06397459975310735,0.015625,258.64285714285717,0.001,0,40,0.8,0.07908302545547485,181.0,0,,0.0017087124288082123,0,66.73162603378296,0,1,1.0,4,,1,0,0,61189,0.007351556792855263,0,1,-0.12923352606594563,2.5109801292419434,3.5,,0.2388916015625,512.0,0.3214285671710968,0,8377,128.23095703125,0.5816043192454805,,,0.125,0,0.10082073509693146,0.12600812315940857,0.007351556792855263,0,0,,,0.31182825565338135,0,4,,0.31182825565338135,0,224.65568045526743,0.11663850738064466,,0.3093032632023096,16,1,1.0,4,0,0.05458118487149477,,10.0,0.09295998513698578,,272.4224461005167,8,512.0,1024,0.625,0.0,11172.693630577,0.8644908069560973,1024,0.0019111217698082328,0,181.0,0.125,,2.281575381755829,,,2.2677807807922363,2.0,-0.0732557475566864,2.4503706842660904,1,1,,16,0.026930321007966995,0,244805,56,0.5107183034490663,31.379864682801273,0,0,0,0,101.806640625,1.0,64,0,2,0.5,14,0.0,0.5503795742988586,,0.9900445938110352,,-1.4638471603393555,0,0.4285714285714286,,-0.011448307894170284,0.125,,,,0,0.0,0.6945751309394836,3485.65625,0,-1.0690430402755737,,-0.06397460613931928,632.5,-0.011448307894170284,,0,0,43524,1,0,,0,8,,224.65568045526743,0.6945751309394836,0.0,0.6768113672733307,,,,0.574828028678894,56,0,45234,0,,,-1.4638471603393555,0.055977778509259224,0.5714285969734192,16.0,0.625,0.17252887252455312,64,2.0,0,8,1,31.552110493483113,,0,0.08747925609350204,,1,8,31.379864682801273,0,0.5714285714285714,,1.1616008281707764,32,1.2,,0.9638888338293992,0,0.11663850738064466,-0.06397460613931928,38,,,,1e-06,1769628301.6567013,-0.018279079347848892,0,,,0,0.4755605161190033,472
0,32.0,8,4,1.0372039899230003,8,0.4354114532470703,56,1,0,0,1.0,1,1024,0.4821428656578064,3.5,,1.0,,5.662504196166992,,0,0.546875,,0.005421245936304331,,0,0.37921565771102905,0.3189387696337813,10.724270187318325,0.6705286502838135,0.02,0,,0,0,2.2677807807922363,0.865234375,0.8498377799987793,32,1.1360087337661708,0.0,0,0.375,0.5601122139007776,76724,0.0,,485,0,0.109375,1,0,,,,,41,0.8017821907997131,4,0.00813424560494607,,0,0.0003389213945006382,1024,0.5,249.81578152626753,86854,4,275,0.8498377799987793,,,76719.25,,,0,1,0.8341903686523438,1,64,0,1,0.546875,0,357.25,0,0.1,0.546875,0.0,0,0.6705287098884583,1.0827622413635254,0,2.3959371375781302e-08,,8,1,,215.86631774902344,0,0,1,0.10400718078017235,56,,0,,0.034946477537639915,0.8795927704938419,0,,,0.38754281401634216,0.0,0.09504164010286331,-0.07407274416514806,0.015625,289.5,0.001,0,41,0.8,0.07794009149074554,413.0,0,,0.001307554543018341,0,66.73162603378296,0,1,1.0,4,,1,0,0,76715,0.011893821880221367,0,1,-0.05446494743227959,1.704561710357666,3.5,,0.3469555675983429,512.0,0.4821428656578064,0,9266,126.83056640625,0.5611511396685211,,,0.125,0,0.09152080118656158,0.14392782002687454,0.011893821880221367,0,0,,,0.38754284381866455,0,4,,0.38754281401634216,0,266.05227145180106,0.1193178061530588,,0.3079278524965048,16,1,1.0,4,0,0.03631140477955341,,10.0,0.15260209143161774,,288.36156737680295,8,512.0,1024,0.546875,0.0,11450.82082808,0.8498376934767311,1024,0.002041693078354001,0,413.0,0.125,,2.496212888509035,,,2.2677807807922363,2.0,0.010348672047257423,2.7318506203591824,1,1,,16,0.02556556835770607,0,306877,56,0.5110752448074583,31.293865436962523,0,0,0,0,101.806640625,1.0,64,0,2,0.5,14,0.0,0.5418776869773865,,0.8498377799987793,,-2.2677807807922363,0,0.5178571428571428,,0.0017917650984600186,0.125,,,,0,0.0,0.4354114234447479,4437.703125,0,-2.2677807807922363,,-0.0740727207490376,648.5,0.0017917650984600186,,0,0,59591,1,0,,0,8,,266.05227145180106,0.4354114234447479,0.0,0.7523595094680786,,,,0.5696707963943481,56,0,27263,0,,,-2.2677807807922363,0.06481361947953701,0.4821428656578064,16.0,0.546875,0.1903718299858012,64,2.0,0,8,1,31.324853062550098,,0,0.11059810221195221,,1,8,31.293865436962523,0,0.4821428571428571,,1.132404088973999,32,1.2,,0.9740194504301691,0,0.1193178061530588,-0.0740727207490376,33,,,,1e-06,1769628567.724687,-0.011219863779842854,0,,,0,0.670528769493103,470
0,32.0,7,4,1.1118806600570679,7,,57,1,0,0,1.0,1,1024,0.4035087823867798,3.5625,,,,5.551724910736084,,0,0.46875,,0.002726356266066432,,0,0.3846323490142822,0.2414726442081476,10.797367174178362,,0.02,0,,0,0,2.2677807807922363,0.87060546875,,32,1.1405933823855392,,0,0.4375,0.5638164112107426,82232,,,351,0,0.109375,1,0,,,,,42,1.6201815605163574,4,0.007974850489282861,,0,0.00038786887764395294,1024,0.4375,261.62989113107324,118533,4,275,,,,82210.25,,,0,1,,1,64,0,1,0.5,0,355.609375,0,,0.46875,,0,,1.257096290588379,0,,,7,1,,216.317626953125,0,0,1,0.12754718959331512,57,,0,,0.0328346136101592,0.85477058804854,0,,,0.3441177308559418,,0.09273534268140793,-0.13832861185073853,0.015625,311.8125,0.001,0,42,,0.0688835009932518,,0,,0.0022560767829418182,0,66.73162603378296,0,1,,4,,1,0,0,82200,0.0062205553986132145,0,1,0.0,2.4879343509674072,3.5625,,0.42876332998275757,,0.4035087823867798,0,10418,125.99609375,0.5745407545381327,,,0.109375,0,0.09116180986166,0.15800049528479576,0.0062205553986132145,0,0,,,0.3441177308559418,1,4,,0.3441177308559418,0,278.111885022372,0.12317624242472094,,0.2956355568021536,16,1,1.0,4,0,0.0,,,0.09030544757843018,,295.6013548050519,7,,1024,0.46875,,11702.008355393,0.8502029491055526,1024,0.010016048327088356,0,,0.109375,,2.6224578097462654,,,2.2677807807922363,,0.13832859881222248,2.735276188701391,1,1,,16,0.02590125985443592,0,328841,57,0.5140929105797203,31.293865436962523,0,0,0,0,101.806640625,1.0,64,0,0,0.4375,16,,0.5692350268363953,,,,-2.2677807807922363,0,0.5714285714285714,,-0.004762554075568914,0.109375,,,,0,,,4782.53125,0,-2.2677807807922363,,-0.13832860812544823,664.5,-0.004762554075568914,,0,0,31288,1,0,,0,7,,278.111885022372,,,,,,,0.5915824174880981,57,0,87245,0,,,-2.2677807807922363,0.13832859881222248,0.4035087823867798,,0.46875,0.2071450096235491,64,2.0,0,7,1,31.293865436962523,,0,0.11005454510450363,,1,7,31.293865436962523,0,0.4285714285714285,,1.1414140462875366,32,1.2,,0.9755925290269094,0,0.12317624242472094,-0.13832860812544823,27,,,,1e-06,1769628845.8519526,-0.01266114879399538,0,,,0,,494
0,32.0,8,4,1.0273167751729488,8,0.935412585735321,56,1,0,0,0.875,1,1024,0.4464285671710968,3.5,,1.0,,6.189878463745117,,0,0.515625,,0.002828249242156744,,0,0.4104553461074829,0.3229132378575915,9.750562869012356,0.6051863431930542,0.02,0,,0,0,1.4638471603393555,0.8740234375,1.0,32,1.13083454966588,0.0,0,0.375,0.5656255897561359,70033,0.0,,640,0,0.109375,1,0,,,,,43,1.4638471603393555,4,0.008464924985118907,,0,0.00040089987629797626,1024,0.5,236.24097022786736,113379,4,275,1.0,,,70020.5,,,0,1,0.6051863431930542,1,64,0,1,0.515625,0,339.859375,0,0.1,0.515625,0.0,0,0.6051863431930542,0.7729109525680542,0,1.637315527602823e-08,,8,1,,216.43524932861328,0,0,1,0.1122848391532898,56,,0,,0.03481324351087309,0.9144894349801896,0,,,0.30226343870162964,0.0,0.1063898429274559,-0.060914265257971625,0.015625,333.2857142857143,0.001,0,43,0.8,0.07866651564836502,183.0,0,,0.002025984227657318,0,66.73162603378296,0,1,1.0,4,,1,0,0,70008,0.006603930611163378,0,1,-0.060434428974986076,2.0090150833129883,3.5,,0.2496049702167511,512.0,0.3214285671710968,0,8958,128.04541015625,0.5958137168112261,,,0.125,0,0.10508770495653152,0.13895927369594574,0.006603930611163378,0,0,,,0.30226343870162964,0,4,,0.30226343870162964,0,251.17422391846776,0.11544413176967404,,0.27089947275817394,16,1,1.0,4,0,0.0650545060634613,,10.0,0.08394843339920044,,278.77263402127187,8,512.0,1024,0.515625,0.0,11982.222092661,0.907692801650275,1024,0.005834710318595171,0,183.0,0.125,,2.3708731196820736,,,1.4638471603393555,2.0,-0.007134443148970604,2.523202907294035,1,1,,16,0.026701781898736954,0,280082,56,0.5160668359471214,31.042175818000334,0,0,0,0,101.806640625,1.0,64,0,2,0.5,14,0.0,0.5804895162582397,,1.0,,-1.4638471603393555,0,0.5535714285714286,,-0.00869056861847639,0.125,,,,0,0.0,0.935412585735321,4036.421875,0,-1.4638471603393555,,-0.06091427803039551,680.5,-0.00869056861847639,,0,0,47614,1,0,,0,8,,251.17422391846776,0.935412585735321,0.0,0.594359964132309,,,,0.6059865951538086,56,0,65765,0,,,-1.4638471603393555,0.05329998582601547,0.4464285671710968,16.0,0.515625,0.19163853341767165,64,2.0,0,8,1,31.142344623840344,,0,0.08944687247276306,,1,8,31.042175818000334,0,0.4464285714285714,,1.15397310256958,32,1.2,,0.976373981319388,0,0.11544413176967404,-0.06091427803039551,28,,,,1e-06,1769629097.0393682,-0.013886524364352226,0,,,0,0.6051864624023438,467
0,32.0,8,4,1.0756320245563984,8,0.8968433141708374,56,1,0,0,1.0,1,1024,0.5892857313156128,3.5,,1.0,,6.7790398597717285,,0,0.640625,,0.004662718623876572,,0,0.41150161623954773,0.21943224513293763,10.342313557863235,1.0446829795837402,0.02,0,,0,0,1.4638471603393555,0.8916015625,0.9587675929069519,32,1.137728677466215,0.0,0,0.4375,0.5730585953439935,77079,0.0,,860,0,0.109375,1,0,,,,,44,1.4638471603393555,4,0.007668733302932339,,0,0.00035261167959987097,1024,0.5,264.6120607368648,85600,4,275,0.9587675929069519,,,77074.25,,,0,1,1.0446829795837402,1,64,0,1,0.640625,0,374.640625,0,0.1,0.640625,0.0,0,1.0446829795837402,0.756043016910553,0,1.6076572961765123e-08,,8,1,,214.43093490600586,0,0,1,0.10870912298560143,56,,0,,0.03354659162386671,0.9306839502562775,0,,,0.3170960545539856,0.0,0.10700894892215729,0.13230256835619608,0.015625,368.8666666666667,0.001,0,44,0.8,0.09069710224866867,560.0,0,,0.002104487270116806,0,66.73162603378296,0,1,1.0,4,,1,0,0,77070,0.010389701463282108,0,1,-0.05855730548501015,1.8348276615142822,3.5,,0.4035443365573883,512.0,0.5892857313156128,0,9353,130.19921875,0.6017373160463293,,,0.125,0,0.10480329394340515,0.13418763503432274,0.010389701463282108,0,0,,,0.3170960545539856,0,4,,0.3170960545539856,0,280.1989515423775,0.12090221407712667,,0.28352109994739294,16,1,1.0,4,0,-0.0027320918161422014,,10.0,0.11455384641885757,,275.06973018899123,8,512.0,1024,0.640625,0.0,12206.94401325,0.9051653018704193,1024,-0.0031641533132642508,0,560.0,0.125,,2.3642474710941315,,,1.4638471603393555,2.0,-0.18259095028042793,2.594061564654112,1,1,,16,0.02702425606548786,0,308297,56,0.5107992077702492,31.032192798491362,0,0,0,0,101.806640625,1.0,64,0,1,0.5,15,0.0,0.555118203163147,,0.9587675929069519,,-2.2677807807922363,0,0.4107142857142857,,-0.0207515899091959,0.125,,,,0,0.0,0.8968432545661926,4442.5,0,-2.2677807807922363,,0.13230254848798115,696.5,-0.0207515899091959,,0,0,71743,1,0,,0,8,,280.1989515423775,0.8968432545661926,0.0,1.0446829795837402,,,,0.5859121084213257,56,0,13857,0,,,-2.2677807807922363,-0.12403364479541779,0.5892857313156128,16.0,0.640625,0.19926493793014538,64,2.0,0,8,1,31.040927940561716,,0,0.08030412346124649,,1,8,31.032192798491362,0,0.5892857142857143,,1.1492935419082642,32,1.2,,0.9704124244187219,0,0.12090221407712667,0.13230254848798115,36,,,,1e-06,1769629377.253124,-0.028906986117362976,0,,,0,1.0446830987930298,546
0,32.0,8,4,0.9993921834975481,8,0.9054534435272217,56,1,0,0,0.875,1,1024,0.5357142686843872,3.5,,1.0,,5.840895175933838,,0,0.59375,,0.004612655844539404,,0,0.4355302155017853,0.2743266338524503,9.86925708130002,0.3006136119365692,0.02,0,,0,0,2.2677807807922363,0.888671875,0.9679722785949707,32,1.1469371265678272,0.0,0,0.4375,0.5601199508014699,66869,0.0,,485,0,0.109375,1,0,,,,,45,1.0690429210662842,4,0.008626943637702309,,0,0.0003573771516661076,1024,0.5,209.72940994426608,92850,4,275,0.9679722785949707,,,66859.75,,,0,1,0.9661174416542053,1,64,0,1,0.59375,0,338.875,0,0.1,0.59375,0.0,0,0.3006136119365692,0.960608184337616,0,0.0,,8,1,,215.94280624389648,0,0,1,0.09557658806443214,56,,0,,0.03690283422126175,0.8534224070065476,0,,,0.41953733563423157,0.0,0.12099913507699966,0.011182708399636405,0.015625,390.2857142857143,0.001,0,45,0.8,0.09711048752069473,157.0,0,,0.0024423450231552124,0,66.73162603378296,0,1,1.0,4,,1,0,0,66850,0.011385507881641388,0,1,-0.04794866032898426,1.932395577430725,3.5,,0.5694197416305542,512.0,0.4107142984867096,0,8984,128.1982421875,0.6073647353196774,,,0.125,0,0.1175609827041626,0.13717301189899445,0.011385507881641388,0,0,,,0.41953733563423157,0,4,,0.41953733563423157,0,224.70958189293742,0.12790528015479885,,0.33827864192426205,16,1,1.0,4,0,0.07727496535517275,,10.0,0.11724282056093216,,297.53849140200543,8,512.0,1024,0.59375,0.0,12479.251053475,0.8972635055401058,1024,-0.0013454101281240582,0,157.0,0.125,,2.307181179523468,,,2.2677807807922363,2.0,-0.05773351527750492,2.531476978212595,1,1,,16,0.025987006723880768,0,267439,56,0.5084735327367982,30.596496969620667,0,0,0,0,101.806640625,1.0,64,0,2,0.5,14,0.0,0.6024549603462219,,0.9679722785949707,,-2.2677807807922363,0,0.4642857142857143,,-0.014637582004070282,0.125,,,,0,0.0,0.9054534435272217,3839.859375,0,-0.8017822504043579,,0.011182691369737898,712.5,-0.014637582004070282,,0,0,40198,1,0,,0,8,,224.70958189293742,0.9054534435272217,0.0,0.6333655267953873,,,,0.6267490983009338,56,0,52652,0,,,-2.2677807807922363,-0.00978485494852066,0.5357142686843872,16.0,0.59375,0.1800218747922058,64,2.0,0,8,1,30.95808317469411,,0,0.11232016980648041,,1,8,30.596496969620667,0,0.5357142857142857,,1.1455942392349243,32,1.2,,0.9718918030115212,0,0.12790528015479885,0.011182691369737898,33,,,,1e-06,1769629601.9749465,-0.025869131088256836,0,,,0,0.3006136119365692,494
0,32.0,8,4,1.0294521674513817,8,0.30884408950805664,56,1,0,0,0.875,1,1024,0.5357142686843872,3.5,,1.0,,7.502031326293945,,0,0.59375,,0.0028177760541439056,,0,0.41612696647644043,0.3253726278265821,10.220191337168217,0.9210031032562256,0.02,0,,0,0,1.4638471603393555,0.8974609375,0.9338592290878296,32,1.1404353764596449,0.0,0,0.5,0.5479914031383931,68954,0.0,,750,0,0.109375,1,0,,,,,46,1.4638471603393555,4,0.008883112906890886,,0,0.0004116819906627747,1024,0.5,256.80588330328465,113028,4,275,0.9338592290878296,,,67672.25,,,0,1,0.9210032224655151,1,64,0,1,0.59375,0,389.515625,0,0.1,0.59375,0.0,0,0.9210031628608704,0.8025442361831665,0,4.828530464351388e-08,,8,1,,217.18045043945312,0,0,1,0.11143778637051582,56,,0,,0.03775621224788675,1.0449458142223496,0,,,0.2734735906124115,0.0,0.10709880292415619,-0.002809924738747733,0.015625,293.42857142857144,0.001,0,46,0.8,0.0819295272231102,277.0,0,,0.0021792910993099213,0,66.73162603378296,0,1,1.0,4,,1,0,0,66761,0.009822591207921505,0,1,-0.017777901142835617,1.9213759899139404,3.5,,0.37803980708122253,512.0,0.4107142984867096,0,12651,128.10009765625,0.612710783629358,,,0.125,0,0.10544835776090622,0.15231060981750488,0.009822591207921505,0,0,,,0.2734735906124115,0,4,,0.2734735906124115,0,272.29414255172014,0.12303685549384469,,0.3031238652765751,16,1,1.0,4,0,0.1238995804451406,,10.0,0.1198907345533371,,248.52627884621566,8,512.0,1024,0.59375,0.0,12777.434880823,0.9140545391219657,1024,0.0031244009733200073,0,277.0,0.125,,2.404560949653387,,,1.4638471603393555,2.0,-0.015319209545850754,2.5520195737481117,1,1,,16,0.025395426899194717,0,270689,56,0.5062641413618871,29.89467732879405,0,0,0,0,101.806640625,1.0,64,0,2,0.5,14,0.0,0.5947325229644775,,0.9338592290878296,,-2.2677807807922363,0,0.4642857142857143,,-0.01089176069945097,0.125,,,,0,0.0,0.30884408950805664,3840.0,0,-2.2677807807922363,,-0.0028099226100104196,728.5,-0.01089176069945097,,0,0,37872,1,0,,0,8,,272.29414255172014,0.30884408950805664,0.0,0.5352783203125,,,,0.6384953260421753,56,0,75156,0,,,-2.2677807807922363,0.0024586915969848633,0.5357142686843872,16.0,0.59375,0.1818768654373411,64,2.0,0,8,1,30.333009253665473,,0,0.08766642212867737,,1,8,29.89467732879405,0,0.5357142857142857,,1.1459704637527466,32,1.2,,0.9742379393123223,0,0.12303685549384469,-0.0028099226100104196,32,,,,1e-06,1769629874.282091,-0.018961073830723763,0,,,0,0.9210033416748047,735
0,32.0,8,4,1.0496625453233719,8,0.330718070268631,56,1,0,0,0.875,1,1024,0.5357142686843872,3.5,,1.0,,5.89278507232666,,0,0.59375,,0.0027298389468342066,,0,0.37243905663490295,0.36246041303900783,12.124187137931585,0.5106041431427002,0.02,0,,0,0,2.2677807807922363,0.90234375,1.0,32,1.1458017317846505,0.0,0,0.375,0.5575796835769019,85513,0.0,,500,0,0.109375,1,0,,,,,47,0.8017821907997131,4,0.00831997980741547,,0,0.00033372703204359426,1024,0.5,279.82949159666896,124834,4,275,1.0,,,85510.5,,,0,1,0.510604202747345,1,64,0,1,0.59375,0,380.765625,0,0.1,0.59375,0.0,0,0.5106041431427002,1.141729474067688,0,4.541337261798617e-08,,8,1,,217.54330444335938,0,0,1,0.11414866149425507,56,,0,,0.035446486507304906,0.8808727578254021,0,,,0.2717125415802002,0.0,0.0867730900645256,-0.07005653977394104,0.015625,297.1333333333333,0.001,0,47,0.8,0.0632663145661354,228.0,0,,0.001656457781791687,0,66.73162603378296,0,1,1.0,4,,1,0,0,85509,0.007293663453310728,0,1,-0.010554126463830471,1.7860697507858276,3.5,,0.333250492811203,512.0,0.4107142984867096,0,12550,126.16162109375,0.5892181011649998,,,0.125,0,0.08541429787874222,0.16687652096152306,0.007293663453310728,0,0,,,0.2717125415802002,0,4,,0.2717125415802002,0,298.17152174934745,0.12708585283680385,,0.3103106589987874,16,1,1.0,4,0,0.04201003536581993,,10.0,0.11528510600328445,,286.78292111304603,8,512.0,1024,0.59375,0.0,13023.343286786,0.9112089524685254,1024,0.001147691742517054,0,228.0,0.125,,2.845782533288002,,,2.2677807807922363,2.0,0.05512389075011015,3.0500845573842525,1,1,,16,0.025982383638620377,0,342042,56,0.5041652195557219,29.695812968055886,0,0,0,0,101.806640625,1.0,64,0,1,0.5,15,0.0,0.5613803267478943,,1.0,,-2.2677807807922363,0,0.4642857142857143,,-0.0023550596088171005,0.125,,,,0,0.0,0.3307180404663086,4963.640625,0,-2.2677807807922363,,-0.07005653580029805,744.5,-0.0023550596088171005,,0,0,47863,1,0,,0,8,,298.17152174934745,0.3307180404663086,0.0,0.510604202747345,,,,0.5991262793540955,56,0,76971,0,,,-2.2677807807922363,0.06567801721394062,0.5357142686843872,16.0,0.59375,0.20244310520413988,64,2.0,0,8,1,29.7703871033327,,0,0.06561622023582458,,1,8,29.695812968055886,0,0.5357142857142857,,1.1449443101882935,32,1.2,,0.9709716368651541,0,0.12708585283680385,-0.07005653580029805,32,,,,1e-06,1769630172.4658575,-0.010760936886072159,0,,,0,0.510604202747345,712
0,32.0,8,4,0.9826702014543116,8,0.0,56,1,0,0,0.875,1,1024,0.6785714030265808,3.5,,1.0,,6.360787391662598,,0,0.71875,,0.003375399624928832,,0,0.43605995178222656,0.2550510153051018,9.169482219964266,0.14047349989414215,0.02,0,,0,0,2.2677807807922363,0.912109375,0.886684238910675,32,1.141897348473754,0.0,0,0.4375,0.5639864132048052,60874,0.0,,527,0,0.109375,1,0,,,,,48,2.2677807807922363,4,0.010202919848310031,,0,0.0004151673150299969,1024,0.5,231.5156733095646,92193,4,275,0.886684238910675,,,60858.0,,,0,1,0.14047351479530334,1,64,0,1,0.71875,0,362.609375,0,0.1,0.71875,0.0,0,0.14047348499298096,0.6981412172317505,0,0.0,,8,1,,217.9916877746582,0,0,1,0.1010650098323822,56,,0,,0.037667530234169154,1.0512688083077062,0,,,0.31620365381240845,0.0,0.11778146773576736,0.08197999852044242,0.015625,312.0,0.001,0,48,0.8,0.0881325900554657,183.0,0,,0.0019409097731113434,0,66.73162603378296,0,1,1.0,4,,1,0,0,60844,0.01043024193495512,0,1,-0.002207089215517044,1.679565191268921,3.5,,0.39494672417640686,512.0,0.5535714030265808,0,10073,125.759765625,0.5740429095409691,,,0.125,0,0.11569005995988846,0.13112622871994972,0.01043024193495512,0,0,,,0.31620365381240845,0,4,,0.31620365381240845,0,245.89477960020304,0.12408249752498096,,0.29775954876095057,16,1,1.0,4,0,0.25707509368658066,,10.0,0.1183471605181694,,247.49610422371794,8,512.0,1024,0.71875,0.0,13291.148156904,0.886684153587465,1024,-0.004647721536457539,0,183.0,0.125,,2.4837171845138073,,,2.2677807807922363,2.0,-0.07393959350883961,2.4592204429209232,1,1,,16,0.02641705423593521,0,243432,56,0.49502838665709387,28.267661246439094,0,0,0,0,101.806640625,1.0,64,0,2,0.5,14,0.0,0.6075443625450134,,0.886684238910675,,-2.2677807807922363,0,0.32142857142857145,,-0.024022813886404037,0.125,,,,0,0.0,0.0,3441.015625,0,-1.4638471603393555,,0.08198000490665436,760.5,-0.024022813886404037,,0,0,37893,1,0,,0,8,,245.89477960020304,0.0,0.0,0.12845175340771675,,,,0.6466519236564636,56,0,54300,0,,,-2.2677807807922363,-0.07173250429332256,0.6785714030265808,16.0,0.71875,0.17242809138259016,64,2.0,0,8,1,28.484888943491846,,0,0.07570314407348633,,1,8,28.267661246439094,0,0.6785714285714286,,1.1378364562988281,32,1.2,,0.9522161959481427,0,0.12408249752498096,0.08198000490665436,43,,,,1e-06,1769630418.3743126,-0.03163455054163933,0,,,0,0.14047349989414215,560
0,32.0,7,4,0.9702957589179277,7,0.7015594840049744,57,1,0,0,0.8571428656578064,1,1024,0.5438596606254578,3.5625,,1.0,,6.204235076904297,,0,0.59375,,0.0025841393508017063,,0,0.42165642976760864,0.16829002553541472,12.030418325215578,0.28109440207481384,0.02,0,,0,0,1.0690429210662842,0.9140625,1.0,32,1.1342069729418183,0.0,0,0.375,0.557215662695894,73537,0.0,,516,0,0.109375,1,0,,,,,49,1.0690429210662842,4,0.009039881759954599,,0,0.0003574918228095386,1024,0.4375,249.81124740466475,87751,4,275,1.0,,,73536.0,,,0,1,0.5182905197143555,1,64,0,1,0.6785714285714286,0,380.21875,0,0.1,0.59375,0.0,0,0.28109443187713623,0.6847910284996033,0,0.0,,7,1,,218.20154190063477,0,0,1,0.10515407472848892,57,,0,,0.04089975768744417,0.9258783862891099,0,,,0.3625791370868683,0.0,0.1105826199054718,0.11818439194134303,0.015625,307.35714285714283,0.001,0,49,0.8,0.08299173414707184,161.0,0,,0.0014702416956424713,0,66.73162603378296,0,1,1.0,4,,1,0,0,73533,0.007731366436928511,0,1,-0.04230157192796469,1.57167649269104,3.5625,,0.3162245452404022,512.0,0.42105263471603394,0,11917,127.029296875,0.5667693342152497,,,0.109375,0,0.10861916095018387,0.15478094667196274,0.007731366436928511,0,0,,,0.3625791668891907,1,4,,0.3625791370868683,0,267.7869596108794,0.11817594850980676,,0.2611468303948641,16,1,1.0,4,0,0.12039275094866753,,10.0,0.09315826743841171,,274.606351656761,7,512.0,1024,0.59375,0.0,14329.844063689,0.8852070862107498,1024,-0.006221438758075237,0,161.0,0.109375,,2.6590269804000854,,,1.0690429210662842,2.0,-0.14571291860193014,2.9904738441109657,1,1,,16,0.027142157778143883,0,294144,57,0.48864431349134735,27.65826381567063,0,0,0,0,101.806640625,1.0,64,0,2,0.4375,14,0.0,0.637550950050354,,1.0,,-1.4638471603393555,0,0.36734693877551017,,-0.020085714757442474,0.109375,,,,0,0.0,0.7015594244003296,4215.78125,0,-1.0690430402755737,,0.11818438342639379,776.5,-0.020085714757442474,,0,0,59222,1,0,,0,7,,267.7869596108794,0.7015594244003296,0.0,0.39969246089458466,,,,0.6657983660697937,57,0,28529,0,,,-1.4638471603393555,-0.10341134667396545,0.5438596606254578,16.0,0.59375,0.16509003174290013,64,2.0,0,7,1,28.038465211080876,,0,0.06322962790727615,,1,7,27.65826381567063,0,0.6326530612244898,,1.1439932584762573,32,1.2,,0.9473159854176969,0,0.11817594850980676,0.11818438342639379,35,,,,1e-06,1769630686.1785488,-0.025577841326594353,0,,,0,0.28109440207481384,696
0,32.0,8,4,0.9790467862039804,8,0.49334704875946045,56,1,0,0,0.75,1,1024,0.7142857313156128,3.5,0.19595917942265426,1.0,0.0,6.40797233581543,1.0,0,0.75,,0.004470816347748041,0.0,0,0.563406229019165,0.1889822365046136,7.425066407769918,0.22732681035995483,0.02,0,0.5,0,0,1.0690429210662842,0.921875,0.962916910648346,32,1.130486985727282,0.0,0,0.4375,0.5336405935913651,37501,0.0,0.0,435,0,0.109375,1,0,,0.747,0.2388451355389051,1.0,50,0.8017821907997131,4,0.011749536371017144,,0,0.0005512205543974165,1024,0.5,125.83024387806654,45177,4,275,0.962916910648346,,,37501.0,1.0,0.0,0,1,0.9269905686378479,1,64,0,1,0.75,0,295.78125,0,0.1,0.75,0.0,0,0.22732682526111603,0.6257323622703552,0,1.0224645130563204e-08,,8,1,0.3295333333333333,218.28313827514648,0,0,1,0.08268528804183006,56,0.3333333333333333,0,0.0,0.04949912274185967,0.959993926164354,0,,,0.38358888030052185,0.0,0.18867544829845428,-0.05186455983382005,0.015625,255.30769230769232,0.001,0,50,0.8,0.1290416121482849,143.0,0,0.96,0.0012713298201560974,0,66.73162603378296,0,1,1.0,4,0.4927036671025281,1,0,0,37501,0.014922868460416794,0,1,-0.06986636342480779,1.855898380279541,3.5,0.0,0.6893070340156555,512.0,0.4642857015132904,0,6518,127.64404296875,0.5527165809387066,,,0.125,0,0.1857227236032486,0.09196431562304497,0.014922868460416794,0,0,0.5857142857142857,0.14668333238647124,0.38358888030052185,0,4,,0.38358888030052185,0,1038.6824468560517,0.1151160979568725,,0.27041206043213606,16,1,1.0,4,0,0.10815580049529672,,10.0,0.11564384400844574,0.2495,36.1043937090786,8,512.0,1024,0.75,0.0,14512.329840558,0.8419314475551414,1024,0.0028129995334893465,0,143.0,0.125,0.0,1.7624774537980556,0.3064568973470237,0.022,1.0690429210662842,2.0,-0.027726408559828997,1.8002906404435635,1,1,,16,0.02701752632856369,0,150004,56,0.4784978114372639,27.234446143500204,0,0,0,0,101.806640625,1.0,64,0,3,0.5,13,0.0,0.6955145597457886,,0.962916910648346,0.0,-1.4638471603393555,0,0.2857142857142857,0.0,-0.05268118903040886,0.125,,0.33071891388307384,,0,0.0,0.4933471083641052,2048.03125,0,-1.4638471603393555,,-0.05186455983382005,792.5,-0.05268118903040886,0.5851063829787234,0,0,28337,1,0,0.0,0,8,0.0,1038.6824468560517,0.4933471083641052,0.0,0.6650635302066803,0.24376758568537252,0.125,0.30270716095377587,0.736303985118866,56,0,16840,0,1.0,,-1.4638471603393555,0.04213995486497879,0.7142857313156128,16.0,0.75,0.12730692856463932,64,2.0,0,8,1,27.58551578125615,0.0,0,0.07884928584098816,0.6779999999999998,1,8,27.234446143500204,0,0.7142857142857143,0.49999999999999994,1.1394603252410889,32,1.2,0.0,0.9374501850292251,0,0.1151160979568725,-0.05186455983382005,45,,1.0,0.35355339059327373,1e-06,1769631724.8748243,-0.06295843422412872,0,,901.6575109101832,0,0.22732682526111603,318
0,32.0,8,4,1.0090947207063437,8,0.0,56,1,0,0,0.875,1,1024,0.7142857313156128,3.5,,1.0,,5.726151943206787,,0,0.75,,0.0036799029912799597,,0,0.4953325688838959,0.2369017707396714,8.399541079998016,0.2153867781162262,0.02,0,,0,1,1.4638471603393555,0.912109375,0.9983838200569153,32,1.142585732358915,0.0,0,0.4375,0.5155299924193633,50409,0.0,,490,0,0.109375,1,0,,,,,51,1.4638471603393555,4,0.010415867293031015,,0,0.00043639021220656643,1024,0.5,169.58237456902862,78264,4,275,0.9983838200569153,,,50404.75,,,0,1,0.5716818571090698,1,64,0,1,0.75,0,317.65625,0,0.1,0.75,0.0,0,0.215386763215065,0.5786902904510498,0,0.0,,8,1,,219.4815330505371,0,0,1,0.08798455819487572,56,,0,,0.04166046394436048,0.9354256163861493,0,,,0.3332175612449646,0.0,0.15281052887439728,0.09535349692617144,0.015625,292.7857142857143,0.001,0,51,0.8,0.10479400306940079,134.0,0,,0.0012542009353637695,0,66.73162603378296,1,1,1.0,4,,1,0,0,50402,0.010783886536955833,0,1,-0.010237975977361202,1.6862130165100098,3.5,,0.36911311745643616,512.0,0.5892857313156128,0,7905,127.94091796875,0.553652180250326,,,0.125,0,0.15084382891654968,0.11405585333704948,0.010783886536955833,0,0,,,0.3332175314426422,0,4,,0.3332175612449646,0,182.47351265326142,0.12464743433977928,,0.3035284513607621,16,0,1.0,4,0,0.13090578466653824,,10.0,0.10290557146072388,,276.23050198951216,8,512.0,1024,0.75,0.0,14804.941281832,0.8426920154800424,1024,-0.0036097702104598284,0,134.0,0.125,,2.10003674775362,,,1.4638471603393555,2.0,-0.09367228765040636,2.151662301272154,1,1,,16,0.025594288483262062,0,201619,56,0.468858634672149,26.675360431138632,0,0,0,0,101.806640625,1.0,64,0,2,0.5,14,0.0,0.6775951981544495,,0.9983838200569153,,-2.2677807807922363,0,0.2857142857142857,,-0.03778007626533508,0.125,,,,0,0.0,0.0,2832.640625,0,-0.8017822504043579,,0.09535350756985801,808.5,-0.03778007626533508,,0,0,32002,1,0,,0,8,,182.47351265326142,0.0,0.0,0.393534317612648,,,,0.7170986533164978,56,0,46262,0,,,-2.2677807807922363,-0.08343431167304516,0.7142857313156128,16.0,0.75,0.1548038088135137,64,2.0,0,8,1,27.17894004639534,,0,0.06181152164936066,,1,8,26.675360431138632,0,0.7142857142857142,,1.155482292175293,32,1.2,,0.9243042242817165,0,0.12464743433977928,0.09535350756985801,48,,,,1e-06,1769631907.36067,-0.04450049623847008,0,,,0,0.2153867781162262,396
0,32.0,8,4,0.9865223709493876,8,1.1854417324066162,56,1,0,0,1.0,1,1024,0.6071428656578064,3.5,,1.0,,6.007732391357422,,0,0.65625,,0.0034532516729086637,,0,0.4286562502384186,0.15567496226930977,11.304994653910398,0.5206161737442017,0.02,0,,0,1,1.4638471603393555,0.92431640625,0.9255000948905945,32,1.1386726881890321,0.0,0,0.4375,0.5121308132501033,80692,0.0,,481,0,0.109375,1,0,,,,,52,1.4638471603393555,4,0.008183501328123474,,0,0.0003373542629664153,1024,0.5,275.48946599289775,110113,4,275,0.9255000948905945,,,80669.75,,,0,1,1.0074377059936523,1,64,0,1,0.65625,0,389.40625,0,0.1,0.65625,0.0,0,0.5206161737442017,0.7405989766120911,0,0.0,,8,1,,219.83921813964844,0,0,1,0.10885713621973991,56,,0,,0.035034801316200924,0.9252157497318207,0,,,0.3274007737636566,0.0,0.11199641972780228,-0.12547263928822108,0.015625,496.64285714285717,0.001,0,52,0.8,0.08459582924842834,460.0,0,,0.0015882961452007294,0,66.73162603378296,1,1,1.0,4,,1,0,0,80660,0.008422975428402424,0,1,-0.06532005965709686,1.638024091720581,3.5,,0.14225225150585175,512.0,0.6071428656578064,0,10802,126.33056640625,0.5473981413891388,,,0.125,0,0.11016667634248734,0.146666269749403,0.008422975428402424,0,0,,,0.32740074396133423,0,4,,0.3274007737636566,0,292.5950826257467,0.12161682152460374,,0.27763711754232645,16,0,1.0,4,0,0.04033325158525258,,10.0,0.09956727176904678,,275.7043941957947,8,512.0,1024,0.65625,0.0,15046.639117253,0.829128841574479,1024,-0.01149823423475027,0,460.0,0.125,,2.6406440250575542,,,1.4638471603393555,2.0,0.04446849972009659,2.8662833608686924,1,1,,16,0.027144471183419228,0,322679,56,0.46505855928312223,26.6098011281926,0,0,0,0,101.806640625,1.0,64,0,2,0.5,14,0.0,0.6484150886535645,,0.9255000948905945,,-1.4638471603393555,0,0.39285714285714285,,-0.031421005725860596,0.125,,,,0,0.0,1.1854418516159058,4652.453125,0,-1.4638471603393555,,-0.12547263928822108,824.5,-0.031421005725860596,,0,0,48937,1,0,,0,8,,292.5950826257467,1.1854418516159058,0.0,0.764026939868927,,,,0.683911919593811,56,0,61176,0,,,-1.4638471603393555,0.10978855937719345,0.6071428656578064,16.0,0.65625,0.1967734245987916,64,2.0,0,8,1,26.658460581534523,,0,0.0686895027756691,,1,8,26.6098011281926,0,0.6071428571428572,,1.1357791423797607,32,1.2,,0.9182675832189597,0,0.12161682152460374,-0.12547263928822108,37,,,,1e-06,1769632199.9722607,-0.037978947162628174,0,,,0,0.5206161737442017,546
0,32.0,8,4,0.9366376493126154,8,0.935412585735321,56,1,0,0,0.875,1,1024,0.5535714030265808,3.5,,1.0,,6.016183376312256,,0,0.609375,,0.003930062986910343,,0,0.4276939332485199,0.29827309086589404,10.117417771369219,0.8267554640769958,0.02,0,,0,0,1.4638471603393555,0.931640625,1.0,32,1.1488561981411074,0.0,0,0.5,0.5108099864688523,69155,0.0,,488,0,0.109375,1,0,,,,,53,1.4638471603393555,4,0.008751681698277421,,0,0.0003851271758314307,1024,0.5,226.26310135424137,95390,4,275,1.0,,,69150.75,,,0,1,0.8267554640769958,1,64,0,1,0.609375,0,353.203125,0,0.1,0.609375,0.0,0,0.8267555236816406,0.7511584162712097,0,3.324684882954898e-08,,8,1,,220.43328094482422,0,0,1,0.10652733221650124,56,,0,,0.03657739710476466,0.890806625856272,0,,,0.3820810616016388,0.0,0.11670683324337006,0.045695955554644264,0.015625,358.5833333333333,0.001,0,53,0.8,0.08994952589273453,236.0,0,,0.002246920019388199,0,66.73162603378296,0,1,1.0,4,,1,0,0,69148,0.013157583773136139,0,1,-0.08728972589597106,1.7724542617797852,3.5,,0.28503525257110596,512.0,0.4285714328289032,0,12576,125.720703125,0.5343139477539012,,,0.125,0,0.11316858977079391,0.15272771194577217,0.013157583773136139,0,0,,,0.3820810317993164,0,4,,0.3820810616016388,0,241.68604681640863,0.1294441862439069,,0.26499536633491516,16,1,1.0,4,0,0.17249080445617437,,10.0,0.14627741277217865,,286.11808960791524,8,512.0,1024,0.609375,0.0,15315.711655286,0.8120727702635551,1024,-0.000551542267203331,0,236.0,0.125,,2.4207414127886295,,,1.4638471603393555,2.0,-0.12156168138608336,2.589212652295828,1,1,,16,0.025119539350271225,0,276603,56,0.46412705930499193,26.198473874017402,0,0,0,0,101.806640625,1.0,64,0,4,0.5,12,0.0,0.6334083676338196,,1.0,,-2.2677807807922363,0,0.4464285714285714,,-0.013212518766522408,0.125,,,,0,0.0,0.935412585735321,3968.71875,0,-1.4638471603393555,,0.04569594313700994,840.5,-0.013212518766522408,,0,0,30415,1,0,,0,8,,241.68604681640863,0.935412585735321,0.0,0.5432871207594872,,,,0.6764709949493408,56,0,64975,0,,,-2.2677807807922363,-0.034271955490112305,0.5535714030265808,16.0,0.609375,0.1869515404057659,64,2.0,0,8,1,26.26051960026192,,0,0.09534361213445663,,1,8,26.198473874017402,0,0.5535714285714286,,1.1621586084365845,32,1.2,,0.9194914166205507,0,0.1294441862439069,0.04569594313700994,35,,,,1e-06,1769632441.6701264,-0.023403888568282127,0,,,0,0.8267556428909302,711
0,32.0,8,4,0.9721966348588467,8,1.280866265296936,56,1,0,0,1.0,1,1024,0.5,3.5,,1.0,,6.035610198974609,,0,0.5625,,0.003358343616127968,,0,0.4383081793785095,0.1889822365046136,12.050026331096888,0.3240030109882355,0.02,0,,0,1,1.4638471603393555,0.9189453125,1.0,32,1.1413852701382285,0.0,0,0.4375,0.5203650250608259,78698,0.0,,769,0,0.109375,1,0,,,,,54,1.0690429210662842,4,0.008871500736066542,,0,0.0003304525049531778,1024,0.5,250.91895785927773,93866,4,275,1.0,,,78692.5,,,0,1,0.9242075085639954,1,64,0,1,0.5625,0,353.203125,0,0.1,0.5625,0.0,0,0.3240030109882355,0.8796537518501282,0,0.0,,8,1,,220.80828094482422,0,0,1,0.10401653498411179,56,,0,,0.0382820037840229,0.8588262038891644,0,,,0.28703564405441284,0.0,0.11802518367767334,-0.03585912401859577,0.015625,457.2307692307692,0.001,0,54,0.8,0.08842606097459793,249.0,0,,0.0018137171864509583,0,66.73162603378296,1,1,1.0,4,,1,0,0,78682,0.007132955826818943,0,1,-0.04789586178958416,1.7784738540649414,3.5,,0.24653524160385132,512.0,0.5,0,9202,128.96826171875,0.5433125354418706,,,0.125,0,0.11681097745895386,0.13676009699702263,0.007132955826818943,0,0,,,0.2870357036590576,0,4,,0.28703564405441284,0,269.06106536462903,0.12372941186591663,,0.27494907937943935,16,0,1.0,4,0,0.18360066274181008,,10.0,0.08066576719284058,,292.4707812828908,8,512.0,1024,0.5625,0.0,15588.44632806,0.8032887762427117,1024,0.0005060256225988269,0,249.0,0.125,,2.7924822866916656,,,1.4638471603393555,2.0,-0.018760336562991142,2.987732134759426,1,1,,16,0.025854816660284996,0,314770,56,0.46592070578094874,25.542424520417576,0,0,0,0,101.806640625,1.0,64,0,3,0.5,13,0.0,0.684299111366272,,1.0,,-2.2677807807922363,0,0.5,,-0.02238401584327221,0.125,,,,0,0.0,1.280866265296936,4565.078125,0,-1.0690430402755737,,-0.03585911714113676,856.5,-0.02238401584327221,,0,0,45634,1,0,,0,8,,269.06106536462903,1.280866265296936,0.0,0.4750593304634094,,,,0.7191563844680786,56,0,48232,0,,,-2.2677807807922363,0.029135525226593018,0.5,16.0,0.5625,0.17612312178932868,64,2.0,0,8,1,25.7688184976759,,0,0.09002267569303513,,1,8,25.542424520417576,0,0.5,,1.1401193141937256,32,1.2,,0.9183806832627639,0,0.12372941186591663,-0.03585911714113676,33,,,,1e-06,1769632710.7426963,-0.028864435851573944,0,,,0,0.3240030109882355,494
0,32.0,8,4,0.9791757110506296,8,0.5116184949874878,56,1,0,0,0.75,1,1024,0.5357142686843872,3.5,,1.0,,6.206260681152344,,0,0.59375,,0.0034908829256892204,,0,0.42809242010116577,0.42708074082504993,11.984200846403837,0.5867844223976135,0.02,0,,0,1,0.8749991655349731,0.91552734375,0.9985790848731995,32,1.1397486491748094,0.0,0,0.5,0.5156845834684595,73624,0.0,,469,0,0.109375,1,0,,,,,55,0.5855388045310974,4,0.009486163254943437,,0,0.00037484344059555866,1024,0.5,254.34016478061676,111814,4,275,0.9985790848731995,,,73615.75,,,0,1,1.0184272527694702,1,64,0,1,0.59375,0,373.0,0,0.1,0.59375,0.0,0,0.5867846012115479,0.6441668272018433,0,4.4475495286633304e-08,,8,1,,221.33623123168945,0,0,1,0.11037752404808998,56,,0,,0.04069849470529009,0.9399431791176232,0,,,0.35818782448768616,0.0,0.11313018947839737,-0.09758982559045155,0.015625,365.9166666666667,0.001,0,55,0.8,0.0819428563117981,698.0,0,,0.0018406286835670471,0,66.73162603378296,1,1,1.0,4,,1,0,0,73612,0.01075423788279295,0,1,-0.0831143269315362,0.8623461127281189,3.5,,0.13156206905841827,512.0,0.2857142984867096,0,12331,126.67822265625,0.5161469086697771,,,0.125,0,0.1104661375284195,0.151036124676466,0.01075423788279295,0,0,,,0.35818785429000854,0,4,,0.35818782448768616,0,272.7229336462915,0.12243919980753204,,0.2634258335456252,16,0,1.0,4,0,0.16522238741163164,,10.0,0.13124069571495056,,269.92871122263625,8,512.0,1024,0.59375,0.0,15868.664608342,0.7631243374305761,1024,0.000705093436408788,0,698.0,0.125,,2.793324090540409,,,0.8749991655349731,2.0,-0.009921950288116932,3.3076638095080853,1,1,,16,0.025783900171518326,0,294463,56,0.4658389559400949,25.023765286471725,0,0,0,0,101.806640625,1.0,64,0,4,0.5,12,0.0,0.6465598940849304,,0.9985790848731995,,-2.2677807807922363,0,0.4642857142857143,,-0.004499688278883696,0.125,,,,0,0.0,0.5116184949874878,4227.984375,0,-1.4638471603393555,,-0.09758982559045155,872.5,-0.004499688278883696,,0,0,58227,1,0,,0,8,,272.7229336462915,0.5116184949874878,0.0,0.574167288839817,,,,0.6901233196258545,56,0,53587,0,,,-2.2677807807922363,0.07319237664341927,0.5357142686843872,16.0,0.59375,0.16927165633858277,64,2.0,0,8,1,25.230439203958852,,0,0.050636935979127884,,1,8,25.023765286471725,0,0.5357142857142857,,1.1588503122329712,32,1.2,,0.923769573688629,0,0.12243919980753204,-0.09758982559045155,34,,,,1e-06,1769632983.477333,-0.011551440693438053,0,,,0,0.5867847204208374,694
0,32.0,8,4,1.0516193099319935,8,0.6213567852973938,56,1,0,0,0.875,1,1024,0.5,3.5,,1.0,,5.950899600982666,,0,0.5625,,0.003395423758774996,,0,0.4068354070186615,0.31943828249996997,11.870770256966352,1.0424456596374512,0.02,0,,0,0,2.2677807807922363,0.9111328125,0.8856794834136963,32,1.1484860859596322,0.0,0,0.5,0.5005580047024802,83551,0.0,,556,0,0.109375,1,0,,,,,56,1.4638471603393555,4,0.008490258223893743,,0,0.0003329722539627623,1024,0.5,262.20586822927,116620,4,275,0.8856794834136963,,,83546.75,,,0,1,1.0424456596374512,1,64,0,1,0.5625,0,375.953125,0,0.1,0.5625,0.0,0,1.0424456596374512,0.910468578338623,0,2.399228193894487e-08,,8,1,,221.54425048828125,0,0,1,0.11127499863505363,56,,0,,0.03552134061757744,0.8454817339702895,0,,,0.39768415689468384,0.0,0.10283521562814713,0.048116689920425414,0.015625,403.8666666666667,0.001,0,56,0.8,0.08036410808563232,159.0,0,,0.002422381192445755,0,66.73162603378296,0,1,1.0,4,,1,0,0,83544,0.00940907932817936,0,1,-0.04048316925764084,1.3805272579193115,3.5,,0.36763641238212585,512.0,0.375,0,12695,127.23876953125,0.5117681333876173,,,0.125,0,0.10003461688756943,0.1611853502690792,0.00940907932817936,0,0,,,0.39768412709236145,0,4,,0.39768415689468384,0,280.20543663203716,0.12922037949775458,,0.310503326356411,16,1,1.0,4,0,-0.002598096849396825,,10.0,0.11708060652017593,,298.1624875098791,8,512.0,1024,0.5625,0.0,16097.021980963,0.7392538339932666,1024,-0.007420601788908243,0,159.0,0.125,,2.8373339250683784,,,2.2677807807922363,2.0,-0.08559254370629787,2.980743132531643,1,1,,16,0.025879107415676117,0,334187,56,0.4675470074911644,24.84825257002532,0,0,0,0,101.806640625,1.0,64,0,1,0.5,15,0.0,0.6384365558624268,,0.8856794834136963,,-2.2677807807922363,0,0.5,,-0.01286983396857977,0.125,,,,0,0.0,0.6213567852973938,4845.71875,0,-1.0690430402755737,,0.0481166660785675,888.5,-0.01286983396857977,,0,0,32625,1,0,,0,8,,280.20543663203716,0.6213567852973938,0.0,1.0424456596374512,,,,0.6703617572784424,56,0,83995,0,,,-2.2677807807922363,-0.045109374448657036,0.5,16.0,0.5625,0.20020026846523364,64,2.0,0,8,1,24.914069838692722,,0,0.10140470415353775,,1,8,24.84825257002532,0,0.49999999999999994,,1.1439324617385864,32,1.2,,0.9321519816354245,0,0.12922037949775458,0.0481166660785675,32,,,,1e-06,1769633263.695589,-0.021640118211507797,0,,,0,1.0424458980560303,733
0,32.0,8,4,0.9984859861433506,8,0.3114086091518402,56,1,0,0,0.75,1,1024,0.8392857313156128,3.5,,1.0,,5.676873683929443,,0,0.859375,,0.0028349037747830153,,0,0.4735645651817322,0.13243211584099399,9.68070536851883,0.2028232365846634,0.02,0,,0,0,0.8017821907997131,0.90966796875,0.9416136145591736,32,1.1437171465385498,0.0,0,0.4375,0.4836553354924999,55879,0.0,,490,0,0.109375,1,0,,,,,57,0.8017821907997131,4,0.010495219657682148,,0,0.00043093310531505365,1024,0.5,213.64192830771208,81513,4,275,0.9416136145591736,,,55872.25,,,0,1,0.9304437041282654,1,64,0,1,0.859375,0,355.390625,0,0.1,0.859375,0.0,0,0.2028232365846634,0.38584601879119873,0,0.0,,8,1,,221.6123275756836,0,0,1,0.09630880877375603,56,,0,,0.04331624987591707,1.064250629197944,0,,,0.31681981682777405,0.0,0.13812297582626343,-0.08182638244969505,0.015625,328.42857142857144,0.001,0,57,0.8,0.08705615252256393,160.0,0,,0.0015537701547145844,0,66.73162603378296,0,1,1.0,4,,1,0,0,55866,0.010047622956335545,0,1,-0.03252106439322233,1.24033784866333,3.5,,0.2380816489458084,512.0,0.5892857313156128,0,10605,127.548828125,0.4933225834353461,,,0.125,0,0.13630926609039307,0.13064496591687202,0.010047622956335545,0,0,,,0.31681981682777405,0,4,,0.31681981682777405,0,228.34210539609194,0.1253771633797065,,0.30514324828982353,16,1,0.9866451668706921,4,0,0.10421963641420007,,10.0,0.11541542410850525,,244.68658508285898,8,512.0,1024,0.859375,0.0,16332.397002616,0.7165768557278226,1024,0.0012329441960901022,0,160.0,0.125,,2.3455661460757256,,,0.8017821907997131,2.0,0.03907701652497053,2.4076693803071976,1,1,,16,0.026772867888212204,0,223489,56,0.4522053709233545,24.300668899591237,0,0,0,0,101.806640625,1.0,64,0,2,0.5,14,0.0,0.6653305292129517,,0.9416136145591736,,-2.2677807807922363,0,0.16071428571428575,,-0.02465851418673992,0.125,,,,0,0.0,0.3114086091518402,3136.625,0,-2.2677807807922363,,-0.0818263760634831,904.5,-0.02465851418673992,,0,0,37188,1,0,,0,8,,228.34210539609194,0.3114086091518402,0.0,0.5666334629058838,,,,0.7108022570610046,56,0,44325,0,,,-2.2677807807922363,0.07159808091819286,0.8392857313156128,16.0,0.859375,0.151165421989593,64,2.0,0,8,1,24.699081819284817,,0,0.03954360634088516,,1,8,24.300668899591237,0,0.8392857142857143,,1.1477770805358887,32,1.2,,0.904410741846709,0,0.1253771633797065,-0.0818263760634831,51,,,,1e-06,1769633492.052987,-0.02882497012615204,0,,,0,0.2028232365846634,512
0,32.0,7,4,0.990723461844027,7,0.0,57,1,0,0,0.7142857313156128,1,1024,0.6842105388641357,3.5625,,1.0,,5.83633279800415,,0,0.71875,,0.002262369729578495,,0,0.4676540493965149,0.2465927749713178,9.380326557904482,0.7866749167442322,0.02,0,,0,1,1.4638471603393555,0.9287109375,0.908406674861908,32,1.1392541619619183,0.0,0,0.3125,0.4693977252610419,65568,0.0,,570,0,0.109375,1,0,,,,,58,1.20761239528656,4,0.00848660701619364,,0,0.00038063124894369425,1024,0.4375,221.12048599869013,82603,4,275,0.908406674861908,,,65561.75,,,0,1,0.7866750955581665,1,64,0,1,0.7678571428571429,0,336.6875,0,0.1,0.71875,0.0,0,0.786675214767456,0.46803295612335205,0,4.570775402612526e-08,,7,1,,221.85155487060547,0,0,1,0.09981940314173698,57,,0,,0.03576905191634025,0.9186597617717154,0,,,0.30256232619285583,0.0,0.13584226369857788,-0.040485576941416815,0.015625,414.7692307692308,0.001,0,58,0.8,0.09648149460554123,250.0,0,,0.001793447881937027,0,66.73162603378296,1,1,1.0,4,,1,0,0,65554,0.0057748472318053246,0,1,-0.02945760916918516,1.2221735715866089,3.5625,,0.2872881591320038,512.0,0.4385964870452881,0,9134,127.49072265625,0.4900850244149078,,,0.109375,0,0.1348738670349121,0.1268213838338852,0.0057748472318053246,0,0,,,0.3025623559951782,1,4,,0.30256232619285583,0,235.36294884607196,0.1218620776882129,,0.28227212373167276,16,0,0.9801700488298156,4,0,0.18242867477238178,,10.0,0.059854455292224884,,278.55595080463394,7,512.0,1024,0.71875,0.0,16716.649616972,0.6950337263756508,1024,-0.0030866304878145456,0,250.0,0.109375,,2.2255872301757336,,,1.4638471603393555,2.0,0.0034369518980383873,2.3761680088937283,1,1,,16,0.024513961747288704,0,262247,57,0.4428604079940606,23.841742946669285,0,0,0,0,101.806640625,1.0,64,0,3,0.4375,13,0.0,0.6746107339859009,,0.908406674861908,,-2.2677807807922363,0,0.2653061224489796,,-0.022025730460882187,0.109375,,,,0,0.0,0.0,3760.921875,0,-1.0690430402755737,,-0.040485613621198215,920.5,-0.022025730460882187,,0,0,44124,1,0,,0,7,,235.36294884607196,0.0,0.0,0.439597691098849,,,,0.6982972621917725,57,0,38479,0,,,-2.2677807807922363,0.03289456106722355,0.6842105388641357,16.0,0.71875,0.18611952311017343,64,2.0,0,7,1,23.880093831446203,,0,0.04628544673323631,,1,7,23.841742946669285,0,0.7346938775510203,,1.1564499139785767,32,1.2,,0.8857208159881212,0,0.1218620776882129,-0.040485613621198215,45,,,,1e-06,1769633727.428015,-0.024872180074453354,0,,,0,0.7866751551628113,466
0,32.0,8,4,1.0945878326892853,8,,56,1,0,0,0.875,1,1024,0.4107142984867096,3.5,,,,5.992400646209717,,0,0.484375,,0.0027849175967276096,,0,0.3830225169658661,0.23076514255928723,14.173615459352732,,0.02,0,,0,0,1.4638471603393555,0.92333984375,,32,1.1295161155615296,,0,0.5,0.47949926705852147,107517,,,1087,0,0.109375,1,0,,,,,59,1.4638471603393555,4,0.007848963700353567,,0,0.0002787280268068838,1024,0.5,362.58832093700767,131239,4,275,,,,107510.5,,,0,1,,1,64,0,1,0.484375,0,443.0,0,,0.484375,,0,,1.105353832244873,0,,,8,1,,222.30191040039062,0,0,1,0.11986475810408592,56,,0,,0.03295867719746613,0.9026570761955928,0,,,0.2813225984573364,,0.09292951971292496,0.2720436118543148,0.015625,446.0625,0.001,0,59,,0.07270283252000809,,0,,0.0017378106713294983,0,66.73162603378296,0,1,,4,,1,0,0,107507,0.005977245979011059,0,1,0.0,1.4280081987380981,3.5,,0.17214488983154297,,0.2857142984867096,0,12762,129.49658203125,0.4941522015527173,,,0.125,0,0.09179667383432388,0.18105880916118622,0.005977245979011059,0,0,,,0.2813226282596588,0,4,,0.2813225984573364,0,384.24031903222203,0.11458075867744355,,0.27384670451283455,16,1,0.9883044031054345,4,0,0.0,,,0.08221476525068283,,279.8001528595032,8,,1024,0.484375,,16915.520263007,0.7174248967739779,1024,-0.003644020762294531,0,,0.125,,3.375384047627449,,,1.4638471603393555,,-0.2720436006784439,3.7620260380208492,1,1,,16,0.02800510823726654,0,430042,56,0.45018167285628663,23.841742946669285,0,0,0,0,101.806640625,1.0,64,0,0,0.5,16,,0.6312280297279358,,,,-0.8017822504043579,0,0.5892857142857143,,-0.013497375883162022,0.125,,,,0,,,6276.40625,0,-0.8017822504043579,,0.2720436081290245,936.5,-0.013497375883162022,,0,0,83095,1,0,,0,8,,384.24031903222203,,,,,,,0.6625723838806152,56,0,48144,0,,,-0.8017822504043579,-0.2720436006784439,0.4107142984867096,,0.484375,0.21843590442436844,64,2.0,0,8,1,23.841742946669285,,0,0.08470514416694641,,1,8,23.841742946669285,0,0.4107142857142857,,1.1386185884475708,32,1.2,,0.9003633457125733,0,0.11458075867744355,0.2720436081290245,25,,,,1e-06,1769634111.6806188,-0.02022523805499077,0,,,0,,709
0,32.0,7,4,1.0050015393644571,7,0.6887532472610474,57,1,0,0,0.8571428656578064,1,1024,0.5789473652839661,3.5625,,1.0,,6.60120153427124,,0,0.625,,0.0024886182509362698,,0,0.460752010345459,0.3390458719558398,9.046258829534054,0.26571178436279297,0.02,0,,0,0,2.2677807807922363,0.92138671875,0.9817461371421814,32,1.1296507243535743,0.0,0,0.4375,0.49284506661626115,61538,0.0,,568,0,0.125,1,0,,,,,60,1.0690429210662842,4,0.008661624746624253,,0,0.0004417923263113471,1024,0.4375,185.15027222037315,79597,4,275,0.9817461371421814,,,60896.75,,,0,1,0.45869314670562744,1,64,0,1,0.5892857142857143,0,350.140625,0,0.1,0.625,0.0,0,0.26571181416511536,0.8562623262405396,0,4.3443977304491455e-09,,7,1,,222.77292251586914,0,0,1,0.10761486738920212,57,,0,,0.037137691377347945,0.8371098039604895,0,,,0.36652708053588867,0.0,0.13575902581214905,0.022729220134871348,0.015625,351.92857142857144,0.001,0,60,0.8,0.10354556143283844,161.0,0,,0.001997821033000946,0,66.73162603378296,0,1,1.0,4,,1,0,0,60421,0.00996482465416193,0,1,-0.011438118293881416,1.4225292205810547,3.5625,,0.32482460141181946,512.0,0.45614033937454224,0,13143,129.18994140625,0.49384713525569207,,,0.109375,0,0.13343632221221924,0.15076693892478943,0.00996482465416193,0,0,,,0.36652708053588867,1,4,,0.36652708053588867,0,198.85241224989295,0.11455325848758519,,0.25809861812740564,16,1,0.9876942705113841,4,0,0.1315448060631752,,10.0,0.09623613953590393,,306.2409417667639,7,512.0,1024,0.625,0.0,17153.591120822,0.681553651935279,1024,1.2022884448015247e-06,0,161.0,0.109375,,2.109859187155962,,,2.2677807807922363,2.0,-0.03132617473602295,2.2491280026733875,1,1,,16,0.02851811610162258,0,243587,57,0.4511419765827407,24.282262069128166,0,0,0,0,101.806640625,1.0,64,0,2,0.4375,14,0.0,0.6401252746582031,,0.9817461371421814,,-2.4748666286468506,0,0.4693877551020408,,-0.020018573850393295,0.109375,,,,0,0.0,0.6887532472610474,3455.90625,0,-2.4748666286468506,,0.02272920310497284,952.5,-0.020018573850393295,,0,0,33192,1,0,,0,7,,198.85241224989295,0.6887532472610474,0.0,0.3622024804353714,,,,0.6692590713500977,57,0,46405,0,,,-2.4748666286468506,-0.019888056442141533,0.5789473652839661,16.0,0.625,0.17945602129755994,64,2.0,0,7,1,24.111939568333703,,0,0.11607402563095093,,1,7,24.282262069128166,0,0.5306122448979592,,1.1559771299362183,32,1.2,,0.9022839531654814,0,0.11455325848758519,0.02272920310497284,38,,,,1e-06,1769634310.5512452,-0.028838446363806725,0,,,0,0.26571181416511536,695
0,32.0,8,4,1.0467446371912956,8,1.8749359846115112,56,1,0,0,1.0,1,1024,0.375,3.5,,1.0,,6.6589226722717285,,0,0.453125,,0.005895288195461035,,0,0.44929420948028564,0.26666400934050144,9.483388915657997,0.6850016117095947,0.02,0,,0,0,2.2677807807922363,0.9296875,0.9448814392089844,32,1.1333169693346332,0.0,0,0.5,0.5032028131364366,78941,0.0,,705,0,0.109375,1,0,,,,,61,1.4638471603393555,4,0.007057314585635048,,0,0.0003333997405291373,1024,0.5,223.51903472468257,88194,4,275,0.9448814392089844,,,78823.5,,,0,1,0.6850017309188843,1,64,0,1,0.453125,0,337.234375,0,0.1,0.453125,0.0,0,0.6850017309188843,1.2158877849578857,0,1.6716938944227877e-08,,8,1,,223.00953674316406,0,0,1,0.10511893779039383,56,,0,,0.030077923828737613,0.7610169000299021,0,,,0.41379839181900024,0.0,0.13053540885448456,0.13288043141365052,0.015625,502.53333333333336,0.001,0,61,0.8,0.1077045127749443,737.0,0,,0.0033021681010723114,0,66.73162603378296,0,1,1.0,4,,1,0,0,78497,0.014531291089951992,0,1,-0.08027089387178421,1.3868452310562134,3.5,,0.3249247968196869,512.0,0.375,0,10752,126.7255859375,0.5191547784929075,,,0.125,0,0.1263585388660431,0.148189976811409,0.014531291089951992,0,0,,,0.41379836201667786,0,4,,0.41379839181900024,0,238.05948090925813,0.11748047440830886,,0.26053455751389265,16,1,1.0,4,0,0.02364586852490902,,10.0,0.13491812348365784,,331.10842592337417,8,512.0,1024,0.453125,0.0,17359.902967569,0.690333109641173,1024,-0.0027996685821563005,0,737.0,0.125,,2.225128944963217,,,2.2677807807922363,2.0,-0.20484627783298492,2.5425432063639164,1,1,,16,0.02851361781358719,0,315294,56,0.4598348771948101,24.394240381448803,0,0,0,0,101.806640625,1.0,64,0,1,0.5,15,0.0,0.6433537602424622,,0.9448814392089844,,-2.2677807807922363,0,0.625,,-0.0036735604517161846,0.125,,,,0,0.0,1.8749359846115112,4589.234375,0,-1.0690430402755737,,0.13288041750590007,968.5,-0.0036735604517161846,,0,0,66816,1,0,,0,8,,238.05948090925813,1.8749359846115112,0.0,0.6850017309188843,,,,0.6791552901268005,56,0,21378,0,,,-2.2677807807922363,-0.12457538396120071,0.375,16.0,0.453125,0.22508193376341332,64,2.0,0,8,1,24.324253936248404,,0,0.16000892221927643,,1,8,24.394240381448803,0,0.375,,1.1423044204711914,32,1.2,,0.9148810597663934,0,0.11748047440830886,0.13288041750590007,23,,,,1e-06,1769634548.6221397,-0.02165667712688446,0,,,0,0.6850017309188843,560
0,32.0,8,4,1.0370144993066788,8,0.7015594244003296,56,1,0,0,1.0,1,1024,0.5357142686843872,3.5,,1.0,,5.614160537719727,,0,0.59375,,0.005942957941442728,,0,0.484195739030838,0.19884872724392935,9.094960998743773,0.7250019311904907,0.02,0,,0,1,2.2677807807922363,0.92431640625,1.0,32,1.1412347886548044,0.0,0,0.5,0.5144712433014961,65035,0.0,,459,0,0.109375,1,0,,,,,62,0.8017821907997131,4,0.008230356743907425,,0,0.00040283283609887947,1024,0.5,192.40416906401515,85534,4,275,1.0,,,65031.25,,,0,1,0.7250019311904907,1,64,0,1,0.59375,0,316.5625,0,0.1,0.59375,0.0,0,0.7250019907951355,1.0385267734527588,0,1.4841323725534039e-08,,8,1,,223.07929229736328,0,0,1,0.10478689149022102,56,,0,,0.034963809702042374,0.8021352388385765,0,,,0.412504106760025,0.0,0.14724397659301758,0.04754074556486947,0.015625,406.0,0.001,0,62,0.8,0.11220478266477585,405.0,0,,0.003331061452627182,0,66.73162603378296,1,1,1.0,4,,1,0,0,65024,0.015525399707257748,0,1,-0.0475735105574131,1.527700424194336,3.5,,0.16652649641036987,512.0,0.5357142686843872,0,9322,126.08447265625,0.5146256097195911,,,0.125,0,0.14306074380874634,0.13961468264460564,0.015525399707257748,0,0,,,0.412504106760025,0,4,,0.412504106760025,0,206.29447745531797,0.12355577451366974,,0.2713775085285306,16,0,1.0,4,0,0.09985348209738731,,10.0,0.13836665451526642,,315.23505041033076,8,512.0,1024,0.59375,0.0,17605.368452108,0.712959310876224,1024,-0.0024411536287516356,0,405.0,0.125,,2.1409215480089188,,,2.2677807807922363,2.0,-0.089171651750803,2.371208492666483,1,1,,16,0.02752044051885605,0,260125,56,0.46005741831760183,24.793849657665547,0,0,0,0,101.806640625,1.0,64,0,2,0.5,14,0.0,0.660469114780426,,1.0,,-2.2677807807922363,0,0.4642857142857143,,-0.014952209778130054,0.125,,,,0,0.0,0.7015594244003296,3747.890625,0,-1.4638471603393555,,0.04754073917865753,984.5,-0.014952209778130054,,0,0,49318,1,0,,0,8,,206.29447745531797,0.7015594244003296,0.0,0.5020663738250732,,,,0.7002889513969421,56,0,36216,0,,,-2.2677807807922363,-0.04159814119338989,0.5357142686843872,16.0,0.59375,0.19311974585643452,64,2.0,0,8,1,24.240514784277934,,0,0.13093125820159912,,1,8,24.793849657665547,0,0.5357142857142857,,1.1657575368881226,32,1.2,,0.9128571626390136,0,0.12355577451366974,0.04754073917865753,34,,,,1e-06,1769634754.9339812,-0.0315658263862133,0,,,0,0.7250019907951355,469
0,32.0,8,4,1.1138138361275196,8,0.9354125261306763,56,1,0,0,0.75,1,1024,0.7678571343421936,3.5,,1.0,,7.502419948577881,,0,0.796875,,0.00299072265625,,0,0.44896194338798523,0.1881366741580846,9.85761934146285,0.901538074016571,0.02,0,,0,0,1.0690429210662842,0.92529296875,1.0,32,1.1449407668628333,0.0,0,0.5,0.5074029079606215,60040,0.0,,534,0,0.109375,1,0,,,,,63,1.0690429210662842,4,0.010152225494240812,,0,0.0004212865710541924,1024,0.5,230.36172531172633,89376,4,275,1.0,,,60037.75,,,0,1,0.901538074016571,1,64,0,1,0.796875,0,386.78125,0,0.1,0.796875,0.0,0,0.901538074016571,0.5521849393844604,0,4.55421726996974e-08,,8,1,,223.32582092285156,0,0,1,0.10117239132523537,56,,0,,0.04104758814855175,1.0694750869869418,0,,,0.2943013608455658,0.0,0.12262947112321854,0.12030818859736124,0.015625,227.53333333333333,0.001,0,63,0.8,0.07869654893875122,463.0,0,,0.00329672172665596,0,66.73162603378296,0,1,1.0,4,,1,0,0,60033,0.00978193711489439,0,1,-0.05270688235759735,1.2928857803344727,3.5,,0.21387462317943573,512.0,0.5178571343421936,0,10430,129.51171875,0.5172562603104659,,,0.125,0,0.12093359977006912,0.1278090849518776,0.00978193711489439,0,0,,,0.2943013906478882,0,4,,0.2943013608455658,0,245.45439456403255,0.12644006188258108,,0.2528750756755471,16,1,1.0,4,0,0.006478312890976667,,10.0,0.12429945170879364,,244.59839110494207,8,512.0,1024,0.796875,0.0,17816.030849246,0.6915970587666321,1024,-0.00024821501574479043,0,463.0,0.125,,2.438067104667425,,,1.0690429210662842,2.0,-0.16549581103026867,2.5296036675572395,1,1,,16,0.026792971417307854,0,240151,56,0.44866168975328946,25.342785939015798,0,0,0,0,101.806640625,1.0,64,0,1,0.5,15,0.0,0.6636298298835754,,1.0,,-2.2677807807922363,0,0.23214285714285715,,-0.028609180822968483,0.125,,,,0,0.0,0.935412585735321,3365.578125,0,-1.4638471603393555,,0.12030819257100424,1000.5,-0.028609180822968483,,0,0,30163,1,0,,0,8,,245.45439456403255,0.935412585735321,0.0,0.901538074016571,,,,0.7160534858703613,56,0,59213,0,,,-2.2677807807922363,-0.11278892867267132,0.7678571343421936,16.0,0.796875,0.1643131873182825,64,2.0,0,8,1,24.93108372800311,,0,0.03954581171274185,,1,8,25.342785939015798,0,0.7678571428571428,,1.165876865386963,32,1.2,,0.8922143037620047,0,0.12644006188258108,0.12030819257100424,49,,,,1e-06,1769635000.3993778,-0.03434659540653229,0,,,0,0.9015381336212158,578
0,32.0,8,4,1.0238206703215837,8,0.9354125261306763,56,1,0,0,0.75,1,1024,0.6071428656578064,3.5,,1.0,,6.3877692222595215,,0,0.65625,,0.004074809607118368,,0,0.4563162326812744,0.34069257193462343,9.427923519164324,0.3229648470878601,0.02,0,,0,1,2.2677807807922363,0.93798828125,1.0,32,1.1430396985124558,0.0,0,0.4375,0.5148899051749285,59901,0.0,,454,0,0.109375,1,0,,,,,64,2.2677807807922363,4,0.009263868129661276,,0,0.0004412341523558757,1024,0.5,196.23407397419214,116467,4,275,1.0,,,59898.5,,,0,1,0.3229648768901825,1,64,0,1,0.65625,0,339.203125,0,0.1,0.65625,0.0,0,0.3229648470878601,0.8960018754005432,0,2.159369927312582e-08,,8,1,,223.73230743408203,0,0,1,0.10571705549955368,56,,0,,0.039349581037773584,0.9006314063574461,0,,,0.3382242023944855,0.0,0.1314525306224823,0.057775290807088216,0.015625,293.8666666666667,0.001,0,64,0.8,0.10070908814668655,716.0,0,,0.0015397481620311737,0,66.73162603378296,1,1,1.0,4,,1,0,0,59896,0.013369438238441944,0,1,-0.01888158731162548,1.238192081451416,3.5,,0.13646192848682404,512.0,0.3571428656578064,0,10623,129.54150390625,0.5342505898327748,,,0.125,0,0.12865065038204193,0.13040666654706,0.013369438238441944,0,0,,,0.33822423219680786,0,4,,0.3382242023944855,0,210.64836620539427,0.12501982786378021,,0.23039435967803001,16,0,1.0,4,0,0.07063823193311691,,10.0,0.13275304436683655,,284.35302432678503,8,512.0,1024,0.65625,0.0,18072.644550379,0.6713029192625198,1024,6.55947151244618e-05,0,716.0,0.125,,2.219567220658064,,,2.2677807807922363,2.0,-0.07304591499269009,2.493460401892662,1,1,,16,0.02500990591943264,0,239594,56,0.4458714621689992,25.119719940972708,0,0,0,0,101.806640625,1.0,64,0,1,0.5,15,0.0,0.6033215522766113,,1.0,,-2.2677807807922363,0,0.39285714285714285,,-0.014376834034919739,0.125,,,,0,0.0,0.935412585735321,3404.453125,0,-2.2677807807922363,,0.0577752947807312,1016.5,-0.014376834034919739,,0,0,21325,1,0,,0,8,,210.64836620539427,0.935412585735321,0.0,0.3229648768901825,,,,0.6439010500907898,56,0,95142,0,,,-2.2677807807922363,-0.054164327681064606,0.6071428656578064,16.0,0.65625,0.17385995281087918,64,2.0,0,8,1,25.328844314138102,,0,0.09224479645490646,,1,8,25.119719940972708,0,0.6071428571428571,,1.171352744102478,32,1.2,,0.8815321596565562,0,0.12501982786378021,0.0577752947807312,40,,,,1e-06,1769635211.0617414,-0.026713015511631966,0,,,0,0.3229648768901825,547
0,32.0,8,4,1.0442452002316713,8,0.27665841579437256,56,1,0,0,0.625,1,1024,0.6785714030265808,3.5,,1.0,,6.267735958099365,,0,0.71875,,0.0027911043725907803,,0,0.43274277448654175,0.3174355149041282,10.652130719274282,0.8119916319847107,0.02,0,,0,0,2.2677807807922363,0.92822265625,0.8365387320518494,32,1.1396590391297228,0.0,0,0.375,0.520573980514546,64671,0.0,,511,0,0.109375,1,0,,,,,65,0.8017821907997131,4,0.00986315449015276,,0,0.00041865281149964715,1024,0.5,240.28922517970204,78476,4,275,0.8365387320518494,,,64663.5,,,0,1,0.9779614806175232,1,64,0,1,0.71875,0,366.109375,0,0.1,0.71875,0.0,0,0.8119916319847107,0.7890838384628296,0,0.0,,8,1,,222.6368064880371,0,0,1,0.10828622430562973,56,,0,,0.041182934419240695,1.0215379668642184,0,,,0.319100558757782,0.0,0.12023436278104782,-0.07804000377655029,0.015625,371.9230769230769,0.001,0,65,0.8,0.08846499025821686,235.0,0,,0.0019034966826438904,0,66.73162603378296,0,1,1.0,4,,1,0,0,64659,0.010071294382214546,0,1,-0.10178491659462452,1.1357359886169434,3.5,,0.19642595946788788,512.0,0.3035714328289032,0,12569,128.3115234375,0.5289666304924652,,,0.125,0,0.11821115761995316,0.1544937938451767,0.010071294382214546,0,0,,,0.319100558757782,0,4,,0.319100558757782,0,256.58896243944764,0.12221177633755756,,0.23399823810905218,16,1,1.0,4,0,0.06720165675505996,,10.0,0.11384496837854385,,252.01200934455596,8,512.0,1024,0.71875,0.0,18328.531452194,0.7234520583750584,1024,-0.0011535228695720434,0,235.0,0.125,,2.5511443614959717,,,2.2677807807922363,2.0,-0.03837742656469345,2.7952355928719044,1,1,,16,0.027912164106965065,0,258654,56,0.43964931713970734,25.291592875897507,0,0,0,0,101.806640625,1.0,64,0,3,0.5,13,0.0,0.5548508763313293,,0.8365387320518494,,-2.2677807807922363,0,0.32142857142857145,,-0.004707879852503538,0.125,,,,0,0.0,0.27665844559669495,3675.359375,0,-1.0690430402755737,,-0.07803999460660495,1032.5,-0.004707879852503538,,0,0,47095,1,0,,0,8,,256.58896243944764,0.27665844559669495,0.0,0.7398831943670908,,,,0.5851378440856934,56,0,31381,0,,,-2.2677807807922363,0.06340749002993107,0.6785714030265808,16.0,0.71875,0.1616331968093722,64,2.0,0,8,1,25.274943333465394,,0,0.06831714510917664,,1,8,25.291592875897507,0,0.6785714285714286,,1.1794074773788452,32,1.2,,0.867812694025296,0,0.12221177633755756,-0.07803999460660495,43,,,,1e-06,1769635467.675468,-0.012783723883330822,0,,,0,0.8119916319847107,693
0,32.0,8,4,0.8690262865275145,8,0.935412585735321,56,1,0,0,0.875,1,1024,0.5178571343421936,3.5,,1.0,,6.0997090339660645,,0,0.578125,,0.0036423092242330313,,0,0.418035089969635,0.26666400934050144,10.758252780884504,0.18738612532615662,0.02,0,,0,1,2.2677807807922363,0.93359375,1.0,32,1.1441189239632101,0.0,0,0.4375,0.5176727193883519,79589,0.0,,553,0,0.109375,1,0,,,,,66,1.0690429210662842,4,0.007979239999469395,,0,0.000322225943173007,1024,0.5,239.50040244311094,95361,4,275,1.0,,,79581.5,,,0,1,0.5786544680595398,1,64,0,1,0.578125,0,377.8125,0,0.1,0.578125,0.0,0,0.1873861402273178,0.8568264245986938,0,1.9321790833970454e-09,,8,1,,223.19099044799805,0,0,1,0.10257289558649063,56,,0,,0.0337963370283436,0.8142228772212131,0,,,0.3061196804046631,0.0,0.11090543866157532,-0.05059312690388073,0.015625,432.6363636363636,0.001,0,66,0.8,0.08582812547683716,212.0,0,,0.0013582110404968262,0,66.73162603378296,1,1,1.0,4,,1,0,0,79567,0.008315598592162132,0,1,-0.08374465629458427,1.3093178272247314,3.5,,0.29616302251815796,512.0,0.3928571343421936,0,9944,128.67822265625,0.5196997023563635,,,0.125,0,0.10926850885152817,0.14233478158712387,0.008315598592162132,0,0,,,0.3061196804046631,0,4,,0.3061196804046631,0,255.8750829398632,0.12582926767830943,,0.2273300364613533,16,0,1.0,4,0,0.36542779579758644,,10.0,0.09688663482666016,,311.01699737877004,8,512.0,1024,0.578125,0.0,18550.441409173,0.7158508823247443,1024,0.00016189154121093452,0,212.0,0.125,,2.5399995520710945,,,2.2677807807922363,2.0,-0.04896187782287598,2.7973751313984394,1,1,,16,0.025083592161536217,0,318326,56,0.44177399354115743,24.997060191150073,0,0,0,0,101.806640625,1.0,64,0,5,0.5,11,0.0,0.6364529132843018,,1.0,,-1.4638471603393555,0,0.4821428571428572,,-0.016827594488859177,0.125,,,,0,0.0,0.935412585735321,4596.03125,0,-1.4638471603393555,,-0.05059313774108887,1048.5,-0.016827594488859177,,0,0,50772,1,0,,0,8,,255.8750829398632,0.935412585735321,0.0,0.3427222430706024,,,,0.6718912124633789,56,0,44589,0,,,-1.4638471603393555,0.0347827784717083,0.5178571343421936,16.0,0.578125,0.20981763731835068,64,2.0,0,8,1,25.550623907384235,,0,0.09434676170349121,,1,8,24.997060191150073,0,0.5178571428571428,,1.1560651063919067,32,1.2,,0.8744220583927087,0,0.12582926767830943,-0.05059313774108887,34,,,,1e-06,1769635723.5622709,-0.024153467267751694,0,,,0,0.1873861402273178,549
0,32.0,8,4,1.1043289713561535,8,,56,1,0,0,0.875,1,1024,0.5535714030265808,3.5,,,,5.477523326873779,,0,0.609375,,0.006122455932199955,,0,0.4731507897377014,0.33071891388307384,8.397525664418936,,0.02,0,,0,0,1.4638471603393555,0.94970703125,,32,1.1464647184179781,,0,0.375,0.5317890829718995,66420,,,549,0,0.109375,1,0,,,,,67,1.4638471603393555,4,0.007709308741786981,,0,0.00037216183499948457,1024,0.5,208.96872011944652,111856,4,275,,,,66416.0,,,0,1,,1,64,0,1,0.609375,0,316.890625,0,,0.609375,,0,,0.9141649007797241,0,,,8,1,,223.7032814025879,0,0,1,0.09887000173330307,56,,0,,0.03160957323694191,0.8516022712227274,0,,,0.3450726270675659,,0.14121457934379578,0.11757182516157627,0.015625,365.5,0.001,0,67,,0.10797406733036041,,0,,0.0016167126595973969,0,66.73162603378296,0,1,,4,,1,0,0,66414,0.014202287420630455,0,1,0.0,1.2829551696777344,3.5,,0.2121753692626953,,0.4285714328289032,0,8474,127.1669921875,0.5437147172385454,,,0.125,0,0.13827762007713318,0.12562888488173485,0.014202287420630455,0,0,,,0.3450726568698883,0,4,,0.3450726270675659,0,221.89872613549232,0.1275918568891422,,0.21153334248811007,16,1,1.0,4,0,0.0,,,0.13153424859046936,,299.30771193091977,8,,1024,0.609375,,18879.870820791,0.6943440516427264,1024,0.0002250942779937759,0,,0.125,,2.0480857975780964,,,1.4638471603393555,,-0.11757182888686657,2.223654132336378,1,1,,16,0.025757450610399246,0,265664,56,0.4420067220363899,24.997060191150073,0,0,0,0,101.806640625,1.0,64,0,0,0.5,16,,0.6420497298240662,,,,-2.2677807807922363,0,0.44642857142857145,,-0.0038258726708590984,0.125,,,,0,,,3834.109375,0,-0.8017822504043579,,0.11757182702422142,1064.5,-0.0038258726708590984,,0,0,23256,1,0,,0,8,,221.89872613549232,,,,,,,0.6870286464691162,56,0,88600,0,,,-2.2677807807922363,-0.11757182888686657,0.5535714030265808,,0.609375,0.21091068542049765,64,2.0,0,8,1,24.997060191150073,,0,0.10004591941833496,,1,8,24.997060191150073,0,0.5535714285714286,,1.1771917343139648,32,1.2,,0.8664152405487378,0,0.1275918568891422,0.11757182702422142,34,,,,1e-06,1769635945.4724946,-0.017051273956894875,0,,,0,,420
0,32.0,6,4,1.054459311068058,6,0.935412585735321,58,1,0,0,0.6666666865348816,1,1024,0.568965494632721,3.625,,1.0,,6.018288612365723,,0,0.609375,,0.0023146444000303745,,0,0.3983463644981384,0.2392827528838307,13.905647207051516,0.8881784081459045,0.02,0,,0,1,2.4748666286468506,0.9521484375,1.0,32,1.1131762638298186,0.0,0,0.3125,0.5137710573308709,94868,0.0,,482,0,0.125,1,0,,,,,68,2.4748666286468506,4,0.008605543646642297,,0,0.00028735906868190554,1024,0.375,308.39493395760655,133576,4,275,1.0,,,94867.5,,,0,1,0.8881784081459045,1,64,0,1,0.7708333333333334,0,418.171875,0,0.1,0.609375,0.0,0,0.8881785273551941,0.5450651049613953,0,1.6121083135089975e-08,,6,1,,223.92730331420898,0,0,1,0.1090441457927227,58,,0,,0.03664491845745781,0.8743657879134992,0,,,0.2986092269420624,0.0,0.10144126415252686,0.18839608828226725,0.015625,507.0,0.001,0,68,0.8,0.07892102748155594,443.0,0,,0.001784052699804306,0,66.73162603378296,1,1,1.0,4,,1,0,0,94867,0.005704451352357864,0,1,-0.05192583054304123,1.3216519355773926,3.625,,0.22136618196964264,512.0,0.32758620381355286,0,12849,126.5869140625,0.5451004097351729,,,0.09375,0,0.1003100797533989,0.17146817594766617,0.005704451352357864,0,0,,,0.29860925674438477,2,4,,0.2986092269420624,0,329.4121445417404,0.10145736615154313,,0.2072858288884163,16,0,1.0,4,0,0.007411415223032236,,10.0,0.07228049635887146,,287.99029292612846,6,512.0,1024,0.609375,0.0,19063.502863255,0.6858173252510662,1024,-0.0039261081255972385,0,443.0,0.09375,,3.2655456475913525,,,2.4748666286468506,2.0,-0.22854718193411827,3.5276025980710983,1,1,,16,0.025827093049883842,0,379470,58,0.43300162381693474,25.204100996796644,0,0,0,0,101.806640625,1.0,64,0,1,0.375,15,0.0,0.6207833290100098,,1.0,,-2.2677807807922363,0,0.2619047619047619,,-0.013522038236260414,0.09375,,,,0,0.0,0.935412585735321,5511.046875,0,-0.8017822504043579,,0.18839609424273174,1080.5,-0.013522038236260414,,0,0,57614,1,0,,0,6,,329.4121445417404,0.935412585735321,0.0,0.8881784081459045,,,,0.6458845138549805,58,0,75962,0,,,-2.2677807807922363,-0.17662135139107704,0.568965494632721,16.0,0.609375,0.2005959107717085,64,2.0,0,6,1,25.010000241502986,,0,0.06080170348286629,,1,6,25.204100996796644,0,0.7380952380952381,,1.1202936172485352,32,1.2,,0.8546420971963908,0,0.10145736615154313,0.18839609424273174,35,,,,1e-06,1769636274.9017522,-0.016726750880479813,0,,,0,0.8881784677505493,733
0,32.0,8,4,0.9471379928290844,8,0.7015594244003296,56,1,0,0,0.75,1,1024,0.6964285969734192,3.5,,1.0,,5.9745049476623535,,0,0.734375,,0.00526431854814291,,0,0.48532724380493164,0.21943224513293763,8.958969980478287,0.6616619229316711,0.02,0,,0,1,1.0690429210662842,0.9365234375,1.0,32,1.134219214109812,0.0,0,0.375,0.4995110752117029,57664,0.0,,479,0,0.109375,1,0,,,,,69,1.0690429210662842,4,0.009303338383100636,,0,0.000450689751066391,1024,0.5,169.97653212025762,100391,4,275,1.0,,,57659.25,,,0,1,0.9173355102539062,1,64,0,1,0.734375,0,327.0625,0,0.1,0.734375,0.0,0,0.6616621017456055,0.6190743446350098,0,4.660230601416515e-08,,8,1,,224.58834838867188,0,0,1,0.10394573211669922,56,,0,,0.03884446112496385,0.8105506884445178,0,,,0.37836864590644836,0.0,0.1475280225276947,0.16048037734898654,0.015625,362.72727272727275,0.001,0,69,0.8,0.1131446585059166,481.0,0,,0.0020516254007816315,0,66.73162603378296,1,1,1.0,4,,1,0,0,57655,0.014796976931393147,0,1,-0.12175579275935888,1.2372232675552368,3.5,,0.19120493531227112,512.0,0.4464285671710968,0,8736,128.7080078125,0.5392739593997433,,,0.125,0,0.14406096935272217,0.11402254924178123,0.014796976931393147,0,0,,,0.37836867570877075,0,4,,0.37836864590644836,0,183.62026474252343,0.11811886351352266,,0.20271901227533817,16,0,1.0,4,0,0.1683428599499166,,10.0,0.13077928125858307,,314.013543553328,8,512.0,1024,0.734375,0.0,19411.907310786,0.6515264589885129,1024,-0.00276884320192039,0,481.0,0.125,,2.1456940546631813,,,1.0690429210662842,2.0,-0.23208605218678713,2.2843244299292564,1,1,,16,0.027823304757475853,0,230637,56,0.42653011352247505,25.433068066684992,0,0,0,0,101.806640625,1.0,64,0,5,0.5,11,0.0,0.6014983057975769,,1.0,,-2.2677807807922363,0,0.3035714285714286,,-0.022803450003266335,0.125,,,,0,0.0,0.7015594244003296,3276.640625,0,-1.0690430402755737,,0.16048037734898654,1096.5,-0.022803450003266335,,0,0,38078,1,0,,0,8,,183.62026474252343,0.7015594244003296,0.0,0.6476031184196472,,,,0.6350695490837097,56,0,62313,0,,,-2.2677807807922363,-0.11033025942742825,0.6964285969734192,16.0,0.734375,0.16865517383102396,64,2.0,0,8,1,25.1242778797152,,0,0.07817547768354416,,1,8,25.433068066684992,0,0.6964285714285714,,1.1453497409820557,32,1.2,,0.8432417371950143,0,0.11811886351352266,0.16048037734898654,44,,,,1e-06,1769636458.5338724,-0.032443951815366745,0,,,0,0.6616621017456055,474
0,32.0,8,4,0.992968418635428,8,0.48430272936820984,56,1,0,0,0.875,1,1024,0.5714285969734192,3.5,,1.0,,7.9708333015441895,,0,0.625,,0.003148831892758608,,0,0.4184908866882324,0.2857142857142857,13.117855913937092,0.31354957818984985,0.02,0,,0,0,1.0690429210662842,0.9326171875,0.9452640414237976,32,1.141319586030865,0.0,0,0.375,0.4931069493626377,87241,0.0,,504,0,0.109375,1,0,,,,,70,1.0690429210662842,4,0.008750565824089219,,0,0.0003330195996094749,1024,0.5,328.65425220504403,101109,4,275,0.9452640414237976,,,87239.5,,,0,1,0.8660292029380798,1,64,0,1,0.625,0,415.984375,0,0.1,0.625,0.0,0,0.31354957818984985,0.679075300693512,0,9.055003857838528e-09,,8,1,,225.2133445739746,0,0,1,0.11620985344052315,56,,0,,0.03759150360197242,1.01960461074672,0,,,0.3097308278083801,0.0,0.10763832181692123,-0.06885764461297256,0.015625,433.3076923076923,0.001,0,70,0.8,0.0800812840461731,221.0,0,,0.001926567405462265,0,66.73162603378296,0,1,1.0,4,,1,0,0,87237,0.007132331375032663,0,1,-0.05274708662182093,1.1679842472076416,3.5,,0.2266240268945694,512.0,0.4464285671710968,0,10848,130.8720703125,0.540881689788311,,,0.125,0,0.10618657618761063,0.14727263525128365,0.007132331375032663,0,0,,,0.3097308576107025,0,4,,0.3097308278083801,0,348.39377054944634,0.12347223814295108,,0.23296674340963364,16,1,1.0,4,0,0.1773494053632021,,10.0,0.08906365185976028,,250.4048791182918,8,512.0,1024,0.625,0.0,19712.498319717,0.6618072763417453,1024,0.005008045583963394,0,221.0,0.125,,3.0535799488425255,,,1.0690429210662842,2.0,0.003199768252670765,3.269487924873829,1,1,,16,0.025741809979081154,0,348958,56,0.4266321787427384,25.409535719777253,0,0,0,0,101.806640625,1.0,64,0,3,0.5,13,0.0,0.66729336977005,,0.9452640414237976,,-2.2677807807922363,0,0.4285714285714286,,-0.011951039545238018,0.125,,,,0,0.0,0.48430272936820984,5036.484375,0,-1.4638471603393555,,-0.06885764461297256,1112.5,-0.011951039545238018,,0,0,77532,1,0,,0,8,,348.39377054944634,0.48430272936820984,0.0,0.46508650481700897,,,,0.7022528648376465,56,0,23577,0,,,-2.2677807807922363,0.05594685487449169,0.5714285969734192,16.0,0.625,0.18856158734498693,64,2.0,0,8,1,25.47920494387879,,0,0.055250685662031174,,1,8,25.409535719777253,0,0.5714285714285714,,1.1497663259506226,32,1.2,,0.8430439350383991,0,0.12347223814295108,-0.06885764461297256,37,,,,1e-06,1769636806.938327,-0.01691507361829281,0,,,0,0.31354963779449463,560
0,32.0,8,4,1.00350661855191,8,0.28880012035369873,56,1,0,0,0.875,1,1024,0.6964285969734192,3.5,,1.0,,6.112255096435547,,0,0.734375,,0.002589240437373519,,0,0.43568891286849976,0.18123020651950392,11.818479713052511,0.30479955673217773,0.02,0,,0,0,1.0690429210662842,0.9326171875,0.8732517957687378,32,1.1437109300952166,0.0,0,0.5,0.4948801727908929,71504,0.0,,752,0,0.109375,1,0,,,,,71,1.0690429210662842,4,0.009335781620578519,,0,0.00039553607490165713,1024,0.5,282.8951360434294,94065,4,275,0.8732517957687378,,,71501.0,,,0,1,0.30479955673217773,1,64,0,1,0.734375,0,408.546875,0,0.1,0.734375,0.0,0,0.3047995865345001,0.5178858041763306,0,1.7018325637607745e-09,,8,1,,225.6051788330078,0,0,1,0.11312489956617355,56,,0,,0.0413227776990969,1.0886569768889403,0,,,0.30174413323402405,0.0,0.12039009481668472,0.04281202171530042,0.015625,400.7142857142857,0.001,0,71,0.8,0.09025348722934723,461.0,0,,0.0026592016220092773,0,66.73162603378296,0,1,1.0,4,,1,0,0,71496,0.00878944993019104,0,1,-0.00821272237226367,1.3858683109283447,3.5,,0.3278626799583435,512.0,0.5714285969734192,0,13074,128.470703125,0.5352661754502245,,,0.125,0,0.11878196895122528,0.1779828667640686,0.00878944993019104,0,0,,,0.30174413323402405,0,4,,0.30174413323402405,0,300.5728239007294,0.12548755511668946,,0.2252539023756981,16,1,1.0,4,0,0.20234567672014236,,10.0,0.09738626331090927,,237.88245082201686,8,512.0,1024,0.734375,0.0,19927.188367598,0.6572883393930967,1024,-0.0009379530674777925,0,461.0,0.125,,2.6700708866119385,,,1.0690429210662842,2.0,-0.04567324882373214,2.8560241982340813,1,1,,16,0.026136938482522964,0,286004,56,0.4204791405157241,24.649339978451152,0,0,0,0,101.806640625,1.0,64,0,2,0.5,14,0.0,0.5982959866523743,,0.8732517957687378,,-2.2677807807922363,0,0.3035714285714286,,-0.028598200529813766,0.125,,,,0,0.0,0.28880012035369873,4060.265625,0,-1.0690430402755737,,0.04281202597277505,1128.5,-0.028598200529813766,,0,0,58063,1,0,,0,8,,300.5728239007294,0.28880012035369873,0.0,0.2168039306998253,,,,0.6302920579910278,56,0,36002,0,,,-2.2677807807922363,-0.03746052645146847,0.6964285969734192,16.0,0.734375,0.16445490980189426,64,2.0,0,8,1,24.81687100445014,,0,0.06363382190465927,,1,8,24.649339978451152,0,0.6964285714285714,,1.1620146036148071,32,1.2,,0.832141737168892,0,0.12548755511668946,0.04281202597277505,46,,,,1e-06,1769637107.529263,-0.033444084227085114,0,,,0,0.3047995865345001,709
0,32.0,8,4,0.9887943277135491,8,0.47953489422798157,56,1,0,0,0.375,1,1024,0.9107142686843872,3.5,,1.0,,6.307855606079102,,0,0.921875,,0.0033997183199971914,,0,0.48227769136428833,0.12242240357859006,9.09556931257248,0.9261586666107178,0.02,0,,0,0,0.5855388045310974,0.94287109375,0.9359581470489502,32,1.1424539829481144,0.0,0,0.4375,0.4801361635553018,45334,0.0,,343,0,0.109375,1,0,,,,,72,0.5855388045310974,4,0.011436223494110687,,0,0.0004881209576089281,1024,0.5,201.11369486898184,79613,4,275,0.9359581470489502,,,45328.5,,,0,1,0.9261590242385864,1,64,0,1,0.921875,0,360.75,0,0.1,0.921875,0.0,0,0.926159143447876,0.25514695048332214,0,3.840754558837034e-08,,8,1,,226.10829162597656,0,0,1,0.0885031633079052,56,,0,,0.05016473803772725,1.2710533974756477,0,,,0.21888531744480133,0.0,0.14025618135929108,0.03562748432159424,0.015625,218.15384615384616,0.001,0,72,0.8,0.09307572990655899,288.0,0,,0.0050145164132118225,0,66.73162603378296,0,1,1.0,4,,1,0,0,45323,0.013796721585094929,0,1,-0.031813113018870354,0.8064749836921692,3.5,,0.6455652713775635,512.0,0.2857142984867096,0,9541,130.595703125,0.5085028666777133,,,0.125,0,0.13915619254112244,0.11590142920613289,0.013796721585094929,0,0,,,0.21888531744480133,0,4,,0.21888531744480133,0,214.67332184314728,0.12455471286484113,,0.24418025370687246,16,1,1.0,4,0,0.18638678221032023,,10.0,0.1482311338186264,,211.15106251124962,8,512.0,1024,0.921875,0.0,20121.268068456,0.6244239224234418,1024,-0.0017914504278451204,0,288.0,0.125,,2.073547426611185,,,0.5855388045310974,2.0,-0.06076044589281082,2.1441360525786877,1,1,,16,0.027673106640577316,0,181314,56,0.40391946893813147,24.585394616232694,0,0,0,0,101.806640625,1.0,64,0,3,0.5,13,0.0,0.57744961977005,,0.9359581470489502,,-2.2677807807922363,0,0.08928571428571429,,-0.021103639155626297,0.125,,,,0,0.0,0.47953489422798157,2472.28125,0,-1.4638471603393555,,0.03562748890656691,1144.5,-0.021103639155626297,,0,0,14753,1,0,,0,8,,214.67332184314728,0.47953489422798157,0.0,0.4651908924182256,,,,0.6398496627807617,56,0,64860,0,,,-2.2677807807922363,-0.028947332873940468,0.9107142686843872,16.0,0.921875,0.1315297083239037,64,2.0,0,8,1,24.495178720313977,,0,0.01315959170460701,,1,8,24.585394616232694,0,0.9107142857142858,,1.153234601020813,32,1.2,,0.8057132212068345,0,0.12455471286484113,0.03562748890656691,59,,,,1e-06,1769637322.219389,-0.024968313053250313,0,,,0,0.926159143447876,492
0,32.0,8,4,1.0700397696346045,8,0.0,56,1,0,0,0.75,1,1024,0.6428571343421936,3.5,,1.0,,5.607658386230469,,0,0.6875,,0.005832049995660782,,0,0.5154235363006592,0.24743582965269675,8.624726053327322,0.3492831885814667,0.02,0,,0,0,1.4638471603393555,0.9375,0.8891600966453552,32,1.142795360427483,0.0,0,0.5,0.4647007838851032,59305,0.0,,463,0,0.109375,1,0,,,,,73,1.0690429210662842,4,0.008631795506545007,,0,0.00037402528711491826,1024,0.5,180.8474407941103,76293,4,275,0.8891600966453552,,,59296.25,,,0,1,0.3492831885814667,1,64,0,1,0.6875,0,305.078125,0,0.1,0.6875,0.0,0,0.3492831885814667,0.8092166781425476,0,0.0,,8,1,,226.06883239746094,0,0,1,0.08871318772435188,56,,0,,0.03636286465555293,0.8308712707622452,0,,,0.33602383732795715,0.0,0.17045336961746216,-0.20279356638590496,0.015625,478.4,0.001,0,73,0.8,0.12873747944831848,111.0,0,,0.0015082359313964844,0,66.73162603378296,0,1,1.0,4,,1,0,0,59286,0.013360287062823772,0,1,0.0,1.1369174718856812,3.5,,0.24051538109779358,512.0,0.3928571343421936,0,7452,126.13427734375,0.5116491517023825,,,0.125,0,0.16821134090423584,0.12664499133825302,0.013360287062823772,0,0,,,0.33602383732795715,0,4,,0.33602383732795715,0,194.0580712594092,0.1247603735995232,,0.23885177914053202,16,1,1.0,4,0,0.06574201583862305,,10.0,0.10377930849790573,,305.55930817603104,8,512.0,1024,0.6875,0.0,20433.105273775,0.6471969522176546,1024,-0.004227273631840944,0,111.0,0.125,,2.0473324172198772,,,1.4638471603393555,2.0,0.1901189722120762,2.2891498878598213,1,1,,16,0.02759665623307228,0,237185,56,0.40158063784279263,24.808807203771117,0,0,0,0,101.806640625,1.0,64,0,1,0.5,15,0.0,0.6999055743217468,,0.8891600966453552,,-1.4638471603393555,0,0.3571428571428571,,-0.02778407372534275,0.125,,,,0,0.0,0.0,3400.9375,0,-1.4638471603393555,,-0.202793558438619,1160.5,-0.02778407372534275,,0,0,45931,1,0,,0,8,,194.0580712594092,0.0,0.0,0.3492831885814667,,,,0.7420418858528137,56,0,30362,0,,,-1.4638471603393555,0.1901189722120762,0.6428571343421936,16.0,0.6875,0.17840136080254973,64,2.0,0,8,1,24.62728447639615,,0,0.08304254710674286,,1,8,24.808807203771117,0,0.6428571428571428,,1.150891661643982,32,1.2,,0.8002489877599896,0,0.1247603735995232,-0.202793558438619,41,,,,1e-06,1769637516.2940469,-0.039118070155382156,0,,,0,0.3492831885814667,339
0,32.0,8,4,1.030916204676032,8,0.5123465061187744,56,1,0,0,0.75,1,1024,0.7142857313156128,3.5,,1.0,,5.79124116897583,,0,0.75,,0.0031127668917179108,,0,0.42436501383781433,0.3030457633656632,11.893613524734974,0.14271844923496246,0.02,0,,0,1,0.8749991655349731,0.92822265625,1.0,32,1.1411152313791109,0.0,0,0.4375,0.4457514587211138,74594,0.0,,505,0,0.109375,1,0,,,,,74,0.8017821907997131,4,0.009175802709587535,,0,0.00036205075112632796,1024,0.5,293.9818322211504,84752,4,275,1.0,,,74590.75,,,0,1,1.0218281745910645,1,64,0,1,0.75,0,407.015625,0,0.1,0.75,0.0,0,0.14271844923496246,0.4504348337650299,0,0.0,,8,1,,226.43477249145508,0,0,1,0.1080225482583046,56,,0,,0.039862896956844425,1.0795692921449151,0,,,0.2733507454395294,0.0,0.11003332585096359,0.026009487254279002,0.015625,350.64285714285717,0.001,0,74,0.8,0.0823901817202568,168.0,0,,0.002610553056001663,0,66.73162603378296,1,1,1.0,4,,1,0,0,74589,0.010278575122356415,0,1,-0.044516018591821194,1.052669882774353,3.5,,0.3361234962940216,512.0,0.4642857015132904,0,13313,126.5693359375,0.5003524075514827,,,0.125,0,0.10833721607923508,0.15210171043872833,0.010278575122356415,0,0,,,0.2733507454395294,0,4,,0.2733507454395294,0,311.82961467280984,0.12352261415397407,,0.25728318095207214,16,0,1.0,4,0,0.12033051892649382,,10.0,0.12475486099720001,,239.20354735474706,8,512.0,1024,0.75,0.0,20763.991809543,0.6313997316309188,1024,-0.0026768024545162916,0,168.0,0.125,,2.737720023840666,,,0.8749991655349731,2.0,-0.06727434601634741,2.913893476128578,1,1,,16,0.025380704551935196,0,298363,56,0.39578731975740133,24.226989388351267,0,0,0,0,101.806640625,1.0,64,0,2,0.5,14,0.0,0.5681983232498169,,1.0,,-2.2677807807922363,0,0.2857142857142857,,-0.020380565896630287,0.125,,,,0,0.0,0.5123465061187744,4254.90625,0,-2.2677807807922363,,0.02600951279912676,1176.5,-0.020380565896630287,,0,0,67223,1,0,,0,8,,311.82961467280984,0.5123465061187744,0.0,0.582273319363594,,,,0.6102250814437866,56,0,17529,0,,,-2.2677807807922363,-0.022758327424526215,0.7142857313156128,16.0,0.75,0.1751950540288808,64,2.0,0,8,1,24.789552551396586,,0,0.03718723729252815,,1,8,24.226989388351267,0,0.7142857142857143,,1.1459349393844604,32,1.2,,0.791486537626932,0,0.12352261415397407,0.02600951279912676,45,,,,1e-06,1769637828.136318,-0.025270136073231697,0,,,0,0.14271844923496246,737
0,32.0,8,4,1.0567538738250732,8,1.6144561767578125,56,1,0,0,0.875,1,1024,0.7142857313156128,3.5,,1.0,,5.652861595153809,,0,0.75,,0.002749672392383218,,0,0.40112948417663574,0.24743582965269675,12.788753435015678,0.81097412109375,0.02,0,,0,0,2.2677807807922363,0.94970703125,0.8136115074157715,32,1.1414298861854566,0.0,0,0.4375,0.44060674190612137,79331,0.0,,605,0,0.109375,1,0,,,,,75,0.8017821907997131,4,0.009594940195436682,,0,0.00034712950577690533,1024,0.5,311.38357684388757,103383,4,275,0.8136115074157715,,,79325.75,,,0,1,0.81097412109375,1,64,0,1,0.75,0,446.28125,0,0.1,0.75,0.0,0,0.81097412109375,0.4964313209056854,0,4.668342867830688e-08,,8,1,,227.37372970581055,0,0,1,0.11014523357152939,56,,0,,0.04030454623818772,1.0784182947481915,0,,,0.27996912598609924,0.0,0.102762371301651,0.07729324499766031,0.015625,387.06666666666666,0.001,0,75,0.8,0.0774708092212677,185.0,0,,0.0018353164196014404,0,66.73162603378296,0,1,1.0,4,,1,0,0,79319,0.008606328628957272,0,1,-0.08183013647794724,1.6362450122833252,3.5,,0.3851926028728485,512.0,0.5892857313156128,0,13386,128.3818359375,0.4824776438910182,,,0.125,0,0.10122403502464294,0.16598620638251305,0.008606328628957272,0,0,,,0.27996912598609924,0,4,,0.27996912598609924,0,330.87214199081063,0.12366723502239665,,0.24185420479625463,16,1,0.9649552877820364,4,0,0.013094945810735226,,10.0,0.1110912412405014,,239.7474429932609,8,512.0,1024,0.75,0.0,21093.864021134,0.6141154584835922,1024,-0.0023253795225173235,0,185.0,0.125,,3.0445033088326454,,,2.2677807807922363,2.0,-0.15429255552589893,3.233202613890171,1,1,,16,0.025029568001627922,0,317303,56,0.39028366748314736,24.301826219738956,0,0,0,0,101.806640625,1.0,64,0,1,0.5,15,0.0,0.6042841672897339,,0.8136115074157715,,-2.2677807807922363,0,0.2857142857142857,,-0.027869630604982376,0.125,,,,0,0.0,1.614456057548523,4511.578125,0,-1.4638471603393555,,0.07729324698448181,1192.5,-0.027869630604982376,,0,0,65893,1,0,,0,8,,330.87214199081063,1.614456057548523,0.0,0.81097412109375,,,,0.6448154449462891,56,0,37490,0,,,-2.2677807807922363,-0.0724624190479517,0.7142857313156128,16.0,0.75,0.17412728342600997,64,2.0,0,8,1,24.264407804045113,,0,0.05046459287405014,,1,8,24.301826219738956,0,0.7142857142857142,,1.1475547552108765,32,1.2,,0.7805673349662947,0,0.12366723502239665,0.07729324698448181,48,,,,1e-06,1769638159.0227838,-0.03242110833525658,0,,,0,0.8109742999076843,735
0,32.0,8,4,1.0113981291651726,8,0.27031028270721436,56,1,0,0,0.75,1,1024,0.4821428656578064,3.5,,1.0,,5.545992851257324,,0,0.546875,,0.0030683933291584253,,0,0.39809560775756836,0.3842399069883931,12.42136462032795,0.5786910653114319,0.02,0,,0,0,2.2677807807922363,0.95361328125,0.8173436522483826,32,1.1449656158653423,0.0,0,0.4375,0.44874625783423794,88010,0.0,,627,0,0.109375,1,0,,,,,76,1.0690429210662842,4,0.008266010049696635,,0,0.00031055585413855276,1024,0.5,311.17585014924407,122736,4,275,0.8173436522483826,,,87984.75,,,0,1,0.6510924696922302,1,64,0,1,0.546875,0,401.109375,0,0.1,0.546875,0.0,0,0.5786910653114319,1.0015372037887573,0,0.0,,8,1,,227.33785247802734,0,0,1,0.10929671674966812,56,,0,,0.03529408397571156,0.9537430889613572,0,,,0.2482369840145111,0.0,0.10491018742322922,-0.16027406775034392,0.015625,408.0769230769231,0.001,0,76,0.8,0.08581595867872238,370.0,0,,0.0015119723975658417,0,66.73162603378296,0,1,1.0,4,,1,0,0,87972,0.007110718637704849,0,1,-0.10288336873054504,1.1376739740371704,3.5,,0.1760295033454895,512.0,0.2321428507566452,0,11240,124.529296875,0.49406804677213184,,,0.125,0,0.10388371348381042,0.15534605830907822,0.007110718637704849,0,0,,,0.2482369840145111,0,4,,0.2482369840145111,0,329.85697196796536,0.12642192189588752,,0.2229938954114914,16,1,0.9881360935442637,4,0,0.08816339261829853,,10.0,0.08286010473966599,,266.7360628307253,8,512.0,1024,0.546875,0.0,21395.829716995,0.6405525422765223,1024,0.0009693896281532943,0,370.0,0.125,,2.909131310880184,,,2.2677807807922363,2.0,0.027339307591319084,3.046792507171631,1,1,,16,0.02638864703476429,0,351939,56,0.3966623410123642,25.004353812498326,0,0,0,0,101.806640625,1.0,64,0,3,0.5,13,0.0,0.5924829840660095,,0.8173436522483826,,-2.2677807807922363,0,0.5178571428571429,,-0.011180355213582516,0.125,,,,0,0.0,0.27031028270721436,5097.9375,0,-0.8017822504043579,,-0.16027406316537124,1208.5,-0.011180355213582516,,0,0,63775,1,0,,0,8,,329.85697196796536,0.27031028270721436,0.0,0.6257854104042053,,,,0.6235842704772949,56,0,58961,0,,,-2.2677807807922363,0.13022267632186413,0.4821428656578064,16.0,0.546875,0.2025061087845859,64,2.0,0,8,1,24.71461437790136,,0,0.08006122708320618,,1,8,25.004353812498326,0,0.4821428571428571,,1.1633481979370117,32,1.2,,0.7933246820247284,0,0.12642192189588752,-0.16027406316537124,32,,,,1e-06,1769638488.895044,-0.01843307539820671,0,,,0,0.5786910653114319,574
0,32.0,8,4,0.9916593302041292,8,0.3151792287826538,56,1,0,0,0.875,1,1024,0.625,3.5,,1.0,,5.416393280029297,,0,0.671875,,0.0024556471034884453,,0,0.42323464155197144,0.28515570397627343,13.78042858093977,1.0235315561294556,0.02,0,,0,1,1.0690429210662842,0.94873046875,0.9530149698257446,32,1.1458257184316367,0.0,0,0.5,0.46345180195765895,79099,0.0,,397,0,0.109375,1,0,,,,,77,1.0690429210662842,4,0.010121181729675494,,0,0.0003580544626812928,1024,0.5,281.2009906992316,103560,4,275,0.9530149698257446,,,79082.75,,,0,1,1.1010663509368896,1,64,0,1,0.671875,0,404.171875,0,0.1,0.671875,0.0,0,1.0235316753387451,0.4277556836605072,0,8.604470735917857e-08,,8,1,,227.7725601196289,0,0,1,0.11326372623443604,56,,0,,0.043563320006384985,0.9681096132368611,0,,,0.34027764201164246,0.0,0.1146223321557045,-0.0282187486688296,0.015625,428.25,0.001,0,77,0.8,0.08767695724964142,191.0,0,,0.0013426057994365692,0,66.73162603378296,1,1,1.0,4,,1,0,0,79075,0.007494904566556215,0,1,-0.04660264030098915,1.3466291427612305,3.5,,0.42393365502357483,512.0,0.5,0,13142,125.8701171875,0.4765075011506349,,,0.125,0,0.11291830241680145,0.16105037182569504,0.007494904566556215,0,0,,,0.34027767181396484,0,4,,0.34027764201164246,0,301.95244915410876,0.12710605220824,,0.2620943523943424,16,0,0.9530150023012698,4,0,0.09431734611280262,,10.0,0.08548317104578018,,261.9046483032108,8,512.0,1024,0.671875,0.0,21675.847714804,0.6370963420311349,1024,0.0009335339418612421,0,191.0,0.125,,3.2016435377299786,,,1.0690429210662842,2.0,-0.025438565760850906,3.4566590301692486,1,1,,16,0.026545021682977676,0,316331,56,0.39557922340295243,24.747724869101855,0,0,0,0,101.806640625,1.0,64,0,4,0.5,12,0.0,0.6195888519287109,,0.9530149698257446,,-2.2677807807922363,0,0.375,,-0.02626400627195835,0.125,,,,0,0.0,0.3151792287826538,4538.5,0,-1.4638471603393555,,-0.028218751152356465,1224.5,-0.02626400627195835,,0,0,42067,1,0,,0,8,,301.95244915410876,0.3151792287826538,0.0,0.7576678767800331,,,,0.6456970572471619,56,0,61493,0,,,-2.2677807807922363,0.021164074540138245,0.625,16.0,0.671875,0.16139956944939424,64,2.0,0,8,1,24.758877414857366,,0,0.0521666444838047,,1,8,24.747724869101855,0,0.625,,1.1616240739822388,32,1.2,,0.7911584468059049,0,0.12710605220824,-0.028218751152356465,39,,,,1e-06,1769638790.8606508,-0.02969253808259964,0,,,0,1.0235317945480347,710
0,32.0,8,4,0.984861858189106,8,0.4784987270832062,56,1,0,0,0.875,1,1024,0.7142857313156128,3.5,,1.0,,5.45391321182251,,0,0.75,,0.0029027187265455723,,0,0.4325878322124481,0.24743582965269675,10.469907935708761,0.9928889274597168,0.02,0,,0,1,2.2677807807922363,0.95458984375,0.9339357614517212,32,1.144998270131345,0.0,0,0.4375,0.45456492529399534,66150,0.0,,598,0,0.109375,1,0,,,,,78,0.5855388045310974,4,0.009952962308188946,,0,0.0004193025634652239,1024,0.5,263.9775359891355,99570,4,275,0.9339357614517212,,,66143.0,,,0,1,0.9928889870643616,1,64,0,1,0.75,0,381.421875,0,0.1,0.75,0.0,0,0.9928889274597168,0.4909042716026306,0,4.129122288532017e-08,,8,1,,227.97140502929688,0,0,1,0.11093571782112122,56,,0,,0.03957300067924331,1.0991690407232462,0,,,0.27634483575820923,0.0,0.11863679438829422,0.3296702951192856,0.015625,254.41666666666666,0.001,0,78,0.8,0.0927627682685852,392.0,0,,0.001989845186471939,0,66.73162603378296,1,1,1.0,4,,1,0,0,66138,0.010363880544900894,0,1,-0.07063490431755781,1.2745715379714966,3.5,,0.2308204025030136,512.0,0.5892857313156128,0,12663,128.03125,0.4669678395273225,,,0.125,0,0.11698520928621292,0.14574572443962097,0.010363880544900894,0,0,,,0.27634483575820923,0,4,,0.27634483575820923,0,280.0052484460175,0.12639513319006163,,0.24724969919770956,16,0,0.933935679054645,4,0,0.13974522208445705,,10.0,0.11172457039356232,,236.22057217528112,8,512.0,1024,0.75,0.0,21883.571247392,0.6195272383637974,1024,-0.0023867685813456774,0,392.0,0.125,,2.633275143802166,,,2.2677807807922363,2.0,-0.31788762379437685,2.6266432069242,1,1,,16,0.025284968316555023,0,264572,56,0.3900859759464209,24.337350330657234,0,0,0,0,101.806640625,1.0,64,0,4,0.5,12,0.0,0.5879709124565125,,0.9339357614517212,,-2.2677807807922363,0,0.2857142857142857,,-0.03137817606329918,0.125,,,,0,0.0,0.4784987270832062,3752.515625,0,-1.0690430402755737,,0.3296703000863393,1240.5,-0.03137817606329918,,0,0,39119,1,0,,0,8,,280.0052484460175,0.4784987270832062,0.0,0.6641175597906113,,,,0.6271663904190063,56,0,60451,0,,,-2.2677807807922363,-0.24725271947681904,0.7142857313156128,16.0,0.75,0.16990454389590315,64,2.0,0,8,1,24.362924257958998,,0,0.054909709841012955,,1,8,24.337350330657234,0,0.7142857142857142,,1.159754991531372,32,1.2,,0.7801719518928418,0,0.12639513319006163,0.3296703000863393,46,,,,1e-06,1769639070.8786955,-0.03684774041175842,0,,,0,0.9928890466690063,735
0,32.0,8,4,1.0258527230471373,8,0.8833866715431213,56,1,0,0,0.875,1,1024,0.75,3.5,,1.0,,5.738974094390869,,0,0.78125,,0.004317265935242176,,0,0.4871236979961395,0.17127969726116854,8.329116262495518,0.8078976273536682,0.02,0,,0,1,1.0690429210662842,0.94677734375,0.9443817734718323,32,1.1413283344204568,0.0,0,0.5,0.4454081072388388,51771,0.0,,747,0,0.109375,1,0,,,,,79,1.0690429210662842,4,0.009465578570026492,,0,0.00044334885283443993,1024,0.5,194.96776294335723,61080,4,275,0.9443817734718323,,,51770.0,,,0,1,1.0205867290496826,1,64,0,1,0.78125,0,333.953125,0,0.1,0.78125,0.0,0,0.8078977465629578,0.5731868743896484,0,5.489777521461292e-08,,8,1,,228.410888671875,0,0,1,0.09180868044495583,56,,0,,0.04022173199968861,1.0498676029625014,0,,,0.2787238657474518,0.0,0.15304723381996155,-0.006553416068737323,0.015625,304.15384615384613,0.001,0,79,0.8,0.11701228469610214,556.0,0,,0.0017410479485988617,0,66.73162603378296,1,1,1.0,4,,1,0,0,51769,0.012740500271320343,0,1,-0.0706141758710146,1.3336656093597412,3.5,,0.18553246557712555,512.0,0.625,0,8154,123.67724609375,0.47219087590951125,,,0.125,0,0.15142537653446198,0.11778498813509941,0.012740500271320343,0,0,,,0.2787238657474518,0,4,,0.2787238657474518,0,207.70932725444436,0.12373875618187502,,0.26549824699759483,16,0,0.9443817518190225,4,0,0.06814272864721715,,10.0,0.10888172686100006,,249.242538523952,8,512.0,1024,0.78125,0.0,22224.260996755,0.6028365898798269,1024,0.0019979055505245924,0,556.0,0.125,,1.960132010281086,,,1.0690429210662842,2.0,-0.06528952717781067,2.20435294136405,1,1,,16,0.025436680763959885,0,207080,56,0.38308167659030634,25.489130021716917,0,0,0,0,101.806640625,1.0,64,0,3,0.5,13,0.0,0.5814017653465271,,0.9443817734718323,,-2.2677807807922363,0,0.25,,-0.033678580075502396,0.125,,,,0,0.0,0.8833866119384766,2901.671875,0,-2.2677807807922363,,-0.006553413776250986,1256.5,-0.033678580075502396,,0,0,40004,1,0,,0,8,,207.70932725444436,0.8833866119384766,0.0,0.7453788022200266,,,,0.618384599685669,56,0,21076,0,,,-2.2677807807922363,0.005324648693203926,0.75,16.0,0.78125,0.15673391218380547,64,2.0,0,8,1,24.68882528402747,,0,0.06261933594942093,,1,8,25.489130021716917,0,0.75,,1.1179955005645752,32,1.2,,0.7661633531806127,0,0.12373875618187502,-0.006553413776250986,49,,,,1e-06,1769639278.6021411,-0.04151013121008873,0,,,0,0.8078977465629578,409
0,32.0,7,4,1.0739926397800446,7,,57,1,0,0,1.0,1,1024,0.5087719559669495,3.5625,,,,6.295839309692383,,0,0.5625,,0.0020645316690206528,,0,0.4260074198246002,0.37297279352034823,13.063527528196573,,0.02,0,,0,0,1.4638471603393555,0.95751953125,,32,1.1261780310351401,,0,0.4375,0.4363345325095286,90045,,,611,0,0.109375,1,0,,,,,80,0.935412585735321,4,0.008605936506454807,,0,0.00030333749800931243,1024,0.4375,320.91351010650396,105885,4,275,,,,90031.5,,,0,1,,1,64,0,1,0.5714285714285714,0,407.96875,0,,0.5625,,0,,0.7603556513786316,0,,,7,1,,228.7961769104004,0,0,1,0.10923971980810165,57,,0,,0.03627488025912201,0.9607728674868987,0,,,0.2555268108844757,,0.11535083502531052,0.20376858860254288,0.015625,469.25,0.001,0,80,,0.09473198652267456,,0,,0.0022808462381362915,0,66.73162603378296,0,1,,4,,1,0,0,90015,0.004514753818511963,0,1,0.0,1.0435998439788818,3.5625,,0.5793021321296692,,0.5087719559669495,0,10838,126.39501953125,0.45572418883114535,,,0.109375,0,0.1147151067852974,0.15636644512414932,0.004514753818511963,0,0,,,0.2555268108844757,1,4,,0.2555268108844757,0,340.67676781862974,0.11184873663346276,,0.24215017724782228,16,1,0.9114483776622907,4,0,0.0,,,0.047658175230026245,,264.2724967025963,7,,1024,0.5625,,22513.509797079,0.6441233305371646,1024,-0.0011516683734953403,0,,0.109375,,3.0992214903235435,,,1.4638471603393555,,-0.20376859232783318,3.2999277524650097,1,1,,16,0.028420906513929367,0,360126,57,0.3884173883332386,25.489130021716917,0,0,0,0,101.806640625,1.0,64,0,0,0.4375,16,,0.6315845847129822,,,,-2.2677807807922363,0,0.4897959183673469,,-0.017504986375570297,0.109375,,,,0,,,5219.0,0,-1.4638471603393555,,0.20376859232783318,1272.5,-0.017504986375570297,,0,0,74360,1,0,,0,7,,340.67676781862974,,,,,,,0.6504037380218506,57,0,31525,0,,,-2.2677807807922363,-0.20376859232783318,0.5087719559669495,,0.5625,0.19181615638984212,64,2.0,0,7,1,25.489130021716917,,0,0.06525976210832596,,1,7,25.489130021716917,0,0.5102040816326531,,1.1383535861968994,32,1.2,,0.7768347766664772,0,0.11184873663346276,0.20376859232783318,33,,,,1e-06,1769639619.2921383,-0.02103276178240776,0,,,0,,575
0,32.0,8,4,0.9830554686486721,8,0.48100510239601135,56,1,0,0,0.75,1,1024,0.7142857313156128,3.5,,1.0,,5.797194004058838,,0,0.75,,0.0032499355729669333,,0,0.4304971396923065,0.2672612419124244,11.297582846134901,0.2515617311000824,0.02,0,,0,0,2.2677807807922363,0.94775390625,0.6856226921081543,32,1.1435036637897251,0.0,0,0.4375,0.42519510111365844,66852,0.0,,486,0,0.109375,1,0,,,,,81,0.8017821907997131,4,0.009591712570649797,,0,0.00039362141713212754,1024,0.5,272.1756426990032,72578,4,275,0.6856226921081543,,,66849.25,,,0,1,0.3387315571308136,1,64,0,1,0.75,0,392.46875,0,0.1,0.75,0.0,0,0.2515617907047272,0.6039928197860718,0,2.1238298231196495e-08,,8,1,,229.06483459472656,0,0,1,0.1052531860768795,56,,0,,0.04225022287510668,1.12339758170953,0,,,0.24740003049373627,0.0,0.1184561550617218,0.14882588173661912,0.015625,297.64285714285717,0.001,0,81,0.8,0.09318595379590988,633.0,0,,0.0024547725915908813,0,66.73162603378296,0,1,1.0,4,,1,0,0,66848,0.011660111136734486,0,1,-0.0075626554898917675,1.0595940351486206,3.5,,0.18015527725219727,512.0,0.4642857015132904,0,12874,127.49951171875,0.4543665495409171,,,0.125,0,0.11693494021892548,0.1592957116663456,0.011660111136734486,0,0,,,0.24740003049373627,0,4,,0.24740003049373627,0,289.2316039055586,0.12526630174170295,,0.24449113570153713,16,1,0.9087330990818342,4,0,0.15391337871551514,,10.0,0.12512734532356262,,231.12705906726558,8,512.0,1024,0.75,0.0,22722.53039269,0.6262028774445257,1024,-0.0029097532387822866,0,633.0,0.125,,2.5647951662540436,,,2.2677807807922363,2.0,-0.1377852982841432,2.889168281108141,1,1,,16,0.02738925814628601,0,267397,56,0.3832822326301928,25.230821908105696,0,0,0,0,101.806640625,1.0,64,0,2,0.5,14,0.0,0.5732873678207397,,0.6856226921081543,,-2.2677807807922363,0,0.2857142857142857,,-0.026680167764425278,0.125,,,,0,0.0,0.48100507259368896,3785.609375,0,-1.0690430402755737,,0.14882588173661912,1288.5,-0.026680167764425278,,0,0,52773,1,0,,0,8,,289.2316039055586,0.48100507259368896,0.0,0.2951466739177704,,,,0.6198968887329102,56,0,19805,0,,,-2.2677807807922363,-0.13022264279425144,0.7142857313156128,16.0,0.75,0.16335994588478536,64,2.0,0,8,1,25.26093119928952,,0,0.06031936779618263,,1,8,25.230821908105696,0,0.7142857142857143,,1.1655066013336182,32,1.2,,0.7665644652603856,0,0.12526630174170295,0.14882588173661912,46,,,,1e-06,1769639908.5407555,-0.03412064537405968,0,,,0,0.2515617907047272,708
0,32.0,8,4,1.1107517443597317,8,,56,1,0,0,0.625,1,1024,0.8035714030265808,3.5,,,,6.113280296325684,,0,0.828125,,0.007076475769281387,,0,0.529166579246521,0.2012397798140115,7.756757281720638,,0.02,0,,0,0,1.0690429210662842,0.94140625,,32,1.1409909617635883,,0,0.4375,0.41607820247706195,49899,,,828,0,0.109375,1,0,,,,,82,1.0690429210662842,4,0.009075478026151771,,0,0.000402961298688972,1024,0.5,197.19459535181522,59025,4,275,,,,49898.0,,,0,1,,1,64,0,1,0.828125,0,337.890625,0,,0.828125,,0,,0.2976154685020447,0,,,8,1,,229.43653869628906,0,0,1,0.0804278515279293,56,,0,,0.03886306706541664,1.108040228535713,0,,,0.3594459295272827,,0.17742089927196503,0.03959658369421959,0.015625,408.5625,0.001,0,82,,0.13594093918800354,,0,,0.0014025978744029999,0,66.73162603378296,0,1,,4,,1,0,0,49896,0.01793590933084488,0,1,0.0,1.1627355813980103,3.5,,0.9953976273536682,,0.4285714328289032,0,6488,127.64501953125,0.4387910787809809,,,0.125,0,0.1740964949131012,0.10263905301690102,0.01793590933084488,0,0,,,0.3594459295272827,0,4,,0.3594459295272827,0,209.00992937386036,0.12340462103189691,,0.25203652773052454,16,1,0.8775821575619618,4,0,0.0,,,0.13193899393081665,,238.7350694269956,8,,1024,0.828125,,23030.712679684,0.6520355902894092,1024,-0.005118255037814379,0,,0.125,,1.8113928101956844,,,1.0690429210662842,,-0.03959658928215504,2.0322213545441628,1,1,,16,0.027638068422675133,0,199592,56,0.3739395491709734,25.230821908105696,0,0,0,0,101.806640625,1.0,64,0,0,0.5,16,,0.64622563123703,,,,-2.2677807807922363,0,0.19642857142857142,,-0.031384024769067764,0.125,,,,0,,,2780.734375,0,-1.4638471603393555,,0.03959657996892929,1304.5,-0.031384024769067764,,0,0,36460,1,0,,0,8,,209.00992937386036,,,,,,,0.6898140907287598,56,0,22565,0,,,-2.2677807807922363,-0.03959658928215504,0.8035714030265808,,0.828125,0.16477852947254584,64,2.0,0,8,1,25.230821908105696,,0,0.060381002724170685,,1,8,25.230821908105696,0,0.8035714285714286,,1.1805135011672974,32,1.2,,0.7478790983419468,0,0.12340462103189691,0.03959657996892929,47,,,,1e-06,1769640117.5615404,-0.03739270195364952,0,,,0,,560
0,32.0,8,4,1.005310121923685,8,0.0,56,1,0,0,0.875,1,1024,0.7678571343421936,3.5,,1.0,,6.099118709564209,,0,0.796875,,0.003966593183577061,,0,0.4344784915447235,0.1417366773784602,11.010563127696514,0.40634405612945557,0.02,0,,0,0,0.8017821907997131,0.94482421875,0.7720538377761841,32,1.1434234027001755,0.0,0,0.4375,0.39741714936834177,70003,0.0,,696,0,0.109375,1,0,,,,,83,0.8017821907997131,4,0.00940534072723434,,0,0.00039525932495037544,1024,0.5,291.20240837335587,79054,4,275,0.7720538377761841,,,70000.5,,,0,1,0.40634405612945557,1,64,0,1,0.796875,0,391.8125,0,0.1,0.796875,0.0,0,0.40634405612945557,0.4404946565628052,0,0.0,,8,1,,229.66177368164062,0,0,1,0.11067340150475502,56,,0,,0.03932315886206711,1.142301720394765,0,,,0.28325414657592773,0.0,0.12057049572467804,0.06335542457444328,0.015625,365.7857142857143,0.001,0,83,0.8,0.10525407642126083,445.0,0,,0.0015193372964859009,0,66.73162603378296,0,1,1.0,4,,1,0,0,69996,0.011152256280183792,0,1,-0.004928060807287693,1.2301573753356934,3.5,,0.552333652973175,512.0,0.6428571343421936,0,10694,126.28173828125,0.4239943815590415,,,0.125,0,0.11873573809862137,0.14113978669047356,0.011152256280183792,0,0,,,0.28325414657592773,0,4,,0.28325414657592773,0,308.1700536310673,0.1252409016927751,,0.24884923081845045,16,1,0.847988763118083,4,0,0.15306099131703377,,10.0,0.1059555783867836,,227.14893668351914,8,512.0,1024,0.796875,0.0,23221.902494381,0.633719524209158,1024,-0.006398190278559923,0,445.0,0.125,,2.63351421430707,,,0.8017821907997131,2.0,-0.06036406476050615,3.0287731029093266,1,1,,16,0.026645783334970474,0,280002,56,0.3668497138777279,24.669682539539867,0,0,0,0,101.806640625,1.0,64,0,2,0.5,14,0.0,0.5325345993041992,,0.7720538377761841,,-2.2677807807922363,0,0.23214285714285715,,-0.04356873035430908,0.125,,,,0,0.0,0.0,3983.21875,0,-2.2677807807922363,,0.06335543096065521,1320.5,-0.04356873035430908,,0,0,64036,1,0,,0,8,,308.1700536310673,0.0,0.0,0.3094637393951416,,,,0.5620775818824768,56,0,15018,0,,,-2.2677807807922363,-0.05543600395321846,0.7678571343421936,16.0,0.796875,0.16912906854024667,64,2.0,0,8,1,24.864263320176427,,0,0.052275512367486954,,1,8,24.669682539539867,0,0.7678571428571428,,1.1483895778656006,32,1.2,,0.7336994277554558,0,0.1252409016927751,0.06335543096065521,48,,,,1e-06,1769640425.7426991,-0.04902801290154457,0,,,0,0.40634405612945557,505
0,32.0,8,4,0.9360539223998785,8,0.7362082004547119,56,1,0,0,0.625,1,1024,0.8035714030265808,3.5,,1.0,,5.891958236694336,,0,0.828125,,0.005153989885002375,,0,0.47276878356933594,0.1881366741580846,8.560327373445034,0.33733341097831726,0.02,0,,0,0,1.0690429210662842,0.9404296875,0.7870411276817322,32,1.134402937608377,0.0,0,0.4375,0.39630276473996406,54324,0.0,,577,0,0.109375,1,0,,,,,84,0.5855388045310974,4,0.009338574120973617,,0,0.0004479915542390283,1024,0.5,178.22100387513638,63884,4,275,0.7870411276817322,,,54320.75,,,0,1,0.7022497653961182,1,64,0,1,0.828125,0,321.921875,0,0.1,0.828125,0.0,0,0.33733341097831726,0.40118005871772766,0,4.83824047492476e-09,,8,1,,230.1879119873047,0,0,1,0.09734094887971878,56,,0,,0.039397133569791624,0.906147060581332,0,,,0.25801920890808105,0.0,0.1421084702014923,0.02057614674170812,0.015625,328.6666666666667,0.001,0,84,0.8,0.11436852067708969,294.0,0,,0.0016024149954319,0,66.73162603378296,0,1,1.0,4,,1,0,0,54315,0.014144803397357464,0,1,-0.044448844622820616,0.9597402215003967,3.5,,1.0129491090774536,512.0,0.4285714328289032,0,7995,128.04248046875,0.4027946624810894,,,0.125,0,0.14044542610645294,0.11297125369310379,0.014144803397357464,0,0,,,0.25801920890808105,0,4,,0.25801920890808105,0,191.17525549978018,0.11819547952611784,,0.24184136558324099,16,1,0.8055893249621788,4,0,0.2018238604068756,,10.0,0.12367742508649826,,284.14111364983876,8,512.0,1024,0.828125,0.0,23526.664095062,0.6306049748671388,1024,-0.004465259611606598,0,294.0,0.125,,2.0291134007275105,,,1.0690429210662842,2.0,-0.059880952816456556,2.1188115663826466,1,1,,16,0.02563740313053131,0,217283,56,0.35832865635613187,24.60921478578275,0,0,0,0,101.806640625,1.0,64,0,4,0.5,12,0.0,0.5370645523071289,,0.7870411276817322,,-2.2677807807922363,0,0.19642857142857142,,-0.026998167857527733,0.125,,,,0,0.0,0.7362082004547119,3073.125,0,-1.4638471603393555,,0.02057615915934245,1336.5,-0.026998167857527733,,0,0,42409,1,0,,0,8,,191.17525549978018,0.7362082004547119,0.0,0.47312479466199875,,,,0.5764467716217041,56,0,21475,0,,,-2.2677807807922363,-0.01543210819363594,0.8035714030265808,16.0,0.828125,0.16124894857065766,64,2.0,0,8,1,24.553511051708362,,0,0.036497194319963455,,1,8,24.60921478578275,0,0.8035714285714286,,1.1648485660552979,32,1.2,,0.7166573127122637,0,0.11819547952611784,0.02057615915934245,51,,,,1e-06,1769640616.9335113,-0.03314156085252762,0,,,0,0.3373335003852844,439
0,32.0,8,4,1.001123920083046,8,0.0,56,1,0,0,0.875,1,1024,0.7142857313156128,3.5,,1.0,,6.530640125274658,,0,0.75,,0.0025104067754000425,,0,0.4253532290458679,0.20203050891044214,13.429294060915709,0.6215602159500122,0.02,0,,0,0,1.4638471603393555,0.94287109375,0.7024303078651428,32,1.1466803630544837,0.0,0,0.4375,0.3907733399371852,74734,0.0,,539,0,0.109375,1,0,,,,,85,0.8017821907997131,4,0.010407118353794844,,0,0.000375077906778613,1024,0.5,284.4855639152229,89972,4,275,0.7024303078651428,,,74729.0,,,0,1,0.6215602159500122,1,64,0,1,0.75,0,404.71875,0,0.1,0.75,0.0,0,0.6215602159500122,0.7017748355865479,0,0.0,,8,1,,230.29993438720703,0,0,1,0.11211678758263588,56,,0,,0.04492664849294019,1.0420182258610287,0,,,0.28368163108825684,0.0,0.1114090085029602,-0.11433425774941078,0.015625,450.38461538461536,0.001,0,85,0.8,0.0909477174282074,228.0,0,,0.002153102308511734,0,66.73162603378296,0,1,1.0,4,,1,0,0,74726,0.008058195002377033,0,1,-0.015943768434226513,1.3159393072128296,3.5,,0.3362012505531311,512.0,0.5892857313156128,0,12996,127.51416015625,0.3969406427912543,,,0.125,0,0.11000952124595642,0.16282138228416443,0.008058195002377033,0,0,,,0.2836816906929016,0,4,,0.28368163108825684,0,304.74711921811104,0.12772935347901965,,0.22624711506068707,16,1,0.7938812855825086,4,0,0.12329098023474216,,10.0,0.08860249817371368,,245.21642794108118,8,512.0,1024,0.75,0.0,23731.171355911,0.6216609108100022,1024,-0.0006930815288797021,0,228.0,0.125,,3.1108541898429394,,,1.4638471603393555,2.0,0.07695282530039549,3.404119174927473,1,1,,16,0.028872713446617126,0,298916,56,0.35469793715880915,25.65040865677639,0,0,0,0,101.806640625,1.0,64,0,3,0.5,13,0.0,0.5895294547080994,,0.7024303078651428,,-2.2677807807922363,0,0.2857142857142857,,-0.030158009380102158,0.125,,,,0,0.0,0.0,4265.84375,0,-2.2677807807922363,,-0.1143342715043288,1352.5,-0.030158009380102158,,0,0,63769,1,0,,0,8,,304.74711921811104,0.0,0.0,0.5317094723383585,,,,0.6192626953125,56,0,26203,0,,,-2.2677807807922363,0.092896593734622,0.7142857313156128,16.0,0.75,0.1560462512783784,64,2.0,0,8,1,25.243547766532803,,0,0.04754628613591194,,1,8,25.65040865677639,0,0.7142857142857143,,1.1425328254699707,32,1.2,,0.7093958743176183,0,0.12772935347901965,-0.1143342715043288,47,,,,1e-06,1769640921.6950781,-0.036103978753089905,0,,,0,0.6215602159500122,697
0,32.0,8,4,1.0089515708386898,8,0.24608151614665985,56,1,0,0,0.625,1,1024,0.875,3.5,,1.0,,5.554177761077881,,0,0.890625,,0.004723288118839264,,0,0.45585328340530396,0.132432115840994,9.491259086877108,0.25326135754585266,0.02,0,,0,0,0.8017821907997131,0.9287109375,0.744082510471344,32,1.1423362776294264,0.0,0,0.5,0.3735569560457282,54093,0.0,,503,0,0.109375,1,0,,,,,86,0.37796345353126526,4,0.009711653148158816,,0,0.0004354559813970736,1024,0.5,190.41440366581082,77920,4,275,0.744082510471344,,,54088.25,,,0,1,0.9001864194869995,1,64,0,1,0.890625,0,336.46875,0,0.1,0.890625,0.0,0,0.25326135754585266,0.3276609480381012,0,0.0,,8,1,,230.42261123657227,0,0,1,0.09421220794320107,56,,0,,0.043869320447958236,0.9773913410181287,0,,,0.2950253188610077,0.0,0.1299111694097519,-0.2566787554667546,0.015625,345.84615384615387,0.001,0,86,0.8,0.10216149687767029,334.0,0,,0.0011616125702857971,0,66.73162603378296,0,1,1.0,4,,1,0,0,54082,0.013345721177756786,0,1,-0.015149725135415792,0.9214016199111938,3.5,,0.5386173725128174,512.0,0.5,0,8159,125.01708984375,0.37709361065169156,,,0.125,0,0.1276777982711792,0.11762718111276627,0.013345721177756786,0,0,,,0.2950253188610077,0,4,,0.2950253188610077,0,204.4971350543201,0.12445691786173722,,0.26845291070640087,16,1,0.7541872213033831,4,0,0.12761529302224517,,10.0,0.13063357770442963,,264.4939254803382,8,512.0,1024,0.890625,0.0,23986.320986551,0.6048635787037214,1024,-0.0004780821909662336,0,334.0,0.125,,2.1011452935636044,,,0.8017821907997131,2.0,0.19340178044512868,2.2421020194888115,1,1,,16,0.02646850235760212,0,216353,56,0.3432130399283396,26.11595501307614,0,0,0,0,101.806640625,1.0,64,0,3,0.5,13,0.0,0.536350429058075,,0.744082510471344,,-2.2677807807922363,0,0.12500000000000003,,-0.021505212411284447,0.125,,,,0,0.0,0.24608151614665985,3044.046875,0,-2.2677807807922363,,-0.2566787600517273,1368.5,-0.021505212411284447,,0,0,38327,1,0,,0,8,,204.4971350543201,0.24608151614665985,0.0,0.5742473006248474,,,,0.5726126432418823,56,0,39593,0,,,-2.2677807807922363,0.20855150558054447,0.875,16.0,0.890625,0.15114620373775048,64,2.0,0,8,1,26.033832143793333,,0,0.02364904060959816,,1,8,26.11595501307614,0,0.875,,1.1416083574295044,32,1.2,,0.6864260798566792,0,0.12445691786173722,-0.2566787600517273,54,,,,1e-06,1769641126.2022965,-0.026228120550513268,0,,,0,0.25326135754585266,442
0,32.0,8,4,1.0294707603752613,8,0.2416766881942749,56,1,0,0,0.5,1,1024,0.9107142686843872,3.5,,1.0,,6.828521251678467,,0,0.921875,,0.003594613866880536,,0,0.4329233467578888,0.09942436362196469,9.017991747707129,0.5159233808517456,0.02,0,,0,1,0.5855388045310974,0.9140625,0.7307635545730591,32,1.143775234940615,0.0,0,0.5,0.36202196496055145,53169,0.0,,516,0,0.109375,1,0,,,,,87,0.5855388045310974,4,0.010097072823974653,,0,0.0004349539788007994,1024,0.5,241.44097575172782,80558,4,275,0.7307635545730591,,,53167.5,,,0,1,0.5159233808517456,1,64,0,1,0.921875,0,381.203125,0,0.1,0.921875,0.0,0,0.5159233808517456,0.22768114507198334,0,0.0,,8,1,,231.26773071289062,0,0,1,0.09250166267156601,56,,0,,0.04240368527628311,1.28239830327093,0,,,0.25984564423561096,0.0,0.11855242401361465,0.19022130370140075,0.015625,220.33333333333334,0.001,0,87,0.8,0.08839823305606842,531.0,0,,0.0023982487618923187,0,66.73162603378296,1,1,1.0,4,,1,0,0,53166,0.012375646270811558,0,1,-0.007792915683239698,0.7944412231445312,3.5,,0.14829085767269135,512.0,0.4107142984867096,0,9580,129.51220703125,0.36538178683621664,,,0.125,0,0.11678192019462585,0.11246070638298988,0.012375646270811558,0,0,,,0.2598456144332886,0,4,,0.25984564423561096,0,255.13987282663584,0.1253584028588735,,0.31278138794004917,16,0,0.7307635736724333,4,0,0.04136231169104576,,10.0,0.13999879360198975,,208.38569609277266,8,512.0,1024,0.921875,0.0,24294.829585947,0.603191826636974,1024,-0.0019230262842029333,0,531.0,0.125,,2.1473444774746895,,,0.5855388045310974,2.0,-0.1861253841780126,2.2891470082104206,1,1,,16,0.028850536793470383,0,212670,56,0.3305166733801162,26.299469902316385,0,0,0,0,101.806640625,1.0,64,0,1,0.5,15,0.0,0.5034351348876953,,0.7307635545730591,,-2.2677807807922363,0,0.0892857142857143,,-0.022447409108281136,0.125,,,,0,0.0,0.2416766881942749,2941.765625,0,0.0,,0.19022130171457927,1384.5,-0.022447409108281136,,0,0,35913,1,0,,0,8,,255.13987282663584,0.2416766881942749,0.0,0.5159233808517456,,,,0.5430888533592224,56,0,44645,0,,,-2.2677807807922363,-0.1783324684947729,0.9107142686843872,16.0,0.921875,0.15671394831848814,64,2.0,0,8,1,26.127424693653655,,0,0.019937710836529732,,1,8,26.299469902316385,0,0.9107142857142858,,1.155893087387085,32,1.2,,0.6610333467602324,0,0.1253584028588735,0.19022130171457927,59,,,,1e-06,1769641381.3520515,-0.02558170072734356,0,,,0,0.5159233808517456,548
0,32.0,8,4,0.9587728343904018,8,0.234317347407341,56,1,0,0,0.75,1,1024,0.8035714030265808,3.5,,1.0,,5.899025917053223,,0,0.828125,,0.002517181448638439,,0,0.43557536602020264,0.17404989901444576,10.718741778284311,0.3113040626049042,0.02,0,,0,1,1.0690429210662842,0.94677734375,0.7085109949111938,32,1.1426282756094552,0.0,0,0.4375,0.35106372342963355,66259,0.0,,680,0,0.109375,1,0,,,,,88,1.0690429210662842,4,0.009543390904434833,,0,0.000581943248868031,1024,0.5,292.22229389101267,93369,4,275,0.7085109949111938,,,66060.5,,,0,1,0.3664000928401947,1,64,0,1,0.828125,0,402.640625,0,0.1,0.828125,0.0,0,0.3113040626049042,0.3830280900001526,0,2.782809360724059e-08,,8,1,,231.28594207763672,0,0,1,0.15377384796738625,56,,0,,0.0405641108464374,1.2253894314702825,0,,,0.27185407280921936,0.0,0.11573165655136108,0.14533546779836928,0.015625,289.2142857142857,0.001,0,88,0.8,0.09040436148643494,246.0,0,,0.0017841234803199768,0,66.73162603378296,1,1,1.0,4,,1,0,0,65884,0.009141496382653713,0,1,-0.012111483607441187,1.2008284330368042,3.5,,0.2515239119529724,512.0,0.5535714030265808,0,12799,128.59375,0.35425555421151544,,,0.125,0,0.11429130285978317,0.15202493593096733,0.009141496382653713,0,0,,,0.27185410261154175,0,4,,0.27185407280921936,0,308.4893533103168,0.12468234109981335,,0.27194318175315857,16,0,0.7085111084230309,4,0,0.1356884092092514,,10.0,0.10111786425113678,,214.14191216365307,8,512.0,1024,0.828125,0.0,24567.896893751,0.5730322353051253,1024,-0.0031113552395254374,0,246.0,0.125,,2.521764699369669,,,1.0690429210662842,2.0,-0.1392800067551434,2.6778212785720825,1,1,,16,0.026183608919382095,0,264242,56,0.3238122678834007,26.61471633571353,0,0,0,0,101.806640625,1.0,64,0,2,0.5,14,0.0,0.5356695055961609,,0.7085109949111938,,-2.2677807807922363,0,0.19642857142857145,,-0.02963109314441681,0.125,,,,0,0.0,0.2343173623085022,3726.140625,0,-1.4638471603393555,,0.14533546354089463,1400.5,-0.02963109314441681,,0,0,45196,1,0,,0,8,,308.4893533103168,0.2343173623085022,0.0,0.33885207772254944,,,,0.5653469562530518,56,0,48173,0,,,-2.2677807807922363,-0.12716852314770222,0.8035714030265808,16.0,0.828125,0.16560881080494427,64,2.0,0,8,1,26.315759735478146,,0,0.05455242097377777,,1,8,26.61471633571353,0,0.8035714285714286,,1.1348028182983398,32,1.2,,0.6476245357668013,0,0.12468234109981335,0.14533546354089463,50,,,,1e-06,1769641689.8605912,-0.033438220620155334,0,,,0,0.31130409240722656,733
0,32.0,8,4,1.0112897250801325,8,0.22280392050743103,56,1,0,0,0.875,1,1024,0.8392857313156128,3.5,,1.0,,5.762302875518799,,0,0.859375,,0.0025231381878256798,,0,0.4236423373222351,0.08563984863058427,10.557107001543045,0.3552587628364563,0.02,0,,0,0,0.5855388045310974,0.931640625,0.6736975312232971,32,1.1420754753412723,0.0,0,0.4375,0.3388998264836112,63309,0.0,,490,0,0.109375,1,0,,,,,89,0.37796345353126526,4,0.009638032716731372,,0,0.00044171484405008916,1024,0.5,257.16841453686357,112514,4,275,0.6736975312232971,,,63306.75,,,0,1,0.8481723070144653,1,64,0,1,0.859375,0,385.796875,0,0.1,0.859375,0.0,0,0.3552587628364563,0.36675187945365906,0,1.7470430657695601e-09,,8,1,,231.8418197631836,0,0,1,0.11185412481427193,56,,0,,0.04169028974612914,1.1252862329648876,0,,,0.2623615860939026,0.0,0.1117219626903534,-0.1855526864528656,0.015625,326.5,0.001,0,89,0.8,0.0915960744023323,195.0,0,,0.0023187510669231415,0,66.73162603378296,0,1,1.0,4,,1,0,0,63303,0.009810270741581917,0,1,-0.014741389080882072,1.2012219429016113,3.5,,0.30130535364151,512.0,0.7142857313156128,0,13150,125.82861328125,0.34368563321804935,,,0.125,0,0.1102295070886612,0.14718304201960564,0.009810270741581917,0,0,,,0.2623615860939026,0,4,,0.2623615860939026,0,273.04957849159837,0.12416810999416608,,0.2904129335656762,16,1,0.6873712664360987,4,0,0.07497377973049879,,10.0,0.1071036159992218,,231.8507516097408,8,512.0,1024,0.859375,0.0,24819.710056642,0.5586663369740883,1024,-0.004138533491641283,0,195.0,0.125,,2.440610110759735,,,0.5855388045310974,2.0,0.14761720038950443,2.586700450628996,1,1,,16,0.024338219314813614,0,253227,56,0.31565736829597907,26.36369670645113,0,0,0,0,101.806640625,1.0,64,0,2,0.5,14,0.0,0.5454888343811035,,0.6736975312232971,,-2.2677807807922363,0,0.16071428571428575,,-0.03541788458824158,0.125,,,,0,0.0,0.22280392050743103,3570.875,0,-2.2677807807922363,,-0.18555268858160293,1416.5,-0.03541788458824158,,0,0,35014,1,0,,0,8,,273.04957849159837,0.22280392050743103,0.0,0.6017155200242996,,,,0.5794501304626465,56,0,77500,0,,,-2.2677807807922363,0.1623585894703865,0.8392857313156128,16.0,0.859375,0.1634079675997561,64,2.0,0,8,1,26.493519700150415,,0,0.040570396929979324,,1,8,26.36369670645113,0,0.8392857142857143,,1.1575396060943604,32,1.2,,0.6313147365919581,0,0.12416810999416608,-0.18555268858160293,53,,,,1e-06,1769641962.9278898,-0.039402373135089874,0,,,0,0.3552587926387787,734
0,32.0,8,4,1.0564832538366318,8,0.6095739006996155,56,1,0,0,0.625,1,1024,0.7142857313156128,3.5,,1.0,,6.052971839904785,,0,0.75,,0.002865963615477085,,0,0.4561516344547272,0.30304576336566325,9.80635778605938,0.6661118865013123,0.02,0,,0,0,1.4638471603393555,0.939453125,0.6516631245613098,32,1.1410842328556492,0.0,0,0.4375,0.33674675645895324,62929,0.0,,535,0,0.109375,1,0,,,,,90,1.0690429210662842,4,0.009311816282878277,,0,0.0003756255086460212,1024,0.5,236.8816808015108,91054,4,275,0.6516631245613098,,,62912.0,,,0,1,0.6661120057106018,1,64,0,1,0.75,0,369.28125,0,0.1,0.75,0.0,0,0.6661120057106018,0.46719929575920105,0,8.469045909009765e-09,,8,1,,231.9535140991211,0,0,1,0.09452540799975395,56,,0,,0.03896855045960779,1.0388909488080154,0,,,0.24980099499225616,0.0,0.12705044448375702,0.03614299212183271,0.015625,395.64285714285717,0.001,0,90,0.8,0.09922197461128235,218.0,0,,0.0022758543491363525,0,66.73162603378296,0,1,1.0,4,,1,0,0,62897,0.009258203208446503,0,1,-0.053239550441503525,1.122328281402588,3.5,,0.2542963922023773,512.0,0.3392857015132904,0,10962,125.83837890625,0.3622156366328114,,,0.125,0,0.12590338289737701,0.13234491273760796,0.009258203208446503,0,0,,,0.24980099499225616,0,4,,0.24980099499225616,0,251.80067912861705,0.12341841391392919,,0.2764647826552391,16,1,0.7244312732656228,4,0,0.05965723283588886,,10.0,0.0933079943060875,,249.84841271164814,8,512.0,1024,0.75,0.0,25052.827654787,0.5587649055732341,1024,-0.0027312387246638536,0,218.0,0.125,,2.3432999439537525,,,1.4638471603393555,2.0,-0.0848646778613329,2.5014557763934135,1,1,,16,0.02689274586737156,0,251648,56,0.314160213874193,26.364887166934032,0,0,0,0,101.806640625,1.0,64,0,2,0.5,14,0.0,0.5906286835670471,,0.6516631245613098,,-2.2677807807922363,0,0.2857142857142857,,-0.02116679586470127,0.125,,,,0,0.0,0.6095739006996155,3562.71875,0,-0.8017822504043579,,0.03614299637930734,1432.5,-0.02116679586470127,,0,0,47997,1,0,,0,8,,251.80067912861705,0.6095739006996155,0.0,0.6220453381538391,,,,0.6257033944129944,56,0,43057,0,,,-2.2677807807922363,-0.03162512741982937,0.7142857313156128,16.0,0.75,0.17108342438016924,64,2.0,0,8,1,26.34960361607081,,0,0.05660202354192734,,1,8,26.364887166934032,0,0.7142857142857143,,1.162094235420227,32,1.2,,0.628320427748386,0,0.12341841391392919,0.03614299637930734,45,,,,1e-06,1769642214.7410648,-0.02573043666779995,0,,,0,0.6661120057106018,547
0,32.0,8,4,1.0063237454742193,8,0.0,56,1,0,0,0.625,1,1024,0.7678571343421936,3.5,,1.0,,5.645431995391846,,0,0.796875,,0.0026359884068369865,,0,0.44559934735298157,0.21354037041252497,10.395589929074049,0.28932350873947144,0.02,0,,0,0,1.0690429210662842,0.9306640625,0.6190798878669739,32,1.1442829495113345,0.0,0,0.4375,0.3310356637539538,56251,0.0,,475,0,0.109375,1,0,,,,,91,1.0690429210662842,4,0.01140279022902035,,0,0.00046889745059152727,1024,0.5,217.2376792319119,78762,4,275,0.6190798878669739,,,56243.75,,,0,1,0.28932350873947144,1,64,0,1,0.796875,0,353.640625,0,0.1,0.796875,0.0,0,0.28932350873947144,0.4792717397212982,0,0.0,,8,1,,232.2430534362793,0,0,1,0.10549020394682884,56,,0,,0.04620775610211823,1.0736163487160941,0,,,0.27716442942619324,0.0,0.12824788689613342,0.07880136583532606,0.015625,343.14285714285717,0.001,0,91,0.8,0.10317185521125793,168.0,0,,0.0027260221540927887,0,66.73162603378296,0,1,1.0,4,,1,0,0,56233,0.009142936207354069,0,1,-0.0074700601398944855,1.1258941888809204,3.5,,1.1862506866455078,512.0,0.3928571343421936,0,10422,127.48974609375,0.3441048548011708,,,0.125,0,0.12687379121780396,0.12218353897333145,0.009142936207354069,0,0,,,0.27716442942619324,0,4,,0.27716442942619324,0,233.10437470301986,0.1259569213975385,,0.2787981824949384,16,1,0.6882097096023416,4,0,0.16128605604171753,,10.0,0.08861850947141647,,241.2814005385175,8,512.0,1024,0.796875,0.0,25282.47730413,0.5736838005972305,1024,-0.0015417906688526273,0,168.0,0.125,,2.5653427317738533,,,1.0690429210662842,2.0,-0.07642128504812717,2.6413785368204117,1,1,,16,0.026638874784111977,0,224975,56,0.31005934553205106,26.14299661428655,0,0,0,0,101.806640625,1.0,64,0,2,0.5,14,0.0,0.5281190872192383,,0.6190798878669739,,-2.2677807807922363,0,0.23214285714285715,,-0.028167057782411575,0.125,,,,0,0.0,0.0,3161.59375,0,-1.4638471603393555,,0.07880138286522456,1448.5,-0.028167057782411575,,0,0,35932,1,0,,0,8,,233.10437470301986,0.0,0.0,0.27553652226924896,,,,0.552520751953125,56,0,42830,0,,,-2.2677807807922363,-0.06895122490823269,0.7678571343421936,16.0,0.796875,0.14472500008015257,64,2.0,0,8,1,26.348493712696158,,0,0.04705911874771118,,1,8,26.14299661428655,0,0.7678571428571428,,1.1614437103271484,32,1.2,,0.6201186910641021,0,0.1259569213975385,0.07880138286522456,50,,,,1e-06,1769642447.8586357,-0.032849352806806564,0,,,0,0.28932350873947144,544
0,32.0,7,4,1.0109742693603039,7,,57,1,0,0,0.7142857313156128,1,1024,0.5964912176132202,3.5625,,,,5.978367805480957,,0,0.640625,,0.0044775898568332195,,0,0.4299742579460144,0.3121848681791501,10.478299174457788,,0.02,0,,0,0,2.4748666286468506,0.91259765625,,32,1.1340941613607676,,0,0.4375,0.3394838799702096,70076,,,656,0,0.125,1,0,,,,,92,0.8017821907997131,4,0.00908418464027452,,0,0.00037066803274969477,1024,0.4375,213.65128704160452,113296,4,275,,,,70073.0,,,0,1,,1,64,0,1,0.7142857142857143,0,347.546875,0,,0.640625,,0,,0.4624093174934387,0,,,7,1,,232.3015594482422,0,0,1,0.10389528423547745,57,,0,,0.03738351138975707,0.8279485176908437,0,,,0.3087603449821472,,0.1236562430858612,0.0974077470600605,0.015625,423.5625,0.001,0,92,,0.10921956598758698,,0,,0.0028247013688087463,0,66.73162603378296,0,1,,4,,1,0,0,70069,0.011738080531358719,0,1,0.0,1.008711814880371,3.5625,,0.2400798499584198,,0.35087719559669495,0,10055,128.14306640625,0.3768996120611123,,,0.109375,0,0.12145765870809555,0.1563308648765087,0.011738080531358719,0,0,,,0.3087603449821472,1,4,,0.3087603449821472,0,229.6297040693462,0.11809869481929956,,0.3128322986885905,16,1,0.7537992241222246,4,0,0.0,,,0.10747232288122177,,305.1565139797356,7,,1024,0.640625,,25472.363610308,0.5449996105673689,1024,0.002376943826675415,0,,0.109375,,2.546224281191826,,,2.4748666286468506,,-0.09740777127444744,2.6532425805926323,1,1,,16,0.02386372536420822,0,280292,57,0.3108829083887275,26.14299661428655,0,0,0,0,101.806640625,1.0,64,0,0,0.4375,16,,0.5527733564376831,,,,-1.4638471603393555,0,0.32653061224489793,,-0.012684127315878868,0.109375,,,,0,,,4032.015625,0,-1.4638471603393555,,0.09740776941180229,1464.5,-0.012684127315878868,,0,0,44777,1,0,,0,7,,229.6297040693462,,,,,,,0.5821558833122253,57,0,68519,0,,,-1.4638471603393555,-0.09740777127444744,0.5964912176132202,,0.640625,0.17957819599407548,64,2.0,0,7,1,26.14299661428655,,0,0.0784933790564537,,1,7,26.14299661428655,0,0.673469387755102,,1.1430686712265015,32,1.2,,0.621765816777455,0,0.11809869481929956,0.09740776941180229,38,,,,1e-06,1769642677.508265,-0.018327051773667336,0,,,0,,515
0,32.0,8,4,1.040560856461525,8,0.6014752388000488,56,1,0,0,0.625,1,1024,0.75,3.5,,1.0,,7.771170616149902,,0,0.78125,,0.005557205993682146,,0,0.4898456633090973,0.22303564279994278,7.695000987499952,1.0894384384155273,0.02,0,,0,0,1.0690429210662842,0.90185546875,0.6430053114891052,32,1.1358678728099991,0.0,0,0.4375,0.3387664331225216,50312,0.0,,641,0,0.109375,1,0,,,,,93,1.0690429210662842,4,0.009222185732928734,,0,0.0004144518514360592,1024,0.5,178.12063276395202,67657,4,275,0.6430053114891052,,,50308.25,,,0,1,1.0894384384155273,1,64,0,1,0.78125,0,316.453125,0,0.1,0.78125,0.0,0,1.0894384384155273,0.5615426301956177,0,3.692117189757482e-08,,8,1,,232.84022903442383,0,0,1,0.0834013894200325,56,,0,,0.038239259900214935,0.9842006451759975,0,,,0.31779223680496216,0.0,0.15310928225517273,0.228211053780147,0.015625,390.0,0.001,0,93,0.8,0.12764394283294678,320.0,0,,0.0014212541282176971,0,66.73162603378296,0,1,1.0,4,,1,0,0,50304,0.013642391189932823,0,1,-0.04095438867807388,1.1052273511886597,3.5,,0.2405036836862564,512.0,0.375,0,6472,128.6005859375,0.372340344892276,,,0.125,0,0.15083155035972595,0.10139162093400955,0.013642391189932823,0,0,,,0.31779226660728455,0,4,,0.31779223680496216,0,189.87398493289948,0.11946190892696851,,0.3551623001694679,16,1,0.744680689784552,4,0,0.02762447251006961,,10.0,0.10687848925590515,,264.95599182678285,8,512.0,1024,0.78125,0.0,25670.879316255,0.5177496300390004,1024,0.0017974775983020663,0,320.0,0.125,,1.855808101594448,,,1.0690429210662842,2.0,-0.24063906073570251,1.9777479693293571,1,1,,16,0.027593983337283134,0,201233,56,0.3078387625967621,26.21044531371674,0,0,0,0,101.806640625,1.0,64,0,2,0.5,14,0.0,0.5795366168022156,,0.6430053114891052,,-1.4638471603393555,0,0.25,,-0.010596576146781445,0.125,,,,0,0.0,0.6014752388000488,2827.8125,0,-0.8017822504043579,,0.22821104952267238,1480.5,-0.010596576146781445,,0,0,38063,1,0,,0,8,,189.87398493289948,0.6014752388000488,0.0,0.8397129774093628,,,,0.610859215259552,56,0,29594,0,,,-1.4638471603393555,-0.19968467205762863,0.75,16.0,0.78125,0.16605340174069785,64,2.0,0,8,1,26.27583978466679,,0,0.06805326789617538,,1,8,26.21044531371674,0,0.75,,1.1506930589675903,32,1.2,,0.6156775251935243,0,0.11946190892696851,0.22821104952267238,48,,,,1e-06,1769642867.3945637,-0.0185098834335804,0,,,0,1.0894389152526855,470
0,32.0,8,4,1.0485297031700611,8,0.2888285219669342,56,1,0,0,0.5,1,1024,0.875,3.5,,1.0,,5.694544315338135,,0,0.890625,,0.0025555770844221115,,0,0.4773116111755371,0.13243211584099399,8.244822654873133,0.6143454313278198,0.02,0,,0,0,0.5855388045310974,0.89013671875,0.5637366771697998,32,1.144408579123469,0.0,0,0.4375,0.3299162648562584,40846,0.0,,427,0,0.109375,1,0,,,,,94,0.5855388045310974,4,0.01225916483665459,,0,0.0006057140737643377,1024,0.5,185.88328843936324,60297,4,275,0.5637366771697998,,,40841.25,,,0,1,0.614345371723175,1,64,0,1,0.890625,0,342.8125,0,0.1,0.890625,0.0,0,0.6143454313278198,0.283649742603302,0,8.748278546022448e-09,,8,1,,233.3866310119629,0,0,1,0.09895247966051102,56,,0,,0.05046872129815525,1.314359472790265,0,,,0.2720928490161896,0.0,0.1380356401205063,0.0780718207359314,0.015625,197.2,0.001,0,94,0.8,0.09684284776449203,295.0,0,,0.0016133040189743042,0,66.73162603378296,0,1,1.0,4,,1,0,0,40839,0.012706381268799305,0,1,-0.011090029962360859,1.4248130321502686,3.5,,1.0549383163452148,512.0,0.375,0,10438,128.22216796875,0.3537233276476622,,,0.125,0,0.13631032407283783,0.12104514986276627,0.012706381268799305,0,0,,,0.2720928490161896,0,4,,0.2720928490161896,0,198.502758346498,0.12601874650363226,,0.37683331593871117,16,1,0.7074466552953244,4,0,0.030449872836470604,,10.0,0.1312061846256256,,205.74651123340686,8,512.0,1024,0.890625,0.0,25914.599681329,0.4918621485370504,1024,0.002396718133240938,0,295.0,0.125,,2.002718463540077,,,0.5855388045310974,2.0,-0.08428235445171595,2.115039888769388,1,1,,16,0.024040190503001213,0,163365,56,0.29869682409439496,26.663811645006955,0,0,0,0,101.806640625,1.0,64,0,1,0.5,15,0.0,0.4816088080406189,,0.5637366771697998,,-2.2677807807922363,0,0.125,,-0.028140032663941383,0.125,,,,0,0.0,0.2888285219669342,2209.765625,0,-1.4638471603393555,,0.0780718207359314,1496.5,-0.028140032663941383,,0,0,21607,1,0,,0,8,,198.502758346498,0.2888285219669342,0.0,0.614345371723175,,,,0.5132501721382141,56,0,38690,0,,,-2.2677807807922363,-0.07319232448935509,0.875,16.0,0.890625,0.1256963196840459,64,2.0,0,8,1,26.493799270773124,,0,0.029386963695287704,,1,8,26.663811645006955,0,0.875,,1.153611421585083,32,1.2,,0.5973936481887899,0,0.12601874650363226,0.0780718207359314,55,,,,1e-06,1769643065.910139,-0.03215274214744568,0,,,0,0.6143454909324646,549
0,32.0,8,4,1.0508805438876152,8,0.0,56,1,0,0,0.25,1,1024,0.875,3.5,,1.0,,5.832827568054199,,0,0.890625,,0.0031721647828817368,,0,0.4574825167655945,0.24156695104408363,7.565640479326248,0.48172953724861145,0.02,0,,0,0,1.4638471603393555,0.88671875,0.46726903319358826,32,1.1404151236677005,0.0,0,0.5,0.3307367054460409,46789,0.0,,730,0,0.109375,1,0,,,,,95,0.5855388045310974,4,0.009946489241832689,,0,0.0004924724290381542,1024,0.5,232.11241752654314,57756,4,275,0.46726903319358826,,,46105.0,,,0,1,0.4817296266555786,1,64,0,1,0.890625,0,377.265625,0,0.1,0.890625,0.0,0,0.481729656457901,0.24268348515033722,0,2.210959770820864e-08,,8,1,,233.00754165649414,0,0,1,0.0908217653632164,56,,0,,0.041023969630876525,1.4482134926004875,0,,,0.22194929420948029,0.0,0.13446107506752014,0.07807183663050334,0.015625,247.86666666666667,0.001,0,95,0.8,0.0985368862748146,166.0,0,,0.001746945083141327,0,66.73162603378296,0,1,1.0,4,,1,0,0,45874,0.012085477821528912,0,1,0.0,0.8044415712356567,3.5,,0.7804684638977051,512.0,0.125,0,8993,128.14453125,0.33603716126527905,,,0.125,0,0.13339079916477203,0.11052662879228592,0.012085477821528912,0,0,,,0.22194929420948029,0,4,,0.22194929420948029,0,243.7056066468358,0.12302471480654123,,0.35406362265348434,16,1,0.6720743225305581,4,0,0.04564826563000679,,10.0,0.12264927476644516,,189.18317323250065,8,512.0,1024,0.890625,0.0,26179.639296127,0.46726904111019785,1024,0.0010811189422383904,0,166.0,0.125,,1.8343315459787846,,,1.4638471603393555,2.0,-0.07319234684109688,1.9548704214394093,1,1,,16,0.02716793678700924,0,184420,56,0.29001198270341066,26.604739089402617,0,0,0,0,101.806640625,1.0,64,0,1,0.5,15,0.0,0.508522093296051,,0.46726903319358826,,-1.4638471603393555,0,0.125,,-0.012873224914073944,0.125,,,,0,0.0,0.0,2504.296875,0,-0.5855388641357422,,0.07807183663050334,1512.5,-0.012873224914073944,,0,0,24323,1,0,,0,8,,243.7056066468358,0.0,0.0,0.4817296266555786,,,,0.5485836863517761,56,0,33433,0,,,-1.4638471603393555,-0.07319234684109688,0.875,16.0,0.890625,0.15212814215944956,64,2.0,0,8,1,26.619507228303704,,0,0.032295338809490204,,1,8,26.604739089402617,0,0.875,,1.1563084125518799,32,1.2,,0.5800239654068213,0,0.12302471480654123,0.07807183663050334,56,,,,1e-06,1769643309.630509,-0.015999531373381615,0,,,0,0.481729656457901,548
0,32.0,8,4,1.0476909540593624,8,0.0,56,1,0,0,0.625,1,1024,0.7857142686843872,3.5,,1.0,,7.34249210357666,,0,0.8125,,0.0030204972717911005,,0,0.428396612405777,0.22587697572631282,10.777916301041842,0.9669901728630066,0.02,0,,0,0,1.4638471603393555,0.91455078125,0.5770823359489441,32,1.143832776158608,0.0,0,0.4375,0.3184855842040047,57287,0.0,,513,0,0.109375,1,0,,,,,96,0.5855388045310974,4,0.011085735929160529,,0,0.0004627726715762902,1024,0.5,248.77753325924277,79949,4,275,0.5770823359489441,,,57280.25,,,0,1,0.9669902324676514,1,64,0,1,0.8125,0,397.828125,0,0.1,0.8125,0.0,0,0.9669901728630066,0.5023216605186462,0,5.374183231765528e-08,,8,1,,233.8957061767578,0,0,1,0.10603093728423119,56,,0,,0.04704028134060973,1.221533601390763,0,,,0.26660504937171936,0.0,0.11315150558948517,-0.07239228089650472,0.015625,225.4,0.001,0,96,0.8,0.09046941250562668,162.0,0,,0.002563945949077606,0,66.73162603378296,0,1,1.0,4,,1,0,0,57272,0.012943140231072903,0,1,0.0,1.184072732925415,3.5,,0.37796181440353394,512.0,0.4107142984867096,0,12899,130.89794921875,0.33352101663623446,,,0.125,0,0.11113929003477097,0.1445830948650837,0.012943140231072903,0,0,,,0.26660504937171936,0,4,,0.26660504937171936,0,265.0256000459194,0.12560405129688745,,0.30060672760009766,16,1,0.6670420332724689,4,0,0.0020979305263608694,,10.0,0.14306648075580597,,216.13100768407048,8,512.0,1024,0.8125,0.0,26429.040254866,0.47247701592312663,1024,-0.0012228016275912523,0,162.0,0.125,,2.5399749018251896,,,1.4638471603393555,2.0,0.06786775216460228,2.6375842802226543,1,1,,16,0.028493337333202362,0,229121,56,0.2862256688301692,26.487457461097748,0,0,0,0,101.806640625,1.0,64,0,1,0.5,15,0.0,0.4714517295360565,,0.5770823359489441,,-2.2677807807922363,0,0.2142857142857143,,-0.018498292192816734,0.125,,,,0,0.0,0.0,3182.1875,0,-1.4638471603393555,,-0.07239226698875427,1528.5,-0.018498292192816734,,0,0,44865,1,0,,0,8,,265.0256000459194,0.0,0.0,0.9669902324676514,,,,0.5056512355804443,56,0,35084,0,,,-2.2677807807922363,0.06786775216460228,0.7857142686843872,16.0,0.8125,0.14442890254476679,64,2.0,0,8,1,26.582748784095454,,0,0.049008145928382874,,1,8,26.487457461097748,0,0.7857142857142857,,1.1347352266311646,32,1.2,,0.5724513376603384,0,0.12560405129688745,-0.07239226698875427,50,,,,1e-06,1769643574.6702359,-0.025327734649181366,0,,,0,0.96699059009552,737
0,32.0,7,4,0.9929038845002651,7,0.18201471865177155,57,1,0,0,0.7142857313156128,1,1024,0.7719298005104065,3.5625,,1.0,,6.684802532196045,,0,0.796875,,0.003890657564625144,,0,0.43604934215545654,0.2254155309630053,9.63400324061513,0.25471222400665283,0.02,0,,0,0,1.4638471603393555,0.8994140625,0.550362229347229,32,1.130007536312239,0.0,0,0.3125,0.3264376821102625,62765,0.0,,853,0,0.109375,1,0,,,,,97,0.935412585735321,4,0.008976290346771864,,0,0.00040205301613927783,1024,0.4375,234.80542135611176,76315,4,275,0.550362229347229,,,62758.25,,,0,1,0.8748789429664612,1,64,0,1,0.8392857142857143,0,367.203125,0,0.1,0.796875,0.0,0,0.25471219420433044,0.3545060157775879,0,0.0,,7,1,,233.96309280395508,0,0,1,0.10092857480049133,57,,0,,0.03837743739116024,1.0319665864850296,0,,,0.22068583965301514,0.0,0.1194935292005539,0.06545860426766532,0.015625,337.0,0.001,0,97,0.8,0.09775767475366592,354.0,0,,0.003235742449760437,0,66.73162603378296,0,1,1.0,4,,1,0,0,62753,0.011514863930642605,0,1,-0.002897585742175579,1.1572099924087524,3.5625,,0.2718099057674408,512.0,0.5263158082962036,0,10018,128.29248046875,0.3321540211506326,,,0.109375,0,0.11831474304199219,0.1271778792142868,0.011514863930642605,0,0,,,0.22068583965301514,1,4,,0.22068583965301514,0,249.3856651559472,0.11481644691160411,,0.3255513533949852,16,1,0.6643080423012652,4,0,0.09383066836744547,,10.0,0.1177898645401001,,251.65139287679455,7,512.0,1024,0.796875,0.0,26637.639140771,0.4631388785611896,1024,-0.002650102134793997,0,354.0,0.109375,,2.2533450946211815,,,1.4638471603393555,2.0,-0.06017383839935064,2.422350663691759,1,1,,16,0.027569491416215897,0,251033,57,0.2810980585653471,26.405211083243632,0,0,0,0,101.806640625,1.0,64,0,2,0.4375,14,0.0,0.4982815384864807,,0.550362229347229,,-2.2677807807922363,0,0.18367346938775514,,-0.023505212739109993,0.109375,,,,0,0.0,0.18201471865177155,3555.1875,0,-2.2677807807922363,,0.06545859788145338,1544.5,-0.023505212739109993,,0,0,47954,1,0,,0,7,,249.3856651559472,0.18201471865177155,0.0,0.564795583486557,,,,0.535345196723938,57,0,28361,0,,,-2.2677807807922363,-0.057276252657175064,0.7719298005104065,16.0,0.796875,0.16932992121616883,64,2.0,0,7,1,26.55464660083767,,0,0.04151013866066933,,1,7,26.405211083243632,0,0.8163265306122448,,1.1221152544021606,32,1.2,,0.5621961171306942,0,0.11481644691160411,0.06545859788145338,50,,,,1e-06,1769643824.071211,-0.02790866792201996,0,,,0,0.25471222400665283,504
0,32.0,8,4,1.0768744312226772,8,0.0,56,1,0,0,0.625,1,1024,0.7678571343421936,3.5,,1.0,,5.745649337768555,,0,0.796875,,0.0026630668435245752,,0,0.4827350676059723,0.2012397798140115,8.540099959820509,0.7475613951683044,0.02,0,,0,1,1.0690429210662842,0.88427734375,0.6155768036842346,32,1.1369707308444035,0.0,0,0.5,0.3144015120350151,53005,0.0,,518,0,0.109375,1,0,,,,,98,0.8017821907997131,4,0.00963583387588334,,0,0.00046577737866492294,1024,0.5,195.37821827456355,77211,4,275,0.6155768036842346,,,53003.5,,,0,1,0.747561514377594,1,64,0,1,0.796875,0,331.0,0,0.1,0.796875,0.0,0,0.747561514377594,0.325185626745224,0,4.805129449891865e-08,,8,1,,234.35863876342773,0,0,1,0.09875132516026497,56,,0,,0.04028083032167927,1.0238338745195386,0,,,0.24278141558170319,0.0,0.14331574738025665,0.03563472032546997,0.015625,304.26666666666665,0.001,0,98,0.8,0.11278624832630157,478.0,0,,0.002003677189350128,0,66.73162603378296,1,1,1.0,4,,1,0,0,53002,0.00833202339708805,0,1,0.0,0.9668174386024475,3.5,,0.18346130847930908,512.0,0.3928571343421936,0,8909,126.8408203125,0.3298320335273203,,,0.125,0,0.1424800604581833,0.1528654545545578,0.00833202339708805,0,0,,,0.242781400680542,0,4,,0.24278141558170319,0,208.58776419609785,0.1202917575958149,,0.33899063989520073,16,0,0.6596640670546406,4,0,0.018183667212724686,,10.0,0.07387445867061615,,254.1064678663043,8,512.0,1024,0.796875,0.0,26954.364192591,0.4399819346331301,1024,-0.0015878368867561221,0,478.0,0.125,,2.0429316833615303,,,1.0690429210662842,2.0,-0.0334075503051281,2.2540304623544216,1,1,,16,0.026892635971307755,0,212014,56,0.2786502979886475,26.715129563232505,0,0,0,0,101.806640625,1.0,64,0,1,0.5,15,0.0,0.5579249262809753,,0.6155768036842346,,-1.4638471603393555,0,0.23214285714285712,,-0.03212915360927582,0.125,,,,0,0.0,0.0,2981.71875,0,-1.4638471603393555,,0.03563473622004191,1560.5,-0.03212915360927582,,0,0,19108,1,0,,0,8,,208.58776419609785,0.0,0.0,0.747561514377594,,,,0.5830631256103516,56,0,58103,0,,,-1.4638471603393555,-0.0334075503051281,0.7678571343421936,16.0,0.796875,0.16384286271208948,64,2.0,0,8,1,26.424580988242937,,0,0.04656394571065903,,1,8,26.715129563232505,0,0.7678571428571429,,1.137510061264038,32,1.2,,0.557300595977295,0,0.1202917575958149,0.03563473622004191,51,,,,1e-06,1769644032.6701336,-0.03513132408261299,0,,,0,0.7475616931915283,420
